title,url,topic,inferred_keyword,intent,headings,word_count,internal_links,published
LDCloud Review 2026: Is This Gaming Cloud Phone Safe for Marketing?,https://gologin.com/blog/ldcloud-review/,cloud-phone,ldcloud is this gaming cloud phone,commercial,What is LDCloud?|Why Marketers Try LDCloud (And Why It’s a Massive Ban Risk)|Core Features: How I Tested LDCloud|LDCloud Pricing: Usual Tier Maze|Pros and Cons of LDCloud|LDCloud vs. Gologin Cloud Android: Gaming Emulator vs. Business Anti-Detect|Final Verdict: Should You Use LDCloud for Social Media & Business?|Frequently Asked Questions (FAQ)|Streaming Quality & Server Performance|Fingerprint Test Before Proxy Setup|Fingerprint Test After Proxy Setup|Pros|Cons|Can I use LDCloud for TikTok account farming?|Is LDCloud free to use?|What is the best LDCloud alternative for social media marketing?,2130,/blog/how-to-pass-iphey|/blog/how-to-pass-pixelscan|/blog/multiple-social-media-accounts|/blog/redfinger-android-cloud-review|/blog/vsphone-review,2026-08-11
BitCloudPhone Review 2026: Hands-On Tests & Best Alternative,https://gologin.com/blog/bitcloudphone-review/,cloud-phone,bitcloudphone hands on tests best alternative,comparison,What is BitCloudPhone?|My Honest Review of BitCloudPhone|What Customers Say About BitCloudPhone|BitCloudPhone: Pros and Cons|BitCloudPhone vs Gologin Cloud Android|Final Verdict|Frequently Asked Questions|Cloud Phone Performance|Proxy Setup|RPA and Syncronizer|Device Control and Environment Tools|Pricing|Ease of Use|Is BitCloudPhone free?|Does BitCloudPhone work for TikTok and Instagram?|What is the best alternative to BitCloudPhone for marketers?,2041,,2026-08-06
UgPhone Review 2026: Is This Gaming Cloud Phone Safe for Marketing?,https://gologin.com/blog/ugphone-review/,cloud-phone,ugphone is this gaming cloud phone,commercial,What is UgPhone?|Why Marketers Use Gaming Cloud Phones (And Why It’s a Massive Risk)|Core Features: How I Tested UgPhone|UgPhone Pricing: The Usual Tier Maze|Pros and Cons of UgPhone|UgPhone vs. Gologin Cloud Android: Gaming Emulator vs. Business Anti-Detect|Final Verdict: Should You Use UgPhone for Social Media & Business?|Frequently Asked Questions (FAQ)|Sign Up Issue|Game Store & the APK Center|Streaming Quality|Proxy Setup & Fingerprint Testing|Pros|Cons|Can I use UgPhone for TikTok account farming?|Is UgPhone free?|How do I set up a proxy in UgPhone?|What is the best UgPhone alternative for social media marketing?,2095,/blog/account-restricted|/blog/how-to-avoid-ip-blocking|/blog/multiple-tiktok-accounts,2026-08-06
VSPhone Review 2026: Can You Use This Gaming Cloud Phone for Marketing?,https://gologin.com/blog/vsphone-review/,cloud-phone,vsphone can you use this gaming,commercial,What is VSPhone?|Why Marketers Are Tempted by Gaming Cloud Phones|Core Features: How I Tested VSPhone|VSPhone Pricing: Is It Worth the Risk?|Pros and Cons of VSPhone|VSPhone vs. Gologin Cloud Android: Gaming Cloud Phone vs. Marketing Anti-Detect|Final Verdict: Should You Use VSPhone for Business?|Frequently Asked Questions (FAQ)|1. Gaming Performance & Stream Quality|2. Proxy Setup & Anonymity Testing|3. Interface and English Support|Pros|Cons|Can I use VSPhone for TikTok account farming?|Is VSPhone a real Android device or an emulator?|What is the best alternative to VSPhone for social media marketing?,1783,/blog/multi-account-browser|/blog/what-is-fingerprint-browser-top-choices,2026-08-03
"Gologin in July: ISP Proxies, a New Android Experience, and Chromium 148",https://gologin.com/blog/gologin-in-july/,proxies,gologin in july isp proxies a,product-update,ISP Proxies: Dedicated IPs Built into Gologin|Android: Redesigned Interface and Faster Profile Launches|Desktop & Web: Practical Improvements|What Should We Improve Next? It's Up to You,582,/blog/dolphin-anty-vs-gologin,2026-07-31
"VMOS Cloud Phone Review: Pricing, AI Agent & Alternative in 2026",https://gologin.com/blog/vmos-cloud-review/,cloud-phone,vmos cloud phone pricing ai agent,comparison,"What Is VMOS Cloud?|VMOS Ecosystem: VMOS Android vs VMOS Cloud vs VMOS Cast|Core Features: How We Tested VMOS Cloud|VMOS Cloud Pricing: Understanding the Complex Matrix|Customer Reviews on VMOS Cloud|VMOS Cloud vs Gologin Cloud Android: Which Is Better for Marketing?|Final Verdict: Should You Use VMOS Cloud?|Frequently Asked Questions|User Experience|Device Launch Time, Specs & Performance|Proxies Support|Automation Features|High-End Real Machines & Google CTS Certification|Feature Comparison|Is VMOS Cloud safe for TikTok?|What is the difference between VMOS Standard and High-end machines?|Does Gologin charge separately for Cloud Android phones?|What is the best VMOS Cloud alternative for marketers?",2752,,2026-07-30
Redfinger Android Cloud Review 2026: Is It Good for Marketing?,https://gologin.com/blog/redfinger-android-cloud-review/,cloud-phone,redfinger android cloud is it good,commercial,What is Redfinger Android Cloud?|Core Features: How I Tested Redfinger|Redfinger Pricing Tiers|Pros and Cons of Redfinger|Redfinger vs. Gologin Cloud Android: Gaming Emulator vs. Business Anti-Detect|Final Verdict: Who is Redfinger For?|Frequently Asked Questions (FAQ)|Dashboard|Platform Availability and OS Versions|Stream Performance and Latency|Anti-Detect and Proxy Capabilities|Pros|Cons|Can I use Redfinger for TikTok account farming?|Does Redfinger offer a free trial?|How do I set up a proxy in Redfinger?|What is the best alternative to Redfinger for multi-accounting?,2519,/blog/how-to-pass-iphey|/blog/how-to-pass-pixelscan|/blog/vmos-cloud-review,2026-07-27
Multilogin Cloud Phone Review: Is the Premium Price Worth It?,https://gologin.com/blog/multilogin-cloud-phone-review/,cloud-phone,multilogin cloud phone is the premium,commercial,What is Multilogin Cloud Phone?|Core Features: How I Tested Multilogin’s Cloud Devices|Multilogin Pricing: The Cost of Enterprise Cloud Farming|Pros and Cons of Multilogin Cloud Phone|Multilogin vs. Gologin Cloud Android: Which Provides Better Value?|Final Verdict|Frequently Asked Questions (FAQ)|Interface and Unique Features|Streaming Performance|Fingerprint Security|Pros|Cons|Is there a free trial for Multilogin Cloud Phone?|Does Multilogin support remote iOS profiles?|What is the best Multilogin alternative in 2026 for cloud phones?,1896,/blog/best-antidetect-browsers|/blog/multilogin-chrome-browser|/blog/what-is-an-ip-leak,2026-07-22
MoreLogin Cloud Phone Review: An Honest Comparison 2026,https://gologin.com/blog/morelogin-cloud-phone-review/,cloud-phone,morelogin cloud phone an comparison,comparison,What is MoreLogin Cloud Phone?|Core Features: How I Tested MoreLogin|MoreLogin Cloud Phone Pricing: What Does It Really Cost?|Pros and Cons of MoreLogin|MoreLogin vs. Gologin Cloud Android: Which is the Better Choice?|Final Verdict: Should You Switch?|Frequently Asked Questions (FAQ)|Cloud Phone Setup|Interface and Device Launch Speed|The Synchronizer Tool|Proxy Setup & Security Checks|Pros|Cons|Is MoreLogin Cloud Phone free?|Does MoreLogin support iOS devices?|How does MoreLogin Synchronizer work?|What is the best alternative to MoreLogin Cloud Phone?,2918,/blog/device-fingerprinting|/blog/how-to-pass-iphey|/blog/how-to-pass-pixelscan|/blog/morelogin-browser-alternative|/blog/vmos-cloud-review,2026-07-21
"Duoplus Cloud Phone Review: Tests, Pricing & Best Alternative 2026",https://gologin.com/blog/duoplus-cloud-phone-review/,cloud-phone,duoplus cloud phone tests pricing best,comparison,"What Is DuoPlus|DuoPlus Core Features|DuoPlus Pricing|Overall Verdict on DuoPlus|DuoPlus vs Gologin Cloud Android|Frequently Asked Questions|UI and Ease of Use|Performance and Lag|RPA, Syncronization, API & DuoAI|Proxy Setup and Security|Proxy Setup|Pricing Comparison|Launch Speed and Lag|Is DuoPlus safe for TikTok farming?|Is there a free trial for DuoPlus cloud phone?|Does DuoPlus include SMS verification inside the cloud phone?|Why do some users say DuoPlus pricing is confusing?|What is the best DuoPlus alternative right now?",2311,/blog/geelark-review,2026-07-20
"Geelark Review 2026: Pricing, Cloud Phones & Best Alternatives",https://gologin.com/blog/geelark-review/,cloud-phone,geelark pricing cloud phones best alternatives,comparison,Geelark Cloud Phone vs. Geelark Browser Profiles|Feature Overview: Geelark|Profile Creation|Cloud Phone Management|Applications & Automation|Team Management|Geelark Pricing & Free Trial in 2026: Is It Actually Free?|Drawbacks of Geelark: What to Consider Before Buying|Reputation & Customer Support|Best Geelark Alternatives for Cloud Farming|How Does GeeLark Compare to Cloud Phone by Gologin?|FAQ|AI Automation & RPA in 2026|Predictable Flat-Rate Pricing vs. Minute-by-Minute Anxiety|Native Proxy Ecosystem and Seamless Fingerprinting|Workflow Management and Ecosystem Stability|Is Geelark free to use?|Does Geelark support iOS (iPhone) cloud profiles?|Are there any runtime limits on Geelark Cloud Phones?|What is the difference between Geelark and a standard antidetect browser?|What is the best Geelark alternative for cloud phone farming?|Read other posts about Reviews of browsers:,2739,/blog/accovod-vs-gologin|/blog/adspower-browser-vs-gologin|/blog/aezakmi-browser-vs-gologin-honest-review|/blog/antidetect-browser-review|/blog/antikbrowser-vs-gologin-review|/blog/aqum-browser-vs-gologin-honest-review|/blog/best-proxy-browser|/blog/best-remote-access-software|/blog/best-virtual-browser|/blog/bitbrowser-review|/blog/camoufox-vs-gologin-honest-review|/blog/che-browser-vs-gologin|/blog/dicloak-online-browser|/blog/dolphin-anty-vs-gologin|/blog/fingerprintswitcher-a-worthwhile-alternative-to-anti-detect-browsers|/blog/genlogin-browser-alternative-honest-review-2024|/blog/gologin-vs-browserjet-review|/blog/gologin-vs-hidemium-which-one-is-better|/blog/gologin-vs-identory|/blog/gologin-vs-maskfog-review|/blog/gologin-vs-switch-antidetect|/blog/gologin-vs-swspybrowser-review|/blog/gologin-vs-yunlark-review|/blog/hidemyacc-browser-alternative-honest-review|/blog/how-to-run-multiple-youtube-accounts|/blog/hydraheaders-browser-tool-review|/blog/incogniton-vs-gologin|/blog/indigo-browser-vs-gologin-honest-comparison|/blog/insomniac-browser-review|/blog/kameleo-browser-alternative-review|/blog/lalicat-browser-vs-gologin-honest-review|/blog/lauth-vs-gologin-honest-review|/blog/linken-sphere-browser-alternative-review|/blog/logii-browser-vs-gologin-honest-review|/blog/loginways-vs-gologin-honest-review|/blog/marketerbrowser-vs-gologin-review|/blog/masq-antidetect-vs-gologin-honest-review|/blog/morelogin-browser-alternative|/blog/mulogin-vs-gologin-honest-review|/blog/multibrowser-review|/blog/multilogin-chrome-browser|/blog/multiple-social-media-accounts|/blog/nstbrowser-vs-gologin-honest-review|/blog/octo-browser-gologin|/blog/rebrowser-vs-gologin-honest-review|/blog/roxybrowser-vs-gologin-review|/blog/session-box-vs-gologin|/blog/surfinite-vs-gologin-honest-review|/blog/ultimate-orb-vs-gologin-review|/blog/undetectable-browser-vs-gologin|/blog/vision-browser-review|/blog/vmlogin-browser-alternative-honest-review-2024|/blog/vmmask-anti-detect-browser|/blog/vmos-cloud-review|/blog/wade-browser-review|/blog/x-browser-alternative-review-2023|/blog/xlogin-vs-gologin-review|/blog/xpass-browser-alternative,2026-07-08
How to Pass Every BrowserScan Fingerprint Test: All You Need to Know,https://gologin.com/blog/how-to-pass-every-browserscan-fingerprint-test/,browser-fingerprinting,how to pass every browserscan fingerprint,how-to,What is BrowserScan and How Does It Audit Your Fingerprint?|Who Needs to Manage Their Fingerprint (and Why)?|Why Basic Anti-Fingerprinting Tricks Fail Against Websites|A Demonstration Using BrowserScan|Step-by-Step: How to Pass BrowserScan Using Gologin|FAQs|What is a BrowserScan check used for?|Can a standard VPN pass the BrowserScan test?,1811,/blog/best-antidetect-browsers-for-affiliate-marketing|/blog/how-to-pass-iphey|/blog/how-to-pass-pixelscan|/blog/test-drive-of-captcha-solving-services|/blog/what-is-antidetect-browser|/blog/what-is-canvas-fingerprinting|/blog/what-is-fingerprint-browser-top-choices,2026-07-06
"Gologin in June: Orbita 148, Profile Improvements, and an Updated SDK",https://gologin.com/blog/gologin-in-june/,product-updates,gologin in june orbita 148 profile,product-update,Profiles and Proxies: Faster and Easier to Manage|Cloud Android: Better Scalability|Cloud Browser: More Flexibility|New Installer for macOS and Linux|Orbita 148: More Natural Fingerprinting|Android: Improved Stability|Node.js SDK 2.2.9: Improvements for Developers|What Should We Improve Next?,662,/blog/multilogin-cloud-phone-review,2026-07-01
How to Pass CreepJS: Bypassing Advanced Fingerprint Lie Detection,https://gologin.com/blog/how-to-pass-creepjs/,browser-fingerprinting,how to pass creepjs bypassing advanced,how-to,"What is CreepJS, And Why is it The Hardest Test To Pass?|Why and Who Needs Device Fingerprints for Work?|Why Basic Anti-Fingerprinting Fails CreepJS|Step-by-Step: How to Pass CreepJS and Eliminate Lie Flags Using Gologin|FAQs|What is a prototype lie in a CreepJS check?|Can regular browser automation tools pass the CreepJS test?",1635,/blog/anti-fingerprinting-browser|/blog/browser-fingerprint|/blog/browser-fingerprint-spoofing-how-to-prevent-tracking|/blog/how-to-pass-iphey|/blog/how-to-pass-pixelscan,2026-07-01
10 Most Secure Browsers for 2026: Expert Review & Security Analysis,https://gologin.com/blog/best-secure-browsers/,privacy,10 most secure browsers for expert,commercial,"TOP 10 Best Secure Browsers for 2026|What Defines a Truly Secure Browser? (Security vs. Privacy)|Top 10 Most Secure Browsers: Ranked by Protection Level|Understanding Browser Fingerprinting: The New Frontier of Security|Performance & Usability Trade-offs|Conclusion: Which Secure Browser Should You Choose?|Frequently Asked Questions|Feature Comparison: Core Security & Privacy|1. Gologin: Best for Advanced Identity Security & Fingerprint Protection|2. Brave: Best for Out-of-the-Box Shielding|3. Firefox: The Best All-Rounder for Security Customization|4. Mullvad Browser: Best for Anti-Tracking Rigor|5. Tor Browser: The Gold Standard for Network Anonymity|6. Chrome: Fast Security Updates, but Privacy Concerns|7. Microsoft Edge: Strong Enterprise-Grade Security|8. Vivaldi: Customizing Security|9. Waterfox: Alternative Engine and Privacy|10. Bromite (for Android)|💡 Expert Tip|What is the most secure browser for personal data?|What is the most secure browser for Windows in 2026?|What is the most secure browser for Mac in 2026?|Does incognito/private mode make my browser secure?|What is browser fingerprinting and how do I stop it?|Is encrypted browsing the same as using a VPN?|What should I do if I visit a suspicious site?",3598,/blog/what-is-a-webrtc-leak|/blog/what-is-fingerprint-browser-top-choices,2026-06-28
Os 7 melhores navegadores com proxy para o dia a dia em 2026,https://gologin.com/blog/best-proxy-browsers-2/,proxies,os 7 melhores navegadores com proxy,informational,O que são navegadores proxy?|É possível usar navegadores normais com proxies?|Como funcionam os navegadores proxy|Os 7 melhores navegadores com proxy e aplicações de proxy baseadas na Web|FAQ|1. Gologin - O melhor navegador com proxy em geral|2. 1Browser - A melhor opção de navegador com proxy gratuito|3. Navegador Epic Privacy|4. Navegador Brave com VPN integrada|5. Decodo X-Browser (para utilizadores do Decodo)|6. Proxyium|7. CroxyProxy|What is a proxy browser?|Are proxy browsers secure?|Proxy browser vs VPN—which is better?|Can I use a proxy browser for streaming?|Can a proxy browser hide my location reliably?|How to choose a proxy browser for multi-accounting or business use?,2778,/blog/best-browser-for-privacy|/blog/how-to-use-a-proxy-server|/blog/multiple-google-play-developer-accounts|/blog/multiple-social-media-accounts|/blog/what-is-an-ip-leak,2026-06-25
How to Pass BrowserLeaks Fingerprint Tests Successfully,https://gologin.com/blog/how-to-pass-browserleaks/,browser-fingerprinting,how to pass browserleaks fingerprint tests,how-to,What is BrowserLeaks and How Does It Work?|Why and Who Needs Device Fingerprints for Work?|Why &#8220;Noise Builders&#8221; Fail BrowserLeaks|Step-by-Step: How to Pass BrowserLeaks Audits Using Gologin|FAQs|Who Changes Their Device Fingerprints?|How BrowserLeaks Detected Me (& Can Detect You As Well)|How to Pass BrowserLeaks Test Using Gologin|What is a BrowserLeaks check used for?|Why does a standard VPN fail a BrowserLeaks test?,1564,/blog/anonymous-web-browser|/blog/best-antidetect-browsers|/blog/browser-fingerprint|/blog/browserleaks-review-fingerprint-testing|/blog/how-to-pass-iphey|/blog/how-to-pass-pixelscan|/blog/what-is-canvas-fingerprinting,2026-06-19
How to Pass Pixelscan Browser Fingerprint Checks Every Time,https://gologin.com/blog/how-to-pass-pixelscan/,browser-fingerprinting,how to pass pixelscan browser fingerprint,how-to,What is Pixelscan and How Does It Check Your Anonymity?|Why Websites Perform Fingerprint Checks|Who Needs to Mask Device Fingerprints for Work?|Why Traditional Tools Fail Pixelscan Test|How Gologin Ensures a Consistent Pixelscan Status|FAQs|What causes an Inconsistent flag on a Pixelscan check?|Can a standard VPN pass the Pixelscan test?,1628,/blog/best-antidetect-browsers|/blog/browser-fingerprint-spoofing-how-to-prevent-tracking|/blog/what-is-a-user-agent|/blog/what-is-canvas-fingerprinting|/blog/what-is-fingerprint-browser-top-choices,2026-06-15
How to Pass Iphey Browser Fingerprint Check,https://gologin.com/blog/how-to-pass-iphey/,browser-fingerprinting,how to pass iphey browser fingerprint,how-to,"What is the Iphey Test and How Does It Work?|Who Uses Device Fingerprints, and Why?|Why Traditional Tools Fail the Iphey Check|Iphey Detects Most Antidetect Browsers by Name|How to Pass Iphey Browser Fingerprint Check Using Gologin|FAQs|Users Who Change Their Device Fingerprints|Multi Accounting Made Easier Through Gologin|What is the main cause of failing an Iphey check?|Can a standard VPN help me pass the Iphey test?",1896,/blog/adspower-browser-vs-gologin|/blog/best-antidetect-browsers|/blog/device-fingerprinting|/blog/dolphin-anty-vs-gologin|/blog/morelogin-browser-alternative|/blog/multi-account-browser|/blog/multilogin-chrome-browser|/blog/multiple-amazon-accounts|/blog/octo-browser-gologin,2026-06-12
Browser Timezone Spoofing: How to Prevent Location Leaks,https://gologin.com/blog/what-is-timezone-spoofing-avoid-account-bans-safely/,browser-fingerprinting,browser timezone spoofing how to prevent,how-to,What Is Timezone Spoofing?|Why Browser Timezone Spoofing Matters in Browser Fingerprinting?|Who Uses Timezone Spoofing and Why?|Why Basic IP & Timezone Spoofing Isn’t Enough|How to Spoof Browser Timezone with Antidetect Browsers|How Gologin Antidetect Browser Spoofs Your Timezone|Frequently Asked Questions|UTC vs DST|What is timezone spoofing?|Can a VPN alone fix a browser timezone leak?|Why is browser timezone spoofing important for anti-detect use?|Does a timezone mismatch reveal my real IP address?|Should I spoof a UTC offset or a real IANA timezone?|Is timezone spoofing enough on its own?,1910,/blog/0detect-review|/blog/how-to-pass-iphey,2026-06-11
BrowserLeaks Review 2026: The Ultimate Guide to Fingerprint Testing,https://gologin.com/blog/browserleaks-review-fingerprint-testing/,browser-fingerprinting,browserleaks the to fingerprint testing,commercial,What is BrowserLeaks and How Does It Work in 2026?|Deep-Dive: Key BrowserLeaks Tests You Must Run|Technical Mapping Matrix: BrowserLeaks Tests vs. Gologin Protection|Passing the BrowserLeaks Test: Blocking vs. Spoofing|BrowserLeaks FAQ|Conclusion: BrowserLeaks Is the Test. Gologin Is the Answer.|The Evolution from IP Checker to Fingerprint Lab|Why Regular Checkers Miss the Mark|IP Address & WebRTC Leak Test|Canvas & WebGL Fingerprinting|Font Detection & AudioContext|The 2026 Update: TLS (JA3/JA4) and HTTP/2 Fingerprinting|Why Blocking Fails and Backfires|Why Spoofing Works: Blending Into the Crowd|1. What is the main purpose of a BrowserLeaks test?|2. Does a premium VPN protect against BrowserLeaks WebRTC detection?|3. What is a JA3/JA4 fingerprint on BrowserLeaks?|4. Why does my browser show a &#8220;unique&#8221; Canvas fingerprint?|5. How can an anti-detect browser like Gologin fake BrowserLeaks results safely?,4326,/blog/anti-fingerprinting-browser|/blog/what-is-canvas-fingerprinting,2026-06-10
What is a User Agent? Complete Guide 2026 & Browser Checker,https://gologin.com/blog/what-is-a-user-agent/,browser-fingerprinting,what is a user agent browser,informational,What is a User Agent?|What is My User Agent Right Now?|Why and Who Manages Different User Agents?|Why User-Agent Changers Get You Banned|Manage User Agents Natively via Gologin|FAQs|Components of a User Agent|1. Use a Simple Search Engine Query|2. Check the Browser Console Directly|3. Run a Browser Fingerprint Check using Iphey|What is a user agent?|Can I safely change my browser user agent with an extension?,1725,/blog/account-restricted|/blog/anti-fingerprinting-browser|/blog/multiple-social-media-accounts|/blog/what-is-fingerprint-browser-top-choices,2026-06-04
"Gologin in May: Cloud Android, AI Assistant and Android App Updates",https://gologin.com/blog/gologin-in-may/,product-updates,gologin in may cloud android ai,product-update,"Android: Proxies, Languages and Account Management|Cloud Android, AI Assistant and Web Updates|That's May",555,,2026-06-02
What is a WebGL Fingerprint? How to Block Tracking Safely,https://gologin.com/blog/ultimate-guide-to-webgl-fingerprint/,browser-fingerprinting,what is a webgl fingerprint how,how-to,What is WebGL Fingerprint?|What is WebGL Fingerprint Leak?|How Does WebGL Fingerprinting Work?|Why Websites Track WebGL Fingerprints?|Common Ways to Mask WebGL Fingerprint|The Safest Way to Spoof WebGL Fingerprint|How to Test a WebGL Fingerprint?|WebGL Fingerprinting FAQ|Final Thoughts|WebGL Fingerprint vs Browser Fingerprint|1. Disable WebGL From Browser Settings|2. Using WebGL Blocker Extensions|3. Randomizing WebGL Output|How Gologin Randomizes WebGL Fingerprint|What is a WebGL fingerprint?|What is WebGL fingerprint tracking used for?|Does a WebGL fingerprint defender extension work?|How do I run a WebGL fingerprint test?|Can a proxy hide my WebGL fingerprint?No.|Is WebGL fingerprinting illegal?|Should I disable WebGL completely?,2263,/blog/browser-fingerprint-spoofing-how-to-prevent-tracking|/blog/how-to-pass-iphey|/blog/webgl-canvas-fingerprinting|/blog/what-is-a-user-agent,2026-06-01
What is Geolocation Spoofing? How to Change Location Safely,https://gologin.com/blog/guide-to-geolocation-spoofing/,general,what is geolocation spoofing how to,how-to,How Is Geolocation Determined?|What is Geolocation Spoofing?|Why Do People Use Geolocation Spoofing?|How Websites Track Your Geolocation|VPNs and Proxies Are Not Enough for Geolocation Spoofing|Best Ways to Spoof Your Geolocation: Antidetect Browsers|Common Geolocation Spoofing Mistakes|Final Thoughts|Frequently Asked Questions|1. IP Geolocation|2. HTML5 Geolocation|3. Time Zone|4. Language and Locale|5. Browser Fingerprinting|What is geolocation spoofing?|Can websites detect geolocation spoofing?|Is a VPN enough for geolocation spoofing?|What is the difference between IP geolocation and HTML5 geolocation?|Why do accounts get banned even after using a proxy?|Which tools should I use to test geolocation spoofing?|Is geolocation spoofing legal?|Does Gologin hide my real location?,2289,/blog/browser-fingerprint-spoofing-how-to-prevent-tracking|/blog/how-to-pass-iphey|/blog/what-is-a-user-agent,2026-05-28
What Is a Digital Footprint? Examples & How to Delete It,https://gologin.com/blog/what-is-a-digital-footprint/,general,what is a digital footprint examples,how-to,What Is a Digital Footprint?|Types of Digital Footprints|How Digital Footprints Are Created|How Do You Leave Digital Footprints?|The Role of Data Collection in Your Digital Footprint|Real World Digital Footprint Examples|Real Case Of Digital Footprint Effect on Life|Managing and Minimizing Your Digital Footprint|Ways & Tools to Reduce Your Digital Footprint|Moving from Defense to Control: The Anti-Detect Approach|How to use Gologin Antidetect Browser?|Recap on What Is a Digital Footprint|FAQ|1. Passive Digital Footprints|2. Active Digital Footprints|Active vs. Passive Digital Footprint: The Core Differences|1. Online Shopping|2. Online Banking|3. Social Media|4. Reading the News|5. Health and Fitness|What Is a Digital Footprint and How Can You Manage It?|Why Standard Privacy Tools Fail:|How Gologin Is Used By Businesses|1. Can a digital footprint be completely deleted?|2. What is an example of a passive digital footprint?|3. Who can look at your digital footprint?|4. Does Incognito mode stop your digital footprint?|Read other posts about fingerprinting:,4167,/blog/anti-fingerprint-browser-list-2023|/blog/anti-fingerprinting-browser|/blog/best-cookie-editor|/blog/best-secure-browsers|/blog/buy-ebay-seller-accounts|/blog/device-fingerprinting|/blog/device-fingerprinting-in-web-scraping|/blog/webgl-canvas-fingerprinting|/blog/what-is-browser-fingerprinting|/blog/what-is-canvas-fingerprinting,2026-05-27
"What Is a DNS Leak? Mechanics, Detection & Prevention",https://gologin.com/blog/what-is-a-dns-leak/,general,what is a dns leak mechanics,informational,1. How DNS Resolution and Proxy Routing Work|2. How DNS Queries Bypass the Intended Path|3. Disambiguating Leak Types: DNS vs. WebRTC vs. WebSockets vs. TLS|4. How Websites Detect DNS Leaks (Authoritative Correlation)|5. Mitigating DNS Leaks & Gologin Architecture|FAQ: DNS Leaks & Network Isolation|Local vs. Remote Proxy DNS Resolution|Windows Smart Multi-Homed Name Resolution (SMHNR)|Dual-Stack IPv4 and IPv6 Routing Behaviors|Fallback Resolvers and Secure DNS (DoH / DoT)|Practical Leak-Path Comparison|Best Practices for DNS Isolation|DNS Handling in Gologin Profile Architecture|Test Your Network Isolation for Free|1. What is the primary cause of a DNS leak?|2. Does DNS-over-HTTPS (DoH) prevent DNS leaks?|3. Why is country matching an unreliable leak indicator?|4. How can I test if my browser is leaking DNS requests?,1646,,2026-05-26
What is an IP Leak? How to Test & Prevent It in 2026,https://gologin.com/blog/what-is-an-ip-leak/,browser-fingerprinting,what is an ip leak how,how-to,The Mechanics: What Factors Influence an IP Leak?|How to Perform an IP Leak Test|How to Prevent Your IP from Leaking|How to avoid IP leaks with Gologin?|Frequently Asked Questions|TL;DR:|WebRTC Leaks (The Most Common &#8220;Browser Leak IP&#8221; Cause)|DNS Leaks|IPv6 Leaks|HTTP Referer and JavaScript Fingerprinting,1575,/blog/anti-fingerprinting-browser|/blog/what-is-canvas-fingerprinting,2026-05-26
Why Is My Amazon Account Suspended? Here’s What You Can Do in 2026,https://gologin.com/blog/why-is-my-amazon-account-suspended/,ecommerce,why is my amazon account suspended,troubleshooting,"What Triggers an Amazon Account Suspension?|Why was my Amazon seller account suspended without warning?|How long does it take to get an Amazon seller account reinstated?|What's the difference between suspended, denied, and banned Amazon accounts?|What Are the Consequences When an Account Gets Suspended?|How Can Amazon Sellers Restore Their Accounts?|How to Avoid Amazon Account Suspensions?|Running Multiple Amazon Accounts with Gologin|Conclusion|FAQs|Having multiple Amazon accounts|Account suspension types|Laying the groundwork|Writing the appeal letter|Awaiting the outcome|Proxies|Separate devices|Anti-detect browsers|Creating profiles|Connecting profiles to Amazon accounts|Stopping profiles|1. Can I create a new Amazon seller account after being permanently suspended?|2. How do I find out exactly why my account was suspended and what are the first steps?|How do I appeal a suspension and what should my appeal include?|4. How long will Amazon take to respond? Will appeals work?|5. Can I open a new Amazon account if mine was suspended?|Read other posts about account suspended:",3200,/blog/banned-from-facebook|/blog/ebay-account-suspended|/blog/etsy-account-suspended|/blog/facebook-account-restricted|/blog/facebook-ad-account-disabled|/blog/multiple-amazon-accounts|/blog/multiple-ebay-accounts|/blog/reddit-account-suspended|/blog/shadowbanned-on-tiktok|/blog/technical-comparison-of-the-top-10-residential-proxy-providers|/blog/twitter-account-suspended|/blog/what-instagram-account-can-be-banned|/blog/why-is-my-coinbase-account-restricted|/blog/why-is-my-instagram-account-suspended|/blog/why-is-my-tiktok-account-suspended|/blog/why-was-my-tiktok-account-banned,2026-05-20
Yunlogin Review 2026: A Budget Browser or a Risk to Your Accounts?,https://gologin.com/blog/reviews-browsers/yunlogin-review/,general,yunlogin a budget browser or a,commercial,"Yunlogin at First Glance|Yunlogin: App’s Review and Features|Yunlogin’s Profiles and Fingerprinting|Yunlogin Pricing|Yunlogin Features: RPA, API, proxies, and AI agent|Yunlogin vs Gologin Comparison|Final Thoughts",2203,/blog/how-to-pass-iphey|/blog/what-is-timezone-spoofing-avoid-account-bans-safely,2026-05-18
"Zhanfu Browser Review 2026: Features, Proxies & Best Alternatives",https://gologin.com/blog/zhanfu-browser-review/,proxies,zhanfu browser features proxies best alternatives,comparison,What is Zhanfu Browser?|Zhanfu Browser Key Features|Supported E-Commerce Stores & Restricted Websites|Zhanfu Browser Pricing|Gologin: A Better Zhanfu Alternative|1. Device Simulation|2. Multi-regional Proxies|3. Zhanfu Cloud VPS Environments|4. Operating Systems|5. Store access roles|6. Account security monitoring|7. Cloud Phone Numbers|8. User Agent Customization,1332,/blog/account-restricted|/blog/anti-fingerprinting-browser,2026-05-18
What Instagram Account Can be Banned For? How to Avoid & Restore in 2026,https://gologin.com/blog/what-instagram-account-can-be-banned/,multi-accounting,what instagram account can be banned,how-to,Why My Instagram Account Was Deactivated? Possible Reasons|How to Appeal Instagram Ban? Step-by-Step Process|What should I do if my Instagram ban appeal is denied?|4 Tips for Avoiding Instagram Bans in The Future|Can I create a new Instagram account after being permanently banned?|Put an End to Instagram Account Suspensions with Gologin|FAQs|1. Violating Community Guidelines|2. Automation|3. Pretending to Be Someone Else|4. Copyright Violations|5. No Reason at All|Step 1: Try Logging In and Check the Reason|Step 2: Submit an Appeal Through the App|Step 3: Verify Your Identity (If Required)|Step 4: Follow Up Through the Help Center|Step 5: Contact Instagram Support Directly|What If Instagram Still Says No?|1. Follow Instagram’s Rules|2. Avoid Automation Abuse|3. Stay Within Action Limits|4. Protect Your Account|Step 1: Download and Install Gologin|Step 3: Log In & Keep Your Session Secure|Step 4: Scale Up Without Insta Bans|1. Can I manage multiple Instagram accounts from the same device without getting banned?|2. What content is banned on Instagram?|3. How long is an Instagram account suspended for?|4. How do I remove a ban from Instagram?|5. What is the Instagram IP ban?|6. Can Instagram disable your account for no reason?|Read other posts about account suspended:,2844,/blog/banned-from-facebook|/blog/best-secure-browsers|/blog/ebay-account-suspended|/blog/etsy-account-suspended|/blog/facebook-account-restricted|/blog/facebook-ad-account-disabled|/blog/multiple-instagram-accounts|/blog/multiple-social-media-accounts|/blog/reddit-account-suspended|/blog/shadowbanned-on-tiktok|/blog/twitter-account-suspended|/blog/what-is-browser-fingerprinting|/blog/why-is-my-amazon-account-suspended|/blog/why-is-my-coinbase-account-restricted|/blog/why-is-my-instagram-account-suspended|/blog/why-is-my-tiktok-account-suspended|/blog/why-was-my-tiktok-account-banned,2026-05-15
TikTok Shadow Ban: How to get un shadowbanned on TikTok in 2025,https://gologin.com/blog/shadowbanned-on-tiktok/,multi-accounting,tiktok shadow ban how to get,how-to,What Is TikTok Shadowban?|How do I know if I'm shadowbanned on TikTok?|How do I remove a TikTok shadowban quickly?|How to Lift a TikTok Shadowban|Reasons for the TikTok shadowban|How long does a TikTok shadowban typically last?|Ways to avoid being shadowbanned on TikTok in the long run|Future-Proofing Your Content|Multiple Account Browser (the easiest and safest option)|How To Run Multiple TikTok Accounts Using Gologin|FAQ|Multiple Devices|VPN: The Hard Way|How Does Gologin work?|Wrap Up On Being Shadow Banned On TikTok|1. How Do I Fix Shadowban on TikTok?|2. How do you know if you are shadow banned on TikTok?|3. How long does a TikTok shadowban last?|4. Should I keep posting on TikTok when shadowbanned?|5. How do I know if I am in TikTok jail?|6. Can managing multiple TikTok accounts on one device cause a shadowban?|Read other posts about account suspended:,3926,/blog/banned-from-facebook|/blog/ebay-account-suspended|/blog/etsy-account-suspended|/blog/facebook-account-restricted|/blog/facebook-ad-account-disabled|/blog/multiple-tiktok-accounts|/blog/reddit-account-suspended|/blog/twitter-account-suspended|/blog/what-instagram-account-can-be-banned|/blog/why-is-my-amazon-account-suspended|/blog/why-is-my-coinbase-account-restricted|/blog/why-is-my-instagram-account-suspended|/blog/why-is-my-tiktok-account-suspended|/blog/why-was-my-tiktok-account-banned,2026-05-14
Reddit Account Suspended: What to Do in 2026,https://gologin.com/blog/reddit-account-suspended/,multi-accounting,reddit account suspended what to do,troubleshooting,"Common Reasons Reddit Suspends Accounts|Reddit Account Locked or Full Ban: How to Check?|What Reddit's 2026 Ban Policy Says Now|How to Appeal Against a Reddit Permanent Ban|Why Reddit May Even Ban Legit Users|Running Multiple Reddit Accounts With Gologin|How to Use Gologin for Reddit (Step-by-Step)|Frequently Asked Questions About Reddit Account Ban|Spamming or rapid posting|Breaking subreddit-specific rules|Vote manipulation (even by accident)|Linking to personal sites or stores|Using multiple accounts from one device|1. Find the Ban Message|2. Fill Out the Appeal Form|3. Submit and Wait|4. Should You Follow Up?|Download and Register|Create a Browser Profile and Set Up a Proxy|Run the Profile and Connect to Reddit|Run Multiple Accounts at the Same Time|Stop and Resume Profiles Anytime|Organize Profiles Like a Pro|1. How Long Does Reddit Usually Take to Respond to Appeals?|2. Can I get banned even if I didn’t break the rules?|3. What if my appeal is denied or I never get a response?|4. Why was my Reddit account suspended without warning?|5. How long does a Reddit suspension last?|6. What's the difference between a shadowban and a permanent ban on Reddit?|7. If one Reddit account gets banned, will my other accounts be banned too?|8. Can I use a VPN to create a new Reddit account after being banned?|Read other posts about account suspended:",2408,/blog/anti-fingerprinting-browser|/blog/banned-from-facebook|/blog/ebay-account-suspended|/blog/etsy-account-suspended|/blog/facebook-account-restricted|/blog/facebook-ad-account-disabled|/blog/shadowbanned-on-tiktok|/blog/twitter-account-suspended|/blog/what-instagram-account-can-be-banned|/blog/what-is-canvas-fingerprinting|/blog/why-is-my-amazon-account-suspended|/blog/why-is-my-coinbase-account-restricted|/blog/why-is-my-instagram-account-suspended|/blog/why-is-my-tiktok-account-suspended|/blog/why-was-my-tiktok-account-banned,2026-05-12
0Detect Review 2026: Is the New AQUM Browser Worth It?,https://gologin.com/blog/0detect-review/,general,0detect is the new aqum browser,commercial,"My Evaluation Criteria for 0Detect Browser|AQUM Browser Renamed to 0Detect|First Glance at 0Detect Browser|0Detect’s Fingerprinting & Kernel Tech|Comparison: 0Detect vs Gologin|Comparison Table: 0Detect vs Gologin|Final Thoughts|Creating a Profile|Proxies|Fingerprinting: Browser Consistency vs Config Control|Automation & Cloud Browsing|Built-in Web Scraper & Data Workflows|Proxy Support & Management|Reputation, Reviews & Market Position|Pricing Comparison",2305,/blog/aqum-browser-vs-gologin-honest-review|/blog/multilogin-cloud-phone-review|/blog/ultimate-guide-to-webgl-fingerprint|/blog/what-is-a-dns-leak,2026-05-05
"Mktlogin Browser Review 2026: Features, Pricing & Top Alternative",https://gologin.com/blog/mktlogin-review/,competitor-comparison,mktlogin browser features pricing top alternative,comparison,"What is MKTLogin?|MKTLogin Installation, Onboarding & UX|Creating Browser Profiles & Proxy Setup|Team Collaboration Features|Fingerprint Testing|MKTLogin Pricing|Trust & Reputation|Gologin: The Best Among MKTLogin Alternatives",1749,/blog/anti-fingerprinting-browser|/blog/best-antidetect-browsers|/blog/browser-fingerprint-spoofing-how-to-prevent-tracking|/blog/how-to-pass-iphey|/blog/how-to-pass-pixelscan|/blog/what-is-fingerprint-browser-top-choices,2026-05-05
"Gologin in April: Fingerprint Protection, AI Agents and Android Updates",https://gologin.com/blog/gologin-in-april/,browser-fingerprinting,gologin in april fingerprint protection ai,product-update,"Proxies and Profiles: Faster, Simpler, Clearer|Android: More Control and Stability|Orbita 146: More Realistic Behavior, Less Detection|Gologin as a Browser for AI Agents|That's April",520,/blog/guide-to-geolocation-spoofing,2026-05-04
Detect Expert Review 2026: Vektor T13 Antidetect vs Gologin,https://gologin.com/blog/detect-expert-review/,competitor-comparison,detect expert vektor t13 antidetect vs,comparison,History of VektorT13 Browser & Tools|Detect Expert: Not a Browser?|Everything You Need to Know About Detect Expert Antidetect Tools|Who is Detect Expert For?|Detect Expert vs Gologin: Hardware Antidetect vs Browser Antidetect|Final Verdict|Expert Detect Antidetect System (Main Product)|IP Auditor|Proxies|SMS Activation|Virtual Bank Cards|Checkers (Complete Suite of tools)|Installation & the Hardware Barrier|Proxy & VPN Setup|Fingerprinting Strategy: VM vs Browser|Mobility & Team Collaboration|At-a-Glance: Detect Expert vs Gologin,2927,/blog/device-fingerprinting|/blog/what-is-a-webrtc-leak,2026-04-30
"SharkLogin Browser Review 2026: Features, Proxies & Best Alternatives",https://gologin.com/blog/sharklogin-browser-review/,proxies,sharklogin browser features proxies best alternatives,comparison,What is SharkLogin|Is SharkLogin Legit? Trust & Reputation|Proxy Setup Burden in SharkLogin|Fingerprinting & Core Technology|SharkLogin Pricing|Gologin: A Popular & Reputable SharkLogin Alternative|Multi Accounting in SharkLogin|Concerns Regarding Social Media Accounts and the Website of SharkLogin|SharkLogins iOS App,1910,/blog/multi-account-browser|/blog/what-is-antidetect-browser|/blog/what-is-fingerprint-browser-top-choices,2026-04-30
Best Browser For Productivity: Expert’s Top Pick,https://gologin.com/blog/best-browser-for-productivity/,general,best browser for productivity expert s,commercial,What Is a Productivity Browser?|Key Features of Productivity Browsers|Best Web Browsers for Productivity: Top 5 Picks|Best Productivity Browsers Features Comparison Table|Conclusion|FAQ:|2. How can a web browser improve work efficiency?|1. Gologin: The Multi-Account Productivity Browser|2. Comet: Best AI Browser for Productivity|3. Arc: The Productivity Browser for Creative Multitaskers|4. Opera One: A Feature-Packed Browser with AI and Workspaces|5. Shift Browser: Build Your Own Productivity Browser|1. What is the best browser for productivity in 2026?|3. Does an anti-detect browser like Gologin help with productivity?|4. Which browser uses the least RAM for multitasking?|5. Why are specialized browsers replacing Google Chrome for professional use?,2937,/blog/best-secure-browsers|/blog/manage-multiple-google-accounts|/blog/multiple-ebay-accounts|/blog/multiple-social-media-accounts|/blog/telegram-account-banned|/blog/whatsapp-account-banned-or-suspended,2026-04-29
Top 15 Safest Web Browsers for 2026: Expert Security Review,https://gologin.com/blog/safest-browsers-privacy/,privacy,top 15 safest web browsers for,commercial,"Quick Comparison: Safest Browsers at a Glance|The 2026 Threat Landscape Has Changed Everything|How to Choose a Safe Browser: The Security Layer Model|First Up, Why Security and Privacy Should be Your Top Priorities While Browsing?|What is the Safest Browser?|What is the Best Secure Browser for Privacy? Top 15 Safest Browsers in 2026|1. Brave|2. Gologin|3. Epic|4. 1Browser|5. Pale Moon|6. Vivaldi|7. Waterfox|8. Puffin|9. AdsPower|10. MarketerBrowser|11. XPASS|12. Iridium Browser|13. BitBrowser|14. Chromium|15. Microsoft Edge|Things to Consider While Choosing the Best and Safest Browser|Additional Tips for Safe and Secure Browsing|Technical Security Deep Dive: What Separates the Best from the Rest|The Identity Isolation Advantage: Why Gologin Goes Where Other Browsers Can't|Browser Security Benchmarks: How We Evaluate|Final Verdict: Choosing the Right Security Layer for Your Needs|FAQ|References & Further Reading|Technologies Used by Popular Safe Browsers for Privacy and Security|Comparison of the Safest Browsers Across Pricing and Support Aspects|Overall Rating ( 5 out of 5 ): ⭐⭐⭐⭐ ⭐|Pros|Cons|Why Gologin Is Different From Other Browsers|Key Features|Gologin Profile Isolation and Incognito Mode|Overall Rating (4 out of 5 ): ⭐⭐⭐⭐|Overall Rating (3 out of 5 ): ⭐⭐⭐|Overall Rating (4 out of 5 ): ⭐⭐⭐ ⭐|Overall Rating (5 out of 5): ⭐⭐⭐⭐⭐|Sandboxing & Process Isolation|WebRTC & IP Leak Prevention|Hardware Concurrency Masking|Zero Telemetry Policies|What is the safest browser for banking in 2026?|Is Tor Browser safer than Brave?|Does incognito mode protect my privacy?|What is browser fingerprinting and can it be stopped?|Which browser is best for privacy and security combined?|Is Chrome safe enough in 2026?|What is the best browser for privacy on Android?",7771,/blog/adspower-browser-vs-gologin|/blog/best-browser-for-privacy|/blog/best-secure-browsers|/blog/best-virtual-browser|/blog/bitbrowser-review|/blog/browsers-battle-comparison|/blog/dicloak-online-browser|/blog/fingerprintswitcher-a-worthwhile-alternative-to-anti-detect-browsers|/blog/manage-multiple-google-accounts|/blog/multiple-google-play-developer-accounts|/blog/what-is-a-webrtc-leak|/blog/xpass-browser-alternative,2026-04-28
MuLogin vs Gologin: Honest Review Update 2026,https://gologin.com/blog/mulogin-vs-gologin-honest-review/,competitor-comparison,mulogin vs gologin update,comparison,Head-to-Head Comparison of Gologin and MuLogin|Setting Up Custom Profiles|Prominent Features|Pros/Cons & Trustworthiness|Pricing and Plans|Final Verdict|Supported Platforms & Devices|Registration & Initial Setup|MuLogin Setting Up|Read other posts about Reviews of browsers:,2323,/blog/accovod-vs-gologin|/blog/adspower-browser-vs-gologin|/blog/aezakmi-browser-vs-gologin-honest-review|/blog/antidetect-browser-review|/blog/antikbrowser-vs-gologin-review|/blog/aqum-browser-vs-gologin-honest-review|/blog/best-cookie-editor|/blog/best-proxy-browser|/blog/best-virtual-browser|/blog/bitbrowser-review|/blog/camoufox-vs-gologin-honest-review|/blog/che-browser-vs-gologin|/blog/dicloak-online-browser|/blog/dolphin-anty-vs-gologin|/blog/fingerprintswitcher-a-worthwhile-alternative-to-anti-detect-browsers|/blog/geelark-review|/blog/genlogin-browser-alternative-honest-review-2024|/blog/gologin-vs-browserjet-review|/blog/gologin-vs-hidemium-which-one-is-better|/blog/gologin-vs-identory|/blog/gologin-vs-maskfog-review|/blog/gologin-vs-switch-antidetect|/blog/gologin-vs-swspybrowser-review|/blog/gologin-vs-yunlark-review|/blog/hidemyacc-browser-alternative-honest-review|/blog/how-to-run-multiple-telegram-accounts|/blog/hydraheaders-browser-tool-review|/blog/incogniton-vs-gologin|/blog/indigo-browser-vs-gologin-honest-comparison|/blog/insomniac-browser-review|/blog/kameleo-browser-alternative-review|/blog/lalicat-browser-vs-gologin-honest-review|/blog/lauth-vs-gologin-honest-review|/blog/linken-sphere-browser-alternative-review|/blog/logii-browser-vs-gologin-honest-review|/blog/loginways-vs-gologin-honest-review|/blog/marketerbrowser-vs-gologin-review|/blog/masq-antidetect-vs-gologin-honest-review|/blog/morelogin-browser-alternative|/blog/multibrowser-review|/blog/multilogin-chrome-browser|/blog/nstbrowser-vs-gologin-honest-review|/blog/octo-browser-gologin|/blog/rebrowser-vs-gologin-honest-review|/blog/roxybrowser-vs-gologin-review|/blog/session-box-vs-gologin|/blog/surfinite-vs-gologin-honest-review|/blog/ultimate-orb-vs-gologin-review|/blog/undetectable-browser-vs-gologin|/blog/vision-browser-review|/blog/vmlogin-browser-alternative-honest-review-2024|/blog/vmmask-anti-detect-browser|/blog/wade-browser-review|/blog/what-is-canvas-fingerprinting|/blog/x-browser-alternative-review-2023|/blog/xlogin-vs-gologin-review|/blog/xpass-browser-alternative,2026-04-23
Is Your Apple ID Suspended? 2026 Ban Prevention Guide,https://gologin.com/blog/is-your-apple-id-suspended-or-banned/,account-restrictions,is your apple id suspended ban,troubleshooting,Why No Reason Apple ID Bans Happen|Types of Apple ID Error Messages|How to Recover Your Apple ID (Step by Step)|How to Manage Multiple Apple IDs Safely with Gologin|FAQs|1. Apple’s Device Trust Score|2. Flags Triggered from High Volume Messaging|3. Hardware Fingerprint Correlation|4. Suspicious Change in Location|1. “Account is locked for security reasons”|2. “This Apple ID is not active”|3. The Activation Lock Loop|Fix #1: Reset Password with a Trusted Device|Fix #2: Submit a Request for Inactive Accounts|Fix #3: Use Your Recovery Person|Step 1: Get the software and set up your trial|Step 2: Create a separate browser profile for every account|Step 3: Connect a residential proxy to your profile|Step 4: Share profile access with your team safely|How long does an Apple ID suspension last?|Can I recover a deleted Apple ID?,2463,/blog/anti-fingerprinting-browser|/blog/multiple-social-media-accounts|/blog/what-is-browser-fingerprinting,2026-04-21
"Mostlogin Review 2026: Features, Pricing & Best Alternatives",https://gologin.com/blog/mostlogin-review/,competitor-comparison,mostlogin features pricing best alternatives,comparison,"First Look Verdict|What Is MostLogin And Who Is It For?|MostLogin Installation, Onboarding, and UX|Proxies in MostLogin Browser|MostLogin Cloud Phones: Are They Worth It?|Team Collaboration Features|Testing Fingerprint Strength and Quality|Pricing, Security, And Real-World Trust|Comparison: MostLogin vs Gologin|Final Verdict|FAQ|Creating MostLogin Browser Profile|Batch Create Browser Profile in MostLogin|Migrate Profiles From Other Antidetect Browsers|What I actually found out about team invite feature|Testing Fingerprint with Iphey|Whoer Reports|BrowserLeaks Report|Does That Mean MostLogin’s Fingerprint is Good?|What MostLogin Doesn’t Have|1. What is MostLogin and how does it work?|2. Does MostLogin provide free proxies?|3. Is there a free version of MostLogin?|4. Can I use MostLogin on my mobile device?|5. How does MostLogin compare to Gologin for team collaboration?",2935,/blog/browserleaks-review-fingerprint-testing|/blog/how-to-pass-iphey|/blog/morelogin-cloud-phone-review|/blog/multilogin-chrome-browser|/blog/what-is-a-webrtc-leak,2026-04-21
10 Best Anonymous Web Browser: A Guide on Anti-Detect Technology,https://gologin.com/blog/anonymous-web-browser/,antidetect-browsers,10 best anonymous web browser a,commercial,"Top 10 Best Anonymous Browsers in 2026 — Full Comparison|Why Standard Browsers Fail at Anonymity|You’re Leaving a Browser Fingerprint|Just Business, But It's Personal|Anonymous Web Browsers|How It’s Made|Going With The Flow|What Is Multiaccounting?|Can I Use It?|YouTube and Online Privacy|TOP-10 Best Anonymous Browsers in 2026|1. Gologin: The Most Complete Anonymous Browser for 2026|2. Tor Browser: The Classic Option For Maximum Anonymity|3. Brave Browser: A Privacy-First Browser With Speed Advantages|4. Epic Privacy Browser: Zero-Trace Browsing Made Simple|5. Iridium Browser: Open-Source Privacy With Familiar Performance|6. Comodo Dragon Browser: Security-Focused Anonymous Browsing|7. Mullvad Browser — Best Hardened Browser for Daily Use|8. LibreWolf — Best for Zero Telemetry and Firefox Users|9. DuckDuckGo Desktop Browser — Best for Casual Users Who Want Simplicity|Firefox with Hardening — Best Free DIY Privacy Stack|How to Choose the Right Anonymous Browser|FAQ|1. Which browser provides the highest level of anonymity?|2. Do anonymous browsers slow down internet speed?|3. Are anonymous browsers legal to use?|4. Can anonymous browsers block all trackers?|5. Can anonymous browsers be detected?|6. Does a VPN replace an anonymous browser?|7. What is the difference between incognito mode and an anonymous browser?",5235,/blog/account-restricted|/blog/best-vpn-service|/blog/brave-browser-alternative|/blog/browserleaks-review-fingerprint-testing|/blog/tor-browser-alternative|/blog/webgl-canvas-fingerprinting|/blog/what-is-a-digital-footprint|/blog/what-is-a-webrtc-leak|/blog/what-is-an-ip-leak|/blog/what-is-canvas-fingerprinting|/blog/what-is-fingerprint-browser-top-choices,2026-04-20
AQUM Browser 0Detect vs Gologin: Honest Review Update 2026,https://gologin.com/blog/aqum-browser-vs-gologin-honest-review/,competitor-comparison,aqum browser 0detect vs gologin update,comparison,"AQUM Browser – First Impressions On The Newcomer|Profile & Proxy Setup|Organization & Mass Actions|Fingerprinting|Reputation & Technical Support|Gologin – The Established, Feature-Rich AQUM Browser Alternative|Gologin User Experience & Features|System & Technical Support|Reputation|Free Plans & Trial Periods|Paid Plans|Read other posts about Reviews of browsers:",2326,/blog/accovod-vs-gologin|/blog/adspower-browser-vs-gologin|/blog/aezakmi-browser-vs-gologin-honest-review|/blog/antidetect-browser-review|/blog/antikbrowser-vs-gologin-review|/blog/best-antidetect-browsers|/blog/best-proxy-browser|/blog/best-social-media-management-tools-for-agencies|/blog/best-virtual-browser|/blog/best-vpn-browser|/blog/bitbrowser-review|/blog/buy-reddit-accounts|/blog/camoufox-vs-gologin-honest-review|/blog/che-browser-vs-gologin|/blog/dicloak-online-browser|/blog/dolphin-anty-vs-gologin|/blog/fingerprintswitcher-a-worthwhile-alternative-to-anti-detect-browsers|/blog/geelark-review|/blog/genlogin-browser-alternative-honest-review-2024|/blog/gologin-vs-browserjet-review|/blog/gologin-vs-hidemium-which-one-is-better|/blog/gologin-vs-identory|/blog/gologin-vs-maskfog-review|/blog/gologin-vs-switch-antidetect|/blog/gologin-vs-swspybrowser-review|/blog/gologin-vs-yunlark-review|/blog/hidemyacc-browser-alternative-honest-review|/blog/how-to-run-multiple-youtube-accounts|/blog/hydraheaders-browser-tool-review|/blog/incogniton-vs-gologin|/blog/indigo-browser-vs-gologin-honest-comparison|/blog/insomniac-browser-review|/blog/kameleo-browser-alternative-review|/blog/lalicat-browser-vs-gologin-honest-review|/blog/lauth-vs-gologin-honest-review|/blog/linken-sphere-browser-alternative-review|/blog/logii-browser-vs-gologin-honest-review|/blog/loginways-vs-gologin-honest-review|/blog/marketerbrowser-vs-gologin-review|/blog/masq-antidetect-vs-gologin-honest-review|/blog/morelogin-browser-alternative|/blog/mulogin-vs-gologin-honest-review|/blog/multibrowser-review|/blog/multilogin-chrome-browser|/blog/multiple-google-play-developer-accounts|/blog/multiple-instagram-accounts|/blog/nstbrowser-vs-gologin-honest-review|/blog/octo-browser-gologin|/blog/rebrowser-vs-gologin-honest-review|/blog/roxybrowser-vs-gologin-review|/blog/session-box-vs-gologin|/blog/surfinite-vs-gologin-honest-review|/blog/ultimate-orb-vs-gologin-review|/blog/undetectable-browser-vs-gologin|/blog/vision-browser-review|/blog/vmlogin-browser-alternative-honest-review-2024|/blog/vmmask-anti-detect-browser|/blog/wade-browser-review|/blog/what-is-fingerprint-browser-top-choices|/blog/x-browser-alternative-review-2023|/blog/xlogin-vs-gologin-review|/blog/xpass-browser-alternative,2026-04-16
Google Ads Account Suspended? Fix and Prevention Guide,https://gologin.com/blog/google-ads-account-suspended/,account-restrictions,google ads account suspended fix and,how-to,Types of Google Ads Account Suspensions|Reasons for Google Ads Account Ban|IP Address Ban & Device Fingerprinting Explained|How to Unban Google Ads Account: Recovery Roadmap|Google Payments Profile: Billing Issues with Google Ads Account|Preventing a Google Ads Ban With Gologin|Frequently Asked Questions|1. Payment & Billing Issues (Most Common Google Ads Ban Reason)|2. Policy Violations (Strike-Based Suspension System)|3. Content Violations (Website & Landing Page Issues)|4. Suspicious Activity & Account Security Flags|5. Automation & Bot-Like Behavior|6. Circumventing Systems & Multi-Account Abuse|7. The Hidden Problems I Often See|My Step-by-Step Suspension Recovery Workflow|Step-by-Step Guide: Managing Multiple Google Ads Accounts with Gologin|Why is my Google Ads account suspended?|How to fix suspended Google Ads accounts?|How do I unsuspend my Google Account?|How long does a Google Ads suspension last?|What happens if Google suspends your Ads account?,2609,/blog/can-you-have-multiple-snapchat-accounts,2026-04-14
Google Play Account suspended or Banned? Here's Everything Developers Need to Know in 2026,https://gologin.com/blog/google-play-account-banned/,account-restrictions,google play account suspended or banned,troubleshooting,The 2026 Reality: Why &#8220;High-Risk Behavior&#8221; Bans Are Hitting Innocent Developers|Decoding the Termination Notice: What Sections 8.3 and 10.3 Actually Mean|The 2026 Appeal Roadmap: How to Actually Get a Human to Look at Your Case|Case Study: The False-Positive That Almost Ended a Developer's Business|How Gologin Solves the Identity Association Problem at the Root|The 2026 Developer Hygiene Checklist|Final Thoughts|Frequently Asked Questions|Start With the In-App Appeal — But Don't Stop There|The Product Expert Escalation Strategy|The Plan of Action Document|What Google Is Actually Measuring|Gologin Guide: Create & Manage Multiple Google Play Console Accounts|Can I create a new Google Play Developer account after being permanently banned?|What does &#8220;high-risk behavior&#8221; actually mean on a termination notice?|What is the 180-day grace period?|My appeal was denied. What now?|How do I avoid the SDK ban trap?,2542,/blog/ultimate-guide-to-webgl-fingerprint|/blog/what-is-canvas-fingerprinting|/blog/what-is-fingerprint-browser-top-choices,2026-04-14
Steam Account Suspended or Banned? 2026 Recovery & Ban Prevention Guide,https://gologin.com/blog/steam-account-suspended-or-banned/,account-restrictions,steam account suspended or banned recovery,troubleshooting,Why Steam Bans Accounts|Types of Steam Restrictions|How Can You Appeal Steam Account Bans in 2026|How to Avoid Steam Bans Using Gologin|FAQs|1. Being a Bad Citizen on Steam|2. Cheating and Using Automated Tools|3. Money Issues and Shady Account Deals|4. Technical Violations and Hijacking|1. Account Lock|2. Community Ban|3. VAC Ban|4. Game Ban|5. Trade Ban|6. Limited User Accounts|7. Communication Penalties|8. Harassment Ban|9. Community Profile Restrictions|10. Account Suspension|The Official Appeal Process on Steam|How to Fix &#8220;Your account has been blocked from the Steam Community&#8221;|Proving You Are the Real Owner|The Hard Truth About VAC and Developer Bans|A Step-by-Step Guide to Staying Safe|How long does a Steam Community ban last?|What does a banned Steam account look like?|Can VAC bans be removed in 2026?,3199,/blog/account-restricted|/blog/best-unblocked-web-browsers|/blog/ultimate-guide-to-webgl-fingerprint|/blog/what-is-antidetect-browser,2026-04-14
Zillow Account Suspended? 2026 Recovery Guide & Ban Bypass,https://gologin.com/blog/zillow-account-suspended/,ecommerce,zillow account suspended recovery ban bypass,how-to,"Why Zillow Bans Happen in 2026 — The &#8220;Data Guardian&#8221; Era|What Zillow's Error Messages Actually Mean|The 2026 Recovery Roadmap — How to Actually Appeal|How Gologin Solves the Device Fingerprint Problem|How to Use Browser Gologin|Wrapping up|The 2026 Safe Browsing Protocol for Real Estate Professionals|Final Thoughts|FAQ|The Listing Integrity Crackdown|Commercial Data Extraction: The 100-Property Problem|Device Poisoning: Why a New Account Won't Save You|Browser Extensions and Automation Flags|&#8220;Account Disabled / Locked for Security&#8221;|&#8220;Verification Required (Documentation)&#8221;|&#8220;Access Denied (Error 403)&#8221;|Treat Your Profile Like a Business Asset|What Documentation Zillow Actually Accepts in 2026|The 14-Day Stabilization Window|Generating a New Hardware Identity|Step 1. Download the Gologin app and complete a quick registration.|Step 2. Set up a proxy for every profile.|Step 3. Once you have set up proxies, click Run to open a browser window.|Why Static Residential Proxies Beat Every VPN|Vary Your Search Patterns|Simulate Human Dwell Times|Billing Hygiene for Zillow Pro",3284,/blog/guide-to-geolocation-spoofing|/blog/multiple-zillow-agent-login|/blog/what-is-canvas-fingerprinting|/blog/what-is-fingerprint-browser-top-choices,2026-04-13
Fiverr Account Suspended? Recovery Guide & Ban Bypass 2026,https://gologin.com/blog/fiverr-account-suspended/,ecommerce,fiverr account suspended recovery ban bypass,how-to,Top 5 Reasons for Fiverr Bans in 2026|The 2026 Fiverr Landscape — Why the Ban Wave Exploded|Decoding Fiverr Bans — Not All Suspensions Are Equal|The 2026 Recovery Roadmap — How to Actually Appeal|Bypassing a Fiverr Ban Using Gologin|Safe Multi-Account Management for Agencies|The Fiverr Survival Checklist for 2026|Final Thoughts|FAQ|Fiverr's &#8220;AI-Native&#8221; Pivot Changed Everything|The #1 Ban Trigger: Location Inconsistency|The Malware Scanner That Gets It Wrong|The NLP That Reads Your Invisible Messages|The Shadowban: When You're Invisible But Don't Know It|Temporary Restriction: The 60-Day Quarantine|Permanent Suspension: The Full Termination|Why Your First Two Appeals Will Get a Bot Response|The &#8220;Plan of Action&#8221; — Fiverr's Version of the Amazon Appeal|Resolving a Location Flag Specifically|Why &#8220;Just Make a New Account&#8221; Doesn't Work|How Gologin Creates a Genuinely New Digital Identity|Maintaining Regional Stability with Static Residential Proxies|Step 1: Create Your Gologin Account|Step 2: Create a New Browser Profile For Each Fiverr Account|Step 3: Assign a Unique Proxy to Each Profile|Step 4: Launch the Profile and Log into Fiverr|Step 5: Repeat for Each Additional Account|The No-Extension Rule|Communication Hygiene|The 24-Hour Delivery Deadline|Withdrawal Before Anything Else|Why was my Fiverr account suspended?|How can I tell if my Fiverr account is suspended or just restricted?|How do I recover a suspended Fiverr account?|How long does a Fiverr suspension last?|Can I create a new Fiverr account after suspension or use a ban bypass?,3266,/blog/guide-to-geolocation-spoofing|/blog/ultimate-guide-to-webgl-fingerprint|/blog/what-is-canvas-fingerprinting|/blog/what-is-fingerprint-browser-top-choices,2026-04-10
How to Run Multiple Coinbase Accounts: 2026 Guide & Tools,https://gologin.com/blog/how-to-run-multiple-coinbase-accounts/,crypto,how to run multiple coinbase accounts,how-to,What is Coinbase’s Multi-Accounting Policy?|Coinbase Exchange vs. Coinbase Wallet: What's the Difference?|How Coinbase Detects Multiple Accounts|Understanding Coinbase's Account Trust Score|What Happens if Coinbase Suspends or Blocks an Account?|When Would You Need Multiple Coinbase Accounts?|Sub-Accounts vs. Multiple Independent Accounts|How to Effectively Manage Multiple Coinbase Accounts?|How to Manage Multiple Coinbase Accounts with Gologin?|Real-World Use Cases|Final Thoughts|FAQ|Multiple portfolios|ID verification & KYC compliance|What goes into an account's trust score?|The critical rule: never transfer crypto directly between your own multi-accounts|Official sub-accounts: who they're for|Independent multi-accounts: who needs them|Proxies|Separate physical devices|Anti-detect browsers|Registering an account|Creating profiles|Adding proxies|Setting up Coinbase accounts with Gologin|Profile management via the dashboard|Use Case 1: Separating long-term holdings from active trading (Privacy)|Use Case 2: Crypto agency managing multiple client accounts|Use Case 3: Team access without sharing 2FA credentials|Can you have multiple portfolios on Coinbase?|Can I have two or more Coinbase accounts?|Can I make a new Coinbase account?|Can I add my wife to my Coinbase account?|Can i create Multiple Coinbase accounts on iOS/Android?|How can I safely manage multiple Coinbase accounts without getting flagged?|Can Coinbase accounts be linked through the same Wi-Fi?|Can I use the same government ID for a second Coinbase account?|Does using a VPN work instead of an anti-detect browser?|What's the difference between Coinbase portfolios and separate accounts?|Read other posts about multiple accounting:,4182,/blog/anti-fingerprinting-browser|/blog/can-i-have-multiple-bluesky-accounts|/blog/can-you-have-2-fanduel-accounts|/blog/can-you-have-multiple-snapchat-accounts|/blog/can-you-have-multiple-whatsapp-accounts|/blog/how-to-run-multiple-etsy-shops|/blog/how-to-run-multiple-telegram-accounts|/blog/manage-multiple-google-accounts|/blog/multiple-accounts-on-facebook|/blog/multiple-airbnb-accounts|/blog/multiple-amazon-accounts|/blog/multiple-craigslist-login|/blog/multiple-ebay-accounts|/blog/multiple-gmail-accounts|/blog/multiple-google-ads-accounts|/blog/multiple-instagram-accounts|/blog/multiple-prizepicks-accounts|/blog/multiple-reddit-accounts|/blog/multiple-social-media-accounts|/blog/multiple-tiktok-accounts|/blog/multiple-twitter-accounts|/blog/multiple-zillow-agent-login|/blog/nstbrowser-vs-gologin-honest-review|/blog/technical-comparison-of-the-top-10-residential-proxy-providers|/blog/the-easiest-way-to-run-multiple-discord-accounts|/blog/what-is-fingerprint-browser-top-choices|/blog/why-is-my-coinbase-account-restricted,2026-04-08
PayPal Account Suspended or Banned? Here’s How To Avoid It,https://gologin.com/blog/paypal-account-suspended/,account-restrictions,paypal account suspended or banned here,how-to,Why No Reason PayPal Bans are Increasing|Types of PayPal Limitations in 2026|Understand the Acceptable Use Policy (What Needs Pre-Approval)|How to Appeal PayPal Account Bans|How to Avoid Bans Using Gologin|How to Handle Sudden Business Growth and Large Payments|FAQs|1. Predictive AI Risk Scoring|2. Association With Banned Accounts|3. Sudden Spikes in Incoming Money|1. Temporary Holds on Payments|2. Account Limitations that Require Identity Verification|3. Money Being Held in Reserve|4. Permanent Limitation|Step 1: Download Gologin and Create a Gologin Account|Step 2: Create a New Browser Profile Inside Gologin|Step 3: Connect a Residential Proxy|Step 4: Run the Browser Profile and Create a PayPal Account|Step 5: Managing Multiple Accounts Safely|1. Notify PayPal Before a Large Payment Arrives|2. Set Realistic Expectations at Signup|3. Keep Your Business Info Consistent Everywhere|How do I fix a suspended PayPal account?|Can you make a new PayPal account after being banned?|Why has my PayPal account been suspended?|Can PayPal ban your IP address?,3275,/blog/browser-fingerprint|/blog/multiple-paypal-accounts|/blog/top-7-tips-how-to-bypass-ip-ban|/blog/what-is-antidetect-browser,2026-04-08
Craigslist Account Suspended? Guide to Fixing Ghosting and Bans,https://gologin.com/blog/craigslist-account-suspended/,account-restrictions,craigslist account suspended to fixing ghosting,troubleshooting,Types of Craigslist Account Bans And What They Mean|Actions That Can Get You Banned From Craigslist|Craigslist IP Address Ban: What it Is And Why It Happens|How to Unban Craigslist Account: Recovery Roadmap|Protect Craigslist Accounts From Ban With Gologin Antidetect Browser|Step-by-Step Guide: Managing Multiple Craigslist Accounts with Gologin|Frequently Asked Questions|Types of Craigslist Bans in 2026|Craigslist Phone Verification Bypass|Why did I get banned from Craigslist?|How to get banned from Craigslist?|How to get unbanned from Craigslist?|How to bypass phone number verification using VoIP on Craigslist?|How to run web scraping automations on Craigslist?,2617,,2026-04-07
"Quora Account Suspended or Banned? 2026 Fix, Appeal Guide & Ban Bypass",https://gologin.com/blog/quora-account-suspended/,account-restrictions,quora account suspended or banned fix,how-to,"Part I: Why &#8220;No Reason&#8221; Bans Have a Very Specific Reason in 2026|Part II: Understanding the Types of Quora Bans|Is My Quora Account Shadowbanned? 3 Ways to Check|Comparing Quora Ban Types at a Glance|Part III: The 2026 Appeal Roadmap|Part IV: Device Fingerprinting and the &#8220;Digital Identity Correlation&#8221; Problem|Part V: Bypassing a Quora Ban with Gologin|Part VI: The Quora Survival Checklist for 2026|Final Thoughts|FAQ|Quora's AI Moderation Problem|BNBR 2.0 and Sentiment Analysis|Velocity Triggers: The Engagement Speed Trap|Edit Blocks: The Lightest Touch|Standard Suspension: Account Frozen, Content Intact|Permanent Termination: The Nuclear Option|The Shadowban: The One That Hurts Most|Step 1: The Contact Form (Your Required First Move)|The 2026 Appeal Template That Actually Works|Step 2: The Follow-Up Cadence|What Gologin Actually Does (Without the Jargon)|Managing Multiple Niche Accounts Without Linking Them|The 14-Day Account Warming Protocol|The 80/20 Content Rule|Engagement Velocity Management|Why was my Quora account suspended?|How do I know if my Quora account is suspended or banned?|How can I appeal a suspended Quora account?|How long does a Quora suspension last?|Can I recover a permanently banned Quora account?|Can I create a new Quora account after suspension?|Is a Quora ban bypass possible?|How do I delete a suspended Quora account?|What is the difference between deactivating and deleting a Quora account?",3126,,2026-04-07
UpWork Account Banned or Suspended? 2026 Recovery Guide & Prevention,https://gologin.com/blog/upwork-account-suspended/,account-restrictions,upwork account banned or suspended recovery,troubleshooting,Why Upwork Bans Happen in 2026: The New Triggers|Types of Upwork Suspensions (and What Each Means for Your Options)|The 2026 Recovery Roadmap: How to Appeal a Suspended Upwork Account|2026 &#8220;Account Hygiene&#8221; Checklist|How to Prevent Account Suspension Using Gologin: The Professional Setup|How to set up multiple Upwork accounts in Gologin (Quick Steps)|Frequently Asked Questions|1. Identity Correlation & Browser Fingerprinting|2. The &#8220;Circumvention&#8221; AI: Message Scanning in 2026|3. The Digital Nomad Trap: Location Irregularity Flags|4. Failed Biometric Verification & KYC Mismatches|Temporary &#8220;Financial&#8221; Hold|Identity Verification Hold|Permanent &#8220;TOS&#8221; Suspension (Including Device-Level Bans)|Step 1: Diagnose Before You Act|Step 2: The &#8220;Finality&#8221; Myth|Step 3: The Appeal Message (Template)|Step 4: Timeline & Escalation|This section is for the people doing everything right and still getting flagged.|The Hardware Ban Problem|Safe Multi-Account Management for Agencies|The Static Residential (ISP) Proxy: Why Datacenter VPNs Are an Instant Flag in 2026|Regular browser vs. Gologin: Safety Comparison|Team Collaboration Without &#8220;Suspicious Login&#8221; Flags|1. Download and register for Gologin|2. Create a new Upwork browser Profile|3. Launch the profile and log in to Upwork|4. Create more Gologin browser profiles|How long does an Upwork suspension last?|Can I open a new Upwork account after being banned?|Does Upwork’s suspension affect my Job Success Score?|What is Upwork’s circumvention policy in 2026?|Why did Upwork suspend my account “for no reason”?,4224,/blog/ultimate-guide-to-webgl-fingerprint|/blog/what-is-canvas-fingerprinting|/blog/what-is-fingerprint-browser-top-choices,2026-04-06
Vinted Account Banned or Suspended? 2026 Recovery & Prevention Guide,https://gologin.com/blog/vinted-account-got-banned/,account-restrictions,vinted account banned or suspended recovery,troubleshooting,"Part I: The 2026 Vinted Reality — Why &#8220;No Reason&#8221; Bans Always Have a Reason|Part II: Types of Vinted Suspensions — They're Not All the Same|Part III: The 2026 Recovery Roadmap|Part IV: How to Avoid Bans Using Gologin — The Professional Setup|How to set up multiple Vinted accounts in Gologin|Part V: The Vinted Survival Checklist for 2026|Frequently Asked Questions|The &#8220;Behavioral Identity&#8221; Shift|The &#8220;Commercial Seller&#8221; Trap|Image Hashing: The &#8220;I've Seen This Photo Before&#8221; Problem|The SS06 Error and Hardware Fingerprinting|New Prohibited Items in 2026|Temporary Restriction (7–14 Days)|The Shadowban — Why Your Items Are Getting Zero Views|Permanent Ban: &#8220;Member Blocked&#8221;|The 180-Day Frozen Balance|The In-App Appeal — Necessary, But Not Sufficient|Going Beyond the Button: Formal Escalation in 2026|Building Your Evidence Bundle|Appeal Templates|Fixing the SS06 Member Blocked Error|Running Multiple Niche Accounts Without Getting Linked|Step 1: Launch Gologin|Step 2: Create Multiple Profiles for Each Vinted Account|Step 3: Create Profile|Step 4: Log in to the Vinted Account|Why VPNs Don't Cut It — and What Does|Skipping the 5-Day New Device Verification Hold|The &#8220;Human Photo&#8221; Rule|Account Warming: The 7-Day Protocol Before Your First Listing|Communication Hygiene|How long is a Vinted ban?|Can I open a new Vinted account after being permanently banned?|Can Vinted detect Gologin?|How do I withdraw money from a banned Vinted account?|What is the &#8220;No Relisting&#8221; rule change from January 2026?|My Vinted appeal was denied with &#8220;final decision.&#8221; What now?",4029,/blog/ultimate-guide-to-webgl-fingerprint|/blog/what-is-a-digital-footprint|/blog/what-is-canvas-fingerprinting|/blog/what-is-fingerprint-browser-top-choices,2026-04-06
Discord Account Suspended or Banned? Here’s How To Avoid It,https://gologin.com/blog/discord-account-suspended-or-banned/,multi-accounting,discord account suspended or banned here,how-to,A Look into The Discord Warning System|Common Triggers for Discord Bans and Suspensions|What to Do if Your Account is Already Banned?|The Risks of Traditional Multi-Account Management|Gologin is Your Safest Bet to Avoid Discord Bans While Using Multiple Accounts|Step-by-Step Guide: Managing Multiple Discord Accounts with Gologin|FAQ|What is Account Standing|1. Posting Prohibited Content|2. Spammy or Bot-Like Behavior|3. Being in the Wrong Server|4. Suspicious Login Activity|5. Using Unauthorized Third-Party Tools|6. Getting Reported by Other Users|7. Automated Systems Getting It Wrong|Step 1: Figure Out What Kind of Ban You're Dealing With|Step 2: Gather Your Information Before Appealing|Step 3: Submit Your Appeal|What does a banned Discord account look like?|How to tell if a Discord account is banned?|How to recover a suspended Discord account?|How to delete a suspended Discord account?,3173,/blog/account-restricted|/blog/multi-account-browser|/blog/the-easiest-way-to-run-multiple-discord-accounts|/blog/what-is-antidetect-browser,2026-04-02
WhatsApp Account Banned or Suspended? How to Avoid Them,https://gologin.com/blog/whatsapp-account-banned-or-suspended/,multi-accounting,whatsapp account banned or suspended how,how-to,What Does WhatsApp Account Ban Look Like in 2026|What Actions Does WhatsApp’s Rules Prohibit?|Does WhatsApp’s “End-to-End Encryption” Allow Sharing of Illegal or Abusive Content?|Unban WhatsApp Account: Official Appeal & Recovery Method|WhatsApp Account Banned Due to Automation? How to Safely Run WhatsApp Automation?|Avoid WhatsApp Ban Triggers with Antidetect Browser|Step-by-Step Guide: Managing Multiple WhatsApp Accounts with Gologin|Quick FAQ For The Blog|Spam Messaging|Using Unofficial Apps like WhatsApp GB|Scraping and Auto-Reply Automations Using Bots|Violating WhatsApp Business API|Suspicious Account Behavior|Harassment and Abuse|Step-by-step recovery checklist|WhatsApp Official Contact & Terms Links|Safe WhatsApp Web Automation Practices|How WhatsApp Tracks Your Device Fingerprint|How Gologin Helps Avoid Device Ban & Account Linking|What Gologin Should Not Be Used For|How long does a WhatsApp suspension last?|Can I recover a permanently disabled account?|What is the most common reason for a ban?|How do I “unban WhatsApp account” safely?,2375,,2026-04-02
"Gologin in March: Android, Interface and Profile Updates",https://gologin.com/blog/gologin-in-march/,product-updates,gologin in march android interface and,product-update,"Android: Better Profiles, Proxies and Interface|Desktop and Web: One Look, More Control|Summary|Useful materials from this month",497,/blog/anti-fingerprinting-browser|/blog/buy-amazon-seller-accounts|/blog/buy-ebay-seller-accounts|/blog/buy-facebook-accounts|/blog/buy-reddit-accounts|/blog/gmail-account-suspended|/blog/multilogin-cloud-phone-review|/blog/multiple-paypal-accounts|/blog/snapchat-account-suspended-or-banned|/blog/youtube-account-suspended-or-banned,2026-03-31
Can I Run LinkedIn Multiple Accounts From 1 Device? [UpDate 2025],https://gologin.com/blog/linkedin-multiple-accounts/,multi-accounting,can i run linkedin multiple accounts,informational,How LinkedIn's SSI Affects Multiple Account Safety in 2026|LinkedIn identity verification: Handling &#8220;Persona&#8221; and &#8220;CLEAR&#8221;|Why have LinkedIn multiple accounts?|Can I have two LinkedIn accounts?|How to create multiple LinkedIn accounts?|Issues with Multiple LinkedIn Accounts|Can I Manage Multiple LinkedIn Accounts for Lead Generation?|Switching Different LinkedIn Accounts|Сommon Tools to Help with LinkedIn Multiple Accounts|How To Run Multiple Accounts On LinkedIn Using Gologin|Frequently asked questions about multiple LinkedIn accounts|Logging in and out|Employing a proxy or VPN|Creating multiple Chrome profiles for each LinkedIn account|Third-party account provider (rental agencies)|Having separate devices for each LinkedIn account|Multi-accounting browser|Conclusion|1. How can I open 2 different LinkedIn accounts from the same phone or laptop?|2. Can two people use the same LinkedIn account at the same time?|3. Can you have two LinkedIn accounts?|4. How to merge Linkedin accounts?|5. How to manage 2 LinkedIn accounts on the phone?|6. Can I have two LinkedIn accounts with different emails?|7. How do I manage multiple LinkedIn accounts without getting banned?|8. Is there a legitimate reason to run multiple LinkedIn accounts?|9. Can using the LinkedIn mobile app help avoid detection?|Read other posts about multiple accounting:,3625,/blog/adspower-browser-vs-gologin|/blog/best-linkedin-automation-tools|/blog/can-i-have-multiple-bluesky-accounts|/blog/can-you-have-2-fanduel-accounts|/blog/can-you-have-multiple-snapchat-accounts|/blog/can-you-have-multiple-whatsapp-accounts|/blog/how-to-get-linkedin-premium-for-free|/blog/how-to-run-multiple-coinbase-accounts|/blog/how-to-run-multiple-etsy-shops|/blog/how-to-run-multiple-telegram-accounts|/blog/linkedin-account-restricted|/blog/linkedin-recruiter-cost|/blog/linkedin-weekly-invitation-limit|/blog/manage-multiple-google-accounts|/blog/multiple-accounts-on-facebook|/blog/multiple-airbnb-accounts|/blog/multiple-amazon-accounts|/blog/multiple-craigslist-login|/blog/multiple-ebay-accounts|/blog/multiple-gmail-accounts|/blog/multiple-google-ads-accounts|/blog/multiple-instagram-accounts|/blog/multiple-prizepicks-accounts|/blog/multiple-reddit-accounts|/blog/multiple-social-media-accounts|/blog/multiple-tiktok-accounts|/blog/multiple-twitter-accounts|/blog/multiple-zillow-agent-login|/blog/the-easiest-way-to-run-multiple-discord-accounts|/blog/what-is-fingerprint-browser-top-choices,2026-03-31
Telegram Account Banned: Recovery Guide+Ban Prevention Tips,https://gologin.com/blog/telegram-account-banned/,multi-accounting,telegram account banned recovery ban prevention,troubleshooting,Here are the four primary triggers that destroy a CQS in 2026:|Types of Telegram Bans|The 2026 Recovery Roadmap: How to Appeal|How to Avoid Bans Using Gologin: The Pro Setup|The 7-Day Warm-Up Protocol for 2026|Frequently Asked Questions|Trigger 1: Low Contributor Quality Score (CQS)|Trigger 2: The Virtual Number (VoIP) Trap|Trigger 3: Network & Device Poisoning|Trigger 4: Aggressive Automation Detection|Type 1: SpamBot Restriction|Type 2: Two-Way Restriction (Silent Ghosting)|Type 3: Hard Number Ban|Type 4: IP & Hardware ID Block|Step 1: Diagnose Your Ban Type|Step 2: The Official @SpamBot Appeal|Step 3: Emailing [email&#160;protected]|Step 4: Persistent Re-Submission|Digital Isolation: The &#8220;Virtual New Phone&#8221; Principle|Safe Multi-Accounting: 10–100 Accounts Without Linkage|Proxy Integration: Why Mobile 4G/5G Is Non-Negotiable in 2026|Session Persistence: Avoiding the SMS Verification Trigger|Step 1: Get Started with Gologin|Step 2: Create Your First Secure Profile|Step 3: Log In Safely Every Time|Step 4: Scale Up Without the Headache|Days 1–2: Passive Lurking (Trust Building)|Days 3–5: Limited Interaction (Engagement)|Days 6–7: Transitioning to Business Use (Activation)|How do I recover a suspended Telegram account?|Why did Telegram ban my number?|How long does a Telegram ban last?|How do I bypass a Telegram ban?|How do I appeal a Telegram ban?,3350,/blog/anti-fingerprinting-browser|/blog/best-secure-browsers|/blog/guide-to-geolocation-spoofing|/blog/what-is-canvas-fingerprinting|/blog/what-is-timezone-spoofing-avoid-account-bans-safely,2026-03-30
MASQ Antidetect vs Gologin: Honest Review 2026,https://gologin.com/blog/masq-antidetect-vs-gologin-honest-review/,competitor-comparison,masq antidetect vs gologin,comparison,Step-by-Step Comparison of Gologin and MASQ Antidetect|Prominent Features|Pros/Cons & Trustworthiness|Pricing and Plans|Final Verdict|Supported Platforms & Devices|Registration and Initial Setup|Setting Up Custom Profiles|Read other posts about Reviews of browsers:,2089,/blog/accovod-vs-gologin|/blog/adspower-browser-vs-gologin|/blog/aezakmi-browser-vs-gologin-honest-review|/blog/antidetect-browser-review|/blog/antikbrowser-vs-gologin-review|/blog/aqum-browser-vs-gologin-honest-review|/blog/best-proxy-browser|/blog/best-unblocked-browsers|/blog/best-virtual-browser|/blog/bitbrowser-review|/blog/camoufox-vs-gologin-honest-review|/blog/che-browser-vs-gologin|/blog/dicloak-online-browser|/blog/dolphin-anty-vs-gologin|/blog/fingerprintswitcher-a-worthwhile-alternative-to-anti-detect-browsers|/blog/geelark-review|/blog/genlogin-browser-alternative-honest-review-2024|/blog/gologin-vs-browserjet-review|/blog/gologin-vs-hidemium-which-one-is-better|/blog/gologin-vs-identory|/blog/gologin-vs-maskfog-review|/blog/gologin-vs-switch-antidetect|/blog/gologin-vs-swspybrowser-review|/blog/gologin-vs-yunlark-review|/blog/hidemyacc-browser-alternative-honest-review|/blog/hydraheaders-browser-tool-review|/blog/incogniton-vs-gologin|/blog/indigo-browser-vs-gologin-honest-comparison|/blog/insomniac-browser-review|/blog/kameleo-browser-alternative-review|/blog/lalicat-browser-vs-gologin-honest-review|/blog/lauth-vs-gologin-honest-review|/blog/linken-sphere-browser-alternative-review|/blog/logii-browser-vs-gologin-honest-review|/blog/loginways-vs-gologin-honest-review|/blog/marketerbrowser-vs-gologin-review|/blog/morelogin-browser-alternative|/blog/mulogin-vs-gologin-honest-review|/blog/multibrowser-review|/blog/multilogin-chrome-browser|/blog/nstbrowser-vs-gologin-honest-review|/blog/octo-browser-gologin|/blog/rebrowser-vs-gologin-honest-review|/blog/roxybrowser-vs-gologin-review|/blog/selenium-vs-playwright|/blog/session-box-vs-gologin|/blog/surfinite-vs-gologin-honest-review|/blog/technical-comparison-of-the-top-10-residential-proxy-providers|/blog/ultimate-orb-vs-gologin-review|/blog/undetectable-browser-vs-gologin|/blog/vision-browser-review|/blog/vmlogin-browser-alternative-honest-review-2024|/blog/vmmask-anti-detect-browser|/blog/wade-browser-review|/blog/webgl-canvas-fingerprinting|/blog/what-is-a-user-agent|/blog/x-browser-alternative-review-2023|/blog/xlogin-vs-gologin-review|/blog/xpass-browser-alternative,2026-03-26
Snapchat Account Suspended or Banned for IP address? Here’s How To Avoid It,https://gologin.com/blog/snapchat-account-suspended-or-banned/,multi-accounting,snapchat account suspended or banned for,how-to,Why Snapchat Account Suspension Always Has a Reason|What Actions Trigger Snapchat Locks and Bans|Snapchat IP Address Ban & Device Ban Explained|How to Appeal Snapchat Ban Decision?|How to Avoid Snapchat Ban with Gologin Antidetect Browser|Step-by-Step Guide: Managing Multiple Snapchat Accounts with Gologin|Frequently Asked Questions About Snapchat Account Ban|Types of Snapchat Bans and Snapchat Device Bans|What Actions Actually Get You Banned on Snapchat|Which Snapchat Bans Can be Reversed?|What to Write in Snapchat’s Appeal?|What Gologin can and cannot do for Snapchat|Can you get banned from Snapchat?|How do you get banned from Snapchat?|How to unban a Snapchat account?|Why is my Snapchat getting banned?|Is Snapchat banned now?|How long does a Snapchat ban last?|What is the Snapchat Support error code SS06?|What is the Snapchat device ban duration 2026?,2603,/blog/can-you-have-multiple-snapchat-accounts,2026-03-26
How And Where to Buy Amazon Seller Accounts in 2026?,https://gologin.com/blog/buy-amazon-seller-accounts/,ecommerce,how and where to buy amazon,informational,"Why Buy Amazon Seller Accounts in 2026?|Types of Amazon Seller Accounts: Which One Do You Need?|Top Marketplaces to Buy Amazon Seller Accounts|How to Manage Amazon Accounts with Gologin to Avoid Bans|FAQs|1. To Scale Beyond Amazon’s Limits for an Account|2. Multiple Accounts = Safety Net Against Bans|1. Aged Amazon Accounts|2. Ungated Accounts|3. Stealth Accounts|4. Company Accounts|5. Region-Specific Accounts|6. FBA vs. FBM Accounts|7. High IPI Accounts|8. Approved Brand Accounts|9. Grandfathered Accounts|10. Tax-Exempt Accounts|1. Flippa|2. Empire Flippers|3. Seller-acc.net|4. Private Forums and Communities|5. Telegram Channels|6. Chinese Platforms (Zhuba, WeChat)|Step 1: Download Gologin and Register Yourself|Step 2: Create a Gologin Browser Profile and Configure Proxy|Step 3: Open the Browser Profile and Log in to Amazon|Step 4: Repeat the Steps for Each Additional Amazon Account|Can a seller have multiple Amazon accounts?|Where to buy Amazon seller account?|What are the risks of buying Amazon seller accounts?",4652,/blog/browser-session-share|/blog/buy-ebay-seller-accounts|/blog/buy-twitter-x-accounts|/blog/multi-account-browser|/blog/multiple-amazon-accounts|/blog/ultimate-guide-to-webgl-fingerprint|/blog/why-is-my-amazon-account-suspended,2026-03-24
10 Best Anti-Detect browsers in 2026: Testing for Anti-Fingerprinting,https://gologin.com/blog/anti-fingerprinting-browser/,browser-fingerprinting,10 best anti detect browsers in,commercial,"Why do you need the best antidetect browsers?|What are the Pixelscan and Iphey checkers, and why these, not others?|Key parameters and risks|Test participants|Test methodology|1. Gologin - Best For The Money|2. 1Browser - free antidetect browser with solid built-in proxies|3. Multilogin - premium solution for corporate level|4. MoreLogin - budget option with mobile browsers|5. Incogniton - for the techies and geeks|6. NSTBrowser - maximum automation for geeks|7. Kameleo - mobile profiles and flexible customization|8. GeeLark - cloud phones for TikTok and other mobile apps|9. Dolphin Anty Antidetect Browser: The Affiliate Marketer's Favorite|10. Hidemium Antidetect Browser: The Asian Newcomer with AI Scripts|Final Conclusion|Brief results of the test|What are User Agent, Hardware, Canvas and WebGL?|How to check if your browser anti-detect protects your accounts from being detected by anti-fraud systems?|Fingerprint verification|Comparison criteria|Digital imprint and anonymity|Digital browser fingerprints and anti-detection|Checking the digital fingerprint|Browser fingerprints and default issues|Digital fingerprint protection|Anti-detection and features of the digital fingerprint|Digital browser fingerprints and passing checks|Browser Fingerprints and Antidetect Features|Interface, Automation, and Speed|Testing the Antidetect Browser's Masking Capabilities|Proxy Management|Pricing and Plans|An Interface Dictated by 90s Fashion|The AI Assistant: &#8220;A Feature No One Else Has&#8221;|Fingerprint Testing|Proxies and Their Configuration|Pricing|Summary table of test results|The expert's verdict on each of the competitors",9067,/blog/adspower-browser-vs-gologin|/blog/anti-fingerprint-browser-list-2023|/blog/best-antidetect-browsers|/blog/best-free-antidetect-browser|/blog/browser-fingerprint-spoofing-how-to-prevent-tracking|/blog/buy-amazon-seller-accounts|/blog/detect-mobile-browser-android|/blog/device-fingerprinting-in-web-scraping|/blog/dolphin-anty-vs-gologin|/blog/geelark-review|/blog/how-to-pass-iphey|/blog/incogniton-vs-gologin|/blog/morelogin-cloud-phone-review|/blog/multilogin-chrome-browser|/blog/multiple-tiktok-accounts|/blog/nstbrowser-vs-gologin-honest-review|/blog/technical-comparison-of-the-top-10-residential-proxy-providers|/blog/telegram-account-banned|/blog/virtual-machine-vs-anti-detect-browser|/blog/what-is-a-digital-footprint|/blog/what-is-a-webrtc-leak|/blog/what-is-an-ip-leak|/blog/what-is-antidetect-browser|/blog/what-is-canvas-fingerprinting|/blog/what-is-fingerprint-browser-top-choices,2026-03-20
YouTube Account Suspended or Banned for No Reason? Here’s How To Avoid It,https://gologin.com/blog/youtube-account-suspended-or-banned/,multi-accounting,youtube account suspended or banned for,how-to,Why YouTube Bans Happen in 2026 (There is Always a Reason)|Types of YouTube Bans & Terminations|YouTube Account Recovery: Appealing a Suspended Channel|How to Avoid YouTube Account Linking & Protect Against Ban|Step-by-Step Guide: Managing Multiple YouTube Accounts with Gologin|YouTube Content Hygiene Checklist 2026|FAQ|Prepare a Concise and Factual Appeal Case|Where to Contact YouTube for Appeal?|How can I unsuspend my YouTube account?|Why does my YouTube keep getting banned?|Which countries have YouTube banned?|What happens if your YouTube account is banned?|How long are YouTube bans?,2709,/blog/how-to-run-multiple-youtube-accounts,2026-03-19
How and where can safely buy eBay seller accounts in 2026?,https://gologin.com/blog/buy-ebay-seller-accounts/,ecommerce,how and where can safely buy,informational,Why Buy eBay Seller Accounts in 2026?|Types of eBay Accounts: Which One Do You Need?|Where to Buy eBay Accounts: 2026 Marketplace Review|How to Manage eBay Accounts with Gologin to Avoid Bans|FAQs|1. eBay’s selling limits|2. Multiple eBay accounts distribute risks|3. Separate account for each eBay marketplace|1. Personal vs. Business Accounts|2. Stealth Accounts|3. Aged Accounts with Feedback|4. Accounts with Managed Payments|1. Seller-acc.net|2. Buyer Requests on SWAPD|3. Private Forums and Communities|Step 1: Download Gologin and Register Yourself|Step 2: Create a Browser Profile|Step 3: Configure proxy|Step 5: Run the profile and log in to eBay|Step 6: Log in to other eBay accounts|Can I buy an eBay seller account?|Why do people buy eBay accounts?,3426,/blog/anti-fingerprinting-browser|/blog/ebay-account-suspended|/blog/multi-account-browser|/blog/multiple-amazon-accounts|/blog/multiple-ebay-accounts|/blog/multiple-social-media-accounts,2026-03-18
How to Create Multiple PayPal Accounts and Manage Them Securely 2026,https://gologin.com/blog/multiple-paypal-accounts/,general,how to create multiple paypal accounts,how-to,"The Legal Angle: Personal vs. Business Accounts|Types of PayPal Accounts (Personal vs Business)|PayPal’s Policy on Multiple Accounts|How PayPal Tracks and Links Your Data|Comparison Table: Why VPNs are Not Enough|The &#8220;Stealth Account&#8221; Strategy: Warming Up|How to Create a New PayPal Account (Personal & Business)|Managing Multiple PayPal Accounts from One Device (Without Detection)|How to Operate Multiple PayPal Accounts Without Getting Banned|Guide: How to Manage Manage Multiple PayPal Accounts With Gologin|Conclusion|Frequently Asked Questions About Multiple PayPal Accounts|The Official Way: One Personal, One Business Account|Beyond the IP: How PayPal’s &#8220;Entity Linking&#8221; Works|Creating a Personal PayPal Account|Creating a Business PayPal Account|1. Download and Install the Gologin App|2. Create a New Browser Profile|3. Launch the Profile and Log in to PayPal|4. Create More Gologin Browser Profiles|5. Sharing Gologin Profiles With Clients|Should I create a separate PayPal account for my Business?|Can I connect two PayPal accounts with the same bank?|Can I have two PayPal accounts with the same phone number?|Can I have two PayPal accounts with the same SSN?|Does PayPal let you have multiple accounts?|Why did my PayPal account get limited even with a VPN?|What is a &#8220;Stealth PayPal Account&#8221;?",3021,/blog/browser-fingerprint|/blog/manage-multiple-google-accounts|/blog/paypal-account-suspended|/blog/ultimate-guide-to-webgl-fingerprint|/blog/what-is-a-webrtc-leak,2026-03-17
How And Where to Buy Facebook Accounts in 2026?,https://gologin.com/blog/buy-facebook-accounts/,multi-accounting,how and where to buy facebook,informational,Why Marketers Need Multiple Facebook Accounts in 2026|Types of Facebook Accounts You Can Buy|Where to Buy Facebook Accounts in 2026|How to Safely Use Multiple Facebook Accounts with Gologin|FAQs|The Danger of Running Everything from One Account|The Daily Spending Limit Issue|Aged Facebook Accounts (2–10+ Years)|Verified Business Manager (BM) Accounts|Farmed Accounts (Soft-Registrations)|Reinstated Accounts|Auto-Reg Accounts|Manual-Reg Accounts|1. AccsMarket|2. AccsZone|3. G2G|4. Z2U|5. SWAPD.co|Step 1: Download Gologin and Create Your Account|Step 2: Create a Browser Profile for Each Account|Step 3: Assign the Right Proxy to Each Profile|Step 5: Run the Profile and Log In|Step 6: Scale to More Accounts|How much does an aged Facebook account cost in 2026?|Can I use one credit card for multiple accounts?|Is it legal to buy Facebook accounts?|Why do people buy old Facebook accounts?,4223,/blog/banned-from-facebook|/blog/best-antidetect-browsers-for-smm|/blog/what-is-antidetect-browser,2026-03-16
Gmail Account Suspended or Banned for No Reason? Here’s How To Avoid It,https://gologin.com/blog/gmail-account-suspended/,multi-accounting,gmail account suspended or banned for,how-to,Google’s AI-Driven Detection Systems|Top Gmail Suspension Triggers in 2026|How to Recover a Suspended/Banned Gmail Account|Avoiding Gmail Suspensions In the Future|Gmail “Warm-Up” Protocol to Improve Account Reputation|Managing Multiple Gmail Accounts with Gologin|FAQ|Official Google Appeal Process to Unban Gmail Account|Tips That Increase Your Chances of Recovery|Gmail Suspensions That Are Usually Reversible|Gmail Suspensions That Are Permanent|Alternative Ways to Contact Google Support|How long does a Gmail suspension last?|Can I recover a permanently disabled Gmail?|What typically causes a Gmail account suspension?|How can I fix a Google account suspension?,3155,/blog/best-secure-browsers|/blog/ultimate-guide-to-webgl-fingerprint,2026-03-12
Best Browsers for Privacy: Detailed Comparison & Review 2026,https://gologin.com/blog/best-browser-for-privacy/,competitor-comparison,best browsers for privacy detailed comparison,comparison,"Browser Comparison Table: Privacy Features at a Glance (2026)|Why Browser Privacy is Important|Why Your Standard Browser Is a Privacy Nightmare|What Makes a Browser Truly Safe?|Digital Fingerprints: What They Are and How They Work|Browsers by Use Case: Which One Is Right for You?|Advanced Privacy: Fingerprint Spoofing vs. Fingerprint Blocking|2026 Threat Landscape: What Privacy Browsers Need to Address Now|Top 10 Privacy Browsers: Comparison 2026|1. Gologin: The Most Advanced Privacy Browser|2. Brave Browser|3. Tor Browser|4. Opera Browser|5. Firefox (Hardened): A Customizable Privacy Workhorse|6. Epic Privacy Browser: Simple, Zero-Trace Browsing|7. DuckDuckGo Browser: Tracking-Free by Default|8. Iridium Browser: Chromium Without the Tracking|9. Mullvad Browser: Privacy Rooted in Zero-Identity Philosophy|10. LibreWolf: Firefox Without the Compromise|What is important to consider?|How to Test Your Browser's Privacy|Using Gologin Browser|Best Browser for Privacy: Conclusion|FAQ|Best for Daily Use: Brave and Hardened Firefox|Best for Maximum Anonymity: Tor Browser and Mullvad Browser|Best for Zero Telemetry: LibreWolf|Post-Quantum Cryptography Support|Privacy Sandbox vs. Real Tracking Protection|AI-Driven Behavioral Tracking|Privacy vs. Environment Isolation: What Modern Threat Models Require|1. Which privacy browser offers the strongest anonymity?|2. Do all privacy browsers protect against fingerprinting?|3. Are privacy browsers legal?|4. Which privacy browser is best for everyday use?|5. What information is collected in a browser fingerprint?|6. Can I hide or disable my browser fingerprint?|8. Does a VPN protect against browser fingerprinting?",5769,/blog/best-antidetect-browser-for-android|/blog/buy-reddit-accounts|/blog/cookie-import-export|/blog/multiple-social-media-accounts|/blog/what-is-a-dns-leak|/blog/what-is-a-webrtc-leak|/blog/what-is-an-ip-leak,2026-03-10
Lauth Browser vs Gologin: Honest Review Update 2026,https://gologin.com/blog/lauth-vs-gologin-honest-review/,competitor-comparison,lauth browser vs gologin update,comparison,First Impressions & Layout|Proxy Setup & Fingerprint Management|Reputation & Support|Gologin – More Features for More Use Cases|Lauth vs Gologin – Price Comparison|Lauth vs Gologin – Wrapping Up|Customization & User Experience|Proxies & Fingerprinting|Work Environment & Team Support|Free Plans & Trial Periods|Paid Plans|Lauth Pricing Shenanigans|Read other posts about Reviews of browsers:,2294,/blog/accovod-vs-gologin|/blog/adspower-browser-vs-gologin|/blog/aezakmi-browser-vs-gologin-honest-review|/blog/anti-fingerprinting-browser|/blog/antidetect-browser-review|/blog/antikbrowser-vs-gologin-review|/blog/aqum-browser-vs-gologin-honest-review|/blog/best-antidetect-browser-for-android|/blog/best-proxy-browser|/blog/best-remote-access-software|/blog/best-virtual-browser|/blog/bitbrowser-review|/blog/camoufox-vs-gologin-honest-review|/blog/che-browser-vs-gologin|/blog/cybersecurity-solutions|/blog/dicloak-online-browser|/blog/dolphin-anty-vs-gologin|/blog/fingerprintswitcher-a-worthwhile-alternative-to-anti-detect-browsers|/blog/geelark-review|/blog/genlogin-browser-alternative-honest-review-2024|/blog/gologin-vs-browserjet-review|/blog/gologin-vs-hidemium-which-one-is-better|/blog/gologin-vs-identory|/blog/gologin-vs-maskfog-review|/blog/gologin-vs-switch-antidetect|/blog/gologin-vs-swspybrowser-review|/blog/gologin-vs-yunlark-review|/blog/hidemyacc-browser-alternative-honest-review|/blog/hydraheaders-browser-tool-review|/blog/incogniton-vs-gologin|/blog/indigo-browser-vs-gologin-honest-comparison|/blog/insomniac-browser-review|/blog/kameleo-browser-alternative-review|/blog/lalicat-browser-vs-gologin-honest-review|/blog/linken-sphere-browser-alternative-review|/blog/logii-browser-vs-gologin-honest-review|/blog/loginways-vs-gologin-honest-review|/blog/marketerbrowser-vs-gologin-review|/blog/masq-antidetect-vs-gologin-honest-review|/blog/morelogin-browser-alternative|/blog/mulogin-vs-gologin-honest-review|/blog/multibrowser-review|/blog/multilogin-chrome-browser|/blog/multiple-social-media-accounts|/blog/nstbrowser-vs-gologin-honest-review|/blog/octo-browser-gologin|/blog/rebrowser-vs-gologin-honest-review|/blog/roxybrowser-vs-gologin-review|/blog/session-box-vs-gologin|/blog/surfinite-vs-gologin-honest-review|/blog/ultimate-orb-vs-gologin-review|/blog/undetectable-browser-vs-gologin|/blog/vision-browser-review|/blog/vmlogin-browser-alternative-honest-review-2024|/blog/vmmask-anti-detect-browser|/blog/wade-browser-review|/blog/web-scraping-service-cloudflare-bypass|/blog/what-is-a-user-agent|/blog/x-browser-alternative-review-2023|/blog/xlogin-vs-gologin-review|/blog/xpass-browser-alternative,2026-03-10
How & Where to Buy Reddit Accounts in 2026 | Gologin,https://gologin.com/blog/buy-reddit-accounts/,multi-accounting,how where to buy reddit accounts,informational,Why Buy Reddit Accounts in 2026?|Types of Reddit Accounts|Where to Buy Reddit Accounts in 2026|Managing Purchased Accounts with Gologin|Risks and Ethical Consideration|FAQs|The CQS problem with new accounts|Karma and link sharing|What this means for Google rankings|Aged Accounts|High Karma Accounts|Niche-Specific Accounts|Shadowban-Free Guarantee|1. AccsMarket|2. G2G|3. Z2U|4. PlayerUp|Step 1: Download Gologin and Register|Step 2: Create a Browser Profile and Assign a Proxy|Step 3: Run the Profile and Log Into Reddit|Step 4: Scale to Multiple Accounts|Reddit's Terms of Service|Account Recovery Scams|Where is the best place to buy Reddit accounts?|Is it safe to buy Reddit accounts?|Can Reddit detect purchased accounts?|Will Reddit ban me for using an antidetect browser?|What is the 90 9 1 rule on Reddit?,3438,/blog/account-restricted|/blog/multiple-reddit-accounts|/blog/multiple-social-media-accounts|/blog/reddit-account-suspended|/blog/technical-comparison-of-the-top-10-residential-proxy-providers,2026-03-06
X Browser Alternative For Multi Accounting? 2026 Review UpDate,https://gologin.com/blog/x-browser-alternative-review-2023/,competitor-comparison,x browser alternative for multi accounting,comparison,X Browser: What's Changed In 2026?|Gologin: Great X Browser Alternative In 2026|X Browser vs Gologin - Pricing|X Browser vs Gologin: 2026 Summary|User Interface|Support & Updates|Mobile Devices And Fingerprints|Features and UI|Teamwork|Mobile app and web version|Support and Updates|Read other posts about Reviews of browsers:,1752,/blog/accovod-vs-gologin|/blog/adspower-browser-vs-gologin|/blog/aezakmi-browser-vs-gologin-honest-review|/blog/antidetect-browser-review|/blog/antikbrowser-vs-gologin-review|/blog/aqum-browser-vs-gologin-honest-review|/blog/best-proxy-browser|/blog/best-virtual-browser|/blog/bitbrowser-review|/blog/camoufox-vs-gologin-honest-review|/blog/che-browser-vs-gologin|/blog/dicloak-online-browser|/blog/dolphin-anty-vs-gologin|/blog/fingerprintswitcher-a-worthwhile-alternative-to-anti-detect-browsers|/blog/geelark-review|/blog/genlogin-browser-alternative-honest-review-2024|/blog/gologin-vs-browserjet-review|/blog/gologin-vs-hidemium-which-one-is-better|/blog/gologin-vs-identory|/blog/gologin-vs-maskfog-review|/blog/gologin-vs-switch-antidetect|/blog/gologin-vs-swspybrowser-review|/blog/gologin-vs-yunlark-review|/blog/hidemyacc-browser-alternative-honest-review|/blog/hydraheaders-browser-tool-review|/blog/incogniton-vs-gologin|/blog/indigo-browser-vs-gologin-honest-comparison|/blog/insomniac-browser-review|/blog/kameleo-browser-alternative-review|/blog/lalicat-browser-vs-gologin-honest-review|/blog/lauth-vs-gologin-honest-review|/blog/linken-sphere-browser-alternative-review|/blog/logii-browser-vs-gologin-honest-review|/blog/loginways-vs-gologin-honest-review|/blog/marketerbrowser-vs-gologin-review|/blog/masq-antidetect-vs-gologin-honest-review|/blog/morelogin-browser-alternative|/blog/mulogin-vs-gologin-honest-review|/blog/multibrowser-review|/blog/multilogin-chrome-browser|/blog/nstbrowser-vs-gologin-honest-review|/blog/octo-browser-gologin|/blog/rebrowser-vs-gologin-honest-review|/blog/roxybrowser-vs-gologin-review|/blog/session-box-vs-gologin|/blog/surfinite-vs-gologin-honest-review|/blog/ultimate-orb-vs-gologin-review|/blog/undetectable-browser-vs-gologin|/blog/vision-browser-review|/blog/vmlogin-browser-alternative-honest-review-2024|/blog/vmmask-anti-detect-browser|/blog/wade-browser-review|/blog/what-is-antidetect-browser|/blog/xlogin-vs-gologin-review|/blog/xpass-browser-alternative,2026-03-05
"Gologin in February: updated Android, Orbita 143 and important improvements",https://gologin.com/blog/gologin-in-february/,product-updates,gologin in february android orbita 143,product-update,Android app: more stable sessions and fewer issues|Orbita 143 in the Android app: core update and stronger protection|Working with proxies: faster and easier|Subscriptions and payments|Interface and logic improvements|Useful materials from February|Summary|Working with popular services|Cloud solutions and scaling,733,/blog/best-antidetect-browser-for-android|/blog/browser-as-a-service-with-gologin-cloud-browser|/blog/manage-multiple-google-accounts|/blog/manage-multiple-online-accounts-on-one-device|/blog/multilogin-cloud-phone-review|/blog/multiple-binance-accounts|/blog/multiple-paypal-accounts|/blog/multiple-upwork-accounts|/blog/ultimate-guide-to-webgl-fingerprint|/blog/what-is-a-webrtc-leak,2026-03-04
How & Where to Buy Twitter X Accounts & Manage them Securely,https://gologin.com/blog/buy-twitter-x-accounts/,multi-accounting,how where to buy twitter x,informational,Why Buy X Accounts in 2026?|What are you actually buying?|Understanding CQS & Shadowbans|The 2026 Safe Marketplace Review|How to Manage Your X Accounts Safely|Humanization of the Purchased Account|FAQ|What If You Just Create a New Account From Scratch?|PVA (Phone Verified Accounts)|High-Karma/Niche-Aged Accounts|X Premium (Blue Check) Accounts|Developer-Ready Accounts|The X Trust Score (What Some Sellers Call &#8220;CQS&#8221;)|Shadowban Checking|1. AccsMarket|2. PlayerUp|3. Z2U|4. FameSwap|Why Your Browser Is the Problem|How to Manage Your X Accounts With Gologin Antidetect Browser|How much is a 100k-follower Twitter account worth?|Can fake Twitter accounts be traced?|How to claim an abandoned Twitter username?|How much does a Twitter account cost?,3912,/blog/buy-reddit-accounts|/blog/multi-account-browser|/blog/multiple-tiktok-accounts|/blog/multiple-twitter-accounts|/blog/twitter-account-suspended,2026-03-03
How To Create Multiple Quora Accounts And Manage Them Securely,https://gologin.com/blog/multiple-quora-accounts/,general,how to create multiple quora accounts,how-to,Types Of Quora Accounts And Policies|How To Create A New Quora Account|How To Manage Multiple Accounts From One Device Without Detection|How Gologin helps to manage multiple Quora accounts|Setting up Gologin account with profile for Quora|Conclusion|Frequently Asked Questions (FAQs)|Step 1: Creating an Account|Step 2: Create a New Profiles for Quora Accounts and Add Proxies|Step 3: Launch the Profile and Log into Quora|Can you have multiple Quora accounts?|Does Quora have an adult section?|How do I add another account in Quora?|How many Quora accounts can I manage?,1485,/blog/best-cookie-editor|/blog/multiple-pinterest-accounts|/blog/quora-account-suspended|/blog/the-easiest-way-to-run-multiple-discord-accounts|/blog/ultimate-guide-to-webgl-fingerprint,2026-03-02
How To Create Multiple Fiverr Accounts and Manage Them Securely,https://gologin.com/blog/multiple-fiverr-accounts/,ecommerce,how to create multiple fiverr accounts,how-to,Introduction|Types of Fiverr Accounts and Community Standards|How to Create a New Fiverr Account|How Fiverr Finds Linked Accounts|How to Securely Manage Multiple Fiverr Accounts on the Same Device|How to Set Up Multiple Fiverr Accounts With Gologin|Conclusion|FAQs|Step 1: Unique Email Address for Each Account|Step 2: A Fresh Browser Setup|Step 3: Use a Unique IP Address|Sign Up|Set Up Your Profile and First Gig|IP Address|Browser Fingerprint|Device Identifiers|Payment Information|Behavioral Patterns|Step 1: Create Your Gologin Account|Step 2: Create a New Browser Profile For Each Fiverr Account|Step 3: Assign a Unique Proxy to Each Profile|Step 4: Launch the Profile and Log into Fiverr|Step 5: Repeat for Each Additional Account|How does Fiverr detect multiple accounts?|What is the most profitable gig on Fiverr?|Can I have two freelancer accounts?|Can I make a new Fiverr account?|Are you allowed to have multiple Fiverr accounts?|What is not allowed on Fiverr?|Why is my Fiverr account flagged?|Related Blogs:,1854,/blog/fiverr-account-suspended|/blog/gmail-account-suspended|/blog/multiple-bybit-accounts|/blog/multiple-outlook-accounts|/blog/multiple-pinterest-accounts|/blog/multiple-upwork-accounts|/blog/the-easiest-way-to-run-multiple-discord-accounts|/blog/ultimate-guide-to-webgl-fingerprint,2026-02-28
10 Best Antidetect Browsers for Android in 2026,https://gologin.com/blog/best-antidetect-browser-for-android/,antidetect-browsers,10 best antidetect browsers for android,commercial,"Key Takeaways|Introduction: The Mobile Shift in 2026|Comparison of Antidetect Browsers (Strengths, Limitations & App Android Availability)|So what does an antidetect browser for Android actually mean in 2026?|The Great Divide: Native Android Apps vs. Fingerprint Imitation|Category Leader: Gologin – The Only Real Android Antidetect App|TOP 9 Android Imitated From Desktop|Why Desktop Imitation Is Not Enough for Android in 2026|How to Choose the Right Antidetect Browser for Android Workflows|Conclusion & Verdict: Real Android or Just “Mobile Mode”?|FAQ|2. AdsPower|3. Multilogin|4. Dolphin{anty}|5. Kameleo|6. Octo Browser|7. Incogniton|8. MoreLogin|9. VMLogin|10. Ghost Browser|What exactly is an antidetect browser for Android in 2026?|Can I just use Android emulators instead of a native antidetect app?|Is using an Android antidetect browser legal?|Do I still need proxies if I use a native Android antidetect browser?|How many Android accounts can I realistically manage with Gologin?",4464,/blog/adspower-browser-vs-gologin|/blog/anti-fingerprinting-browser|/blog/incogniton-vs-gologin|/blog/multilogin-chrome-browser|/blog/multiple-google-play-developer-accounts|/blog/multiple-tiktok-accounts|/blog/octo-browser-gologin,2026-02-25
How to manage multiple online accounts on one device in 2026,https://gologin.com/blog/manage-multiple-online-accounts-on-one-device/,general,how to manage multiple online accounts,how-to,"Why do people manage multiple online accounts?|How Platforms Detect Multiple Accounts|What happens when accounts get linked?|7 Ways to Manage Multiple Accounts on One Device|How to Manage Multiple Accounts Safely with Gologin|Tips for Managing Multiple Accounts Without Getting Banned|Conclusion|FAQ|Device fingerprints|IP address tracking|Payment and personal data overlap|Behavioral analysis|1. Antidetect browsers|2. Browser profiles (Chrome, Firefox, Edge)|3. Proxies|4. Incognito or private browsing|5. Multiple browser installations|6. VPNs|7. Virtual machines (VirtualBox, VMware)|How to run multiple accounts using Gologin|How to manage multiple accounts on one device?|How do I manage multiple accounts efficiently?|How to successfully manage multiple social media accounts at once?|How to maintain multiple accounts?|How to manage multiple accounts on Google?",2863,/blog/gmail-account-suspended|/blog/manage-multiple-google-accounts|/blog/multiple-accounts-on-facebook|/blog/multiple-amazon-accounts|/blog/what-are-proxies,2026-02-24
How to Create Multiple Pinterest Accounts And Manage Them Securely,https://gologin.com/blog/multiple-pinterest-accounts/,general,how to create multiple pinterest accounts,how-to,Can You Have Multiple Pinterest Accounts?|Why Do People Create Multiple Pinterest Accounts?|Pinterest Account Types and Sharing Methods|Creating Multiple Pinterest Accounts On The Same Device|How to Securely Manage Multiple Pinterest Accounts on Same Device|Step-by-Step Guide: Manage Multiple Pinterest Accounts With Gologin|Conclusion|Frequently Asked Questions|Niche Separation:|Business vs Personal Separation:|Agency & Client Management:|A/B Testing & Growth Experiments:|Geographic Targeting:|Personal Pinterest Account|Pinterest Business Account|How to Share a Pinterest Account?|Create a Business Account or Convert an Existing Account|Steps to Create a New Pinterest Account|Can I make two accounts on Pinterest?|How many accounts can I have on Pinterest?|Why is Pinterest not letting me switch accounts?|What is Pinterest Jail?|How to avoid Pinterest jail?,2112,,2026-02-23
"What Is a WebRTC Leak? Test, Mechanics, Detection & Prevention",https://gologin.com/blog/what-is-a-webrtc-leak/,browser-fingerprinting,what is a webrtc leak test,informational,"1. How WebRTC ICE Candidate Gathering Works|2. Why Application Proxies May Fail to Capture WebRTC Traffic|3. Modern mDNS Address Obfuscation|4. Disabling, Obfuscating, and Controlling WebRTC|5. WebRTC Management in Gologin Architecture|FAQ: WebRTC Leaks & Testing|WebRTC Candidate Types|Application Proxies vs. Full-Tunnel VPNs|Browser Extension Capabilities|Protect Your Profiles Against WebRTC Leaks|1. What is the difference between a WebRTC leak and a DNS leak?|2. Does a VPN prevent WebRTC leaks?|3. How do I interpret WebRTC leak test results?",1578,,2026-02-20
How to create multiple Upwork accounts & manage them securely,https://gologin.com/blog/multiple-upwork-accounts/,general,how to create multiple upwork accounts,how-to,"Types of Upwork accounts and multi-accounting policy|How to create a new Upwork account|How Gologin helps manage multiple Upwork accounts|How to set up multiple Upwork accounts in Gologin (Quick Steps)|Final thoughts|FAQs|Types of Upwork Accounts|Upwork’s policy on multiple accounts|Why Does Upwork Prohibit Multiple Accounts?|How Upwork detects multiple accounts|Step 1: Sign up on Upwork|Step 2: Verify your email|Step 3: Start building your profile|Step 4: Choose your category, skills, and services|Step 5: Complete your profile details|Managing multiple Upwork workspaces from one device|1. Download and register for Gologin|2. Create a new Upwork browser Profile|3. Launch the profile and log in to Upwork|4. Create more Gologin browser profiles|How does Upwork detect multiple accounts?|Can I have a client and freelancer account on Upwork?|Can I have two freelancer accounts?|Does Upwork check IP address?",2269,/blog/upwork-account-suspended|/blog/what-is-timezone-spoofing-avoid-account-bans-safely,2026-02-18
How to Create Multiple Bybit Accounts and Manage Them Securely,https://gologin.com/blog/multiple-bybit-accounts/,crypto,how to create multiple bybit accounts,how-to,"Why Do You Need Multiple ByBit Accounts?|ByBit’s Policy on Multiple Accounts Per User|ByBit Sub Account: Limits, Perks & Features|Creating Multiple Bybit Accounts On The Same Device|How to Securely Manage Multiple ByBit Accounts on Same Device|Step-by-Step Guide: Manage Multiple ByBit Accounts With Gologin|Managing Multiple Bybit Accounts With API Keys & Gologin Automation|Conclusion|Frequently Asked Questions|Get Higher Trading Limits|Crypto Portfolio Managers|Trading Strategy Separation|Claim AirDrops & Rewards from Multiple Accounts|Common Reasons Why KYC Verification Can Fail on ByBit|Do Sub Accounts Have Separate Limits?|Bybit Custodial and Islamic Subaccounts|Registering a Bybit Main Account (Official Method)|How to Create a Standard Sub Account on Bybit|Can I have two wallet addresses on Bybit?|What Proxy Location Should I Choose When Accessing ByBit?|Is Bybit legal in the US?|How to create a sub account on Bybit?|Can I create a new Bybit account?|Does Bybit allow multiple accounts?",2666,,2026-02-16
Unblocked Instagram: How To Unblock Instagram using a VPN or Proxy Alternative,https://gologin.com/blog/how-to-unblock-instagram-in-your-country/,proxies,unblocked instagram how to unblock instagram,comparison,"Ways To Unblocked Instagram From Anywhere|Other Methods & Tricks We Don’t Recommend:|Where Is Instagram Blocked Right Now?|Why Is Instagram Blocked In Some Locations?|FAQs|1. Using Gologin Proxy Browser|2. Using a Proxy IP|3. Buying Foreign SIM Cards|1. Using a VPN|2. Change DNS / Smart DNS (doesn’t work)|3. Tor (slow, encryption will trigger bans)|4. Browser Extensions (dangerous)|How to unblock Instagram without a VPN?|Is Instagram available in Russia?|Is Instagram blocked in China?|What do Chinese people use instead of Instagram?",2351,/blog/best-virtual-browser|/blog/what-is-browser-fingerprinting,2026-02-13
GoLogin vs AntBrowser: A Comparison of Pricing and Features,https://gologin.com/blog/antidetect-browser-review/,competitor-comparison,gologin vs antbrowser a comparison of,comparison,"Quick Intro on the Browser|Key Features Making Tool Stand Out|Pros & Cons|Common Use Cases, Based on Online Mentions and Website|Pricing and Plans|Recap & Author Verdict|AntBrowser|Gologin|AntBrowser – Simplicity and Local Storage|Gologin – Advanced Features and Flexibility|Read other posts about Reviews of browsers:",1828,/blog/accovod-vs-gologin|/blog/adspower-browser-vs-gologin|/blog/aezakmi-browser-vs-gologin-honest-review|/blog/antikbrowser-vs-gologin-review|/blog/aqum-browser-vs-gologin-honest-review|/blog/best-proxy-browser|/blog/best-virtual-browser|/blog/bitbrowser-review|/blog/buy-ebay-seller-accounts|/blog/camoufox-vs-gologin-honest-review|/blog/che-browser-vs-gologin|/blog/dicloak-online-browser|/blog/dolphin-anty-vs-gologin|/blog/fingerprintswitcher-a-worthwhile-alternative-to-anti-detect-browsers|/blog/geelark-review|/blog/genlogin-browser-alternative-honest-review-2024|/blog/gologin-vs-browserjet-review|/blog/gologin-vs-hidemium-which-one-is-better|/blog/gologin-vs-identory|/blog/gologin-vs-maskfog-review|/blog/gologin-vs-switch-antidetect|/blog/gologin-vs-swspybrowser-review|/blog/gologin-vs-yunlark-review|/blog/hidemyacc-browser-alternative-honest-review|/blog/hydraheaders-browser-tool-review|/blog/incogniton-vs-gologin|/blog/indigo-browser-vs-gologin-honest-comparison|/blog/insomniac-browser-review|/blog/kameleo-browser-alternative-review|/blog/lalicat-browser-vs-gologin-honest-review|/blog/lauth-vs-gologin-honest-review|/blog/linken-sphere-browser-alternative-review|/blog/logii-browser-vs-gologin-honest-review|/blog/loginways-vs-gologin-honest-review|/blog/marketerbrowser-vs-gologin-review|/blog/masq-antidetect-vs-gologin-honest-review|/blog/morelogin-browser-alternative|/blog/mulogin-vs-gologin-honest-review|/blog/multibrowser-review|/blog/multilogin-chrome-browser|/blog/multiple-social-media-accounts|/blog/nstbrowser-vs-gologin-honest-review|/blog/octo-browser-gologin|/blog/rebrowser-vs-gologin-honest-review|/blog/roxybrowser-vs-gologin-review|/blog/session-box-vs-gologin|/blog/surfinite-vs-gologin-honest-review|/blog/ultimate-orb-vs-gologin-review|/blog/undetectable-browser-vs-gologin|/blog/vision-browser-review|/blog/vmlogin-browser-alternative-honest-review-2024|/blog/vmmask-anti-detect-browser|/blog/wade-browser-review|/blog/what-is-canvas-fingerprinting|/blog/x-browser-alternative-review-2023|/blog/xlogin-vs-gologin-review|/blog/xpass-browser-alternative,2026-02-12
How to Run Multiple Outlook Accounts Safely in 2026,https://gologin.com/blog/multiple-outlook-accounts/,general,how to run multiple outlook accounts,how-to,"Types of Outlook Accounts and Microsoft's Policy|How to Create a New Outlook Account|Security Considerations for Multiple Accounts|How to manage multiple Outlook accounts from one device without detection.|How Gologin Helps Manage Multiple Outlook Accounts|How to run multiple Outlook accounts with a multi-accounting browser|Wrapping Up|FAQ: managing multiple Outlook accounts|Microsoft's Account Creation Limits|Outlook account types|Common issues and solutions when creating a new Outlook account|Option 1: Outlook on the web with multiple sessions|Option 2: Add additional email accounts in Outlook desktop|Option 3: Outlook mobile app|Limitations of native methods|What Makes Gologin Different?|Can I have two Outlook accounts?|How do I switch between Outlook email accounts?|When managing multiple Outlook accounts, it is very important to?|How do I see all my Outlook accounts in one inbox?",3668,,2026-02-11
Best Way to Run Multiple Discord Accounts for Free in 2026,https://gologin.com/blog/the-easiest-way-to-run-multiple-discord-accounts/,multi-accounting,best way to run multiple discord,commercial,"How to run multiple accounts right in Discord|Ways to manage 5+ Discord accounts|Multiple discord accounts on mobile|How to run multiple Discord accounts with Gologin|Security considerations when managing multiple Discord accounts|How to switch accounts on Discord mobile?|Wrapping up|Frequently asked questions|What will be new on platform in 2026?|Log in and out, again and again|Create multiple Chrome profiles for each Discord account|Use a browser and the Discord desktop app|Use Discord Canary and PTB|Clone apps on mobile devices|Buy multiple physical devices|Running multiple accounts|How many accounts can I have on Discord?|Can people tell I have two Discord accounts?|Can I make two Discord accounts with the same email?|Is running multiple Discord accounts legal?|Read other posts about multiple accounting:",3620,/blog/can-i-have-multiple-bluesky-accounts|/blog/can-you-have-2-fanduel-accounts|/blog/can-you-have-multiple-snapchat-accounts|/blog/can-you-have-multiple-whatsapp-accounts|/blog/discord-account-suspended-or-banned|/blog/how-to-run-multiple-coinbase-accounts|/blog/how-to-run-multiple-etsy-shops|/blog/how-to-run-multiple-telegram-accounts|/blog/linkedin-multiple-accounts|/blog/manage-multiple-google-accounts|/blog/multiple-accounts-on-facebook|/blog/multiple-airbnb-accounts|/blog/multiple-amazon-accounts|/blog/multiple-craigslist-login|/blog/multiple-ebay-accounts|/blog/multiple-gmail-accounts|/blog/multiple-google-ads-accounts|/blog/multiple-instagram-accounts|/blog/multiple-prizepicks-accounts|/blog/multiple-reddit-accounts|/blog/multiple-social-media-accounts|/blog/multiple-tiktok-accounts|/blog/multiple-twitter-accounts|/blog/multiple-zillow-agent-login|/blog/steam-account-suspended-or-banned,2026-02-11
Che Browser vs Gologin: Honest Review 2026,https://gologin.com/blog/che-browser-vs-gologin/,competitor-comparison,che browser vs gologin,comparison,The Che Browser – Upending the Status Quo?|Gologin – The Flexible Alternative for Any Use Case|Che Browser vs Gologin – Price Comparison|Che Browser vs Gologin – Wrapping Up|First Impressions|Overview & Features|Proxy Setup & Fingerprint Management|Reputation & Customer Support|User Experience & Customization Options|Teamwork Capabilities & Automation|Platform Support & Reputation|Trials & Free Plans|Paid Options|Read other posts about Reviews of browsers:,2345,/blog/accovod-vs-gologin|/blog/adspower-browser-vs-gologin|/blog/aezakmi-browser-vs-gologin-honest-review|/blog/antidetect-browser-review|/blog/antikbrowser-vs-gologin-review|/blog/aqum-browser-vs-gologin-honest-review|/blog/best-proxy-browser|/blog/best-virtual-browser|/blog/bitbrowser-review|/blog/camoufox-vs-gologin-honest-review|/blog/dicloak-online-browser|/blog/dolphin-anty-vs-gologin|/blog/fingerprintswitcher-a-worthwhile-alternative-to-anti-detect-browsers|/blog/geelark-review|/blog/genlogin-browser-alternative-honest-review-2024|/blog/gologin-vs-browserjet-review|/blog/gologin-vs-hidemium-which-one-is-better|/blog/gologin-vs-identory|/blog/gologin-vs-maskfog-review|/blog/gologin-vs-switch-antidetect|/blog/gologin-vs-swspybrowser-review|/blog/gologin-vs-yunlark-review|/blog/hidemyacc-browser-alternative-honest-review|/blog/hydraheaders-browser-tool-review|/blog/incogniton-vs-gologin|/blog/indigo-browser-vs-gologin-honest-comparison|/blog/insomniac-browser-review|/blog/kameleo-browser-alternative-review|/blog/lalicat-browser-vs-gologin-honest-review|/blog/lauth-vs-gologin-honest-review|/blog/linken-sphere-browser-alternative-review|/blog/logii-browser-vs-gologin-honest-review|/blog/loginways-vs-gologin-honest-review|/blog/marketerbrowser-vs-gologin-review|/blog/masq-antidetect-vs-gologin-honest-review|/blog/morelogin-browser-alternative|/blog/mulogin-vs-gologin-honest-review|/blog/multibrowser-review|/blog/multilogin-chrome-browser|/blog/multiple-social-media-accounts|/blog/nstbrowser-vs-gologin-honest-review|/blog/octo-browser-gologin|/blog/rebrowser-vs-gologin-honest-review|/blog/roxybrowser-vs-gologin-review|/blog/session-box-vs-gologin|/blog/surfinite-vs-gologin-honest-review|/blog/ultimate-orb-vs-gologin-review|/blog/undetectable-browser-vs-gologin|/blog/vision-browser-review|/blog/vmlogin-browser-alternative-honest-review-2024|/blog/vmmask-anti-detect-browser|/blog/wade-browser-review|/blog/web-scraping-service-cloudflare-bypass|/blog/x-browser-alternative-review-2023|/blog/xlogin-vs-gologin-review|/blog/xpass-browser-alternative,2026-02-10
How to Run Multiple Google Play Developer Accounts Safely in 2026,https://gologin.com/blog/multiple-google-play-developer-accounts/,general,how to run multiple google play,how-to,What is a Google Play Developer Account?|Why You Would Need Multiple Google Play Console Accounts|Google’s Policy on Creating Multiple Google Play Developer Accounts|How to Create Multiple Google Play Developer Accounts|How to Manage Multiple Google Play Developer Accounts Securely|Gologin Guide: Create & Manage Multiple Google Play Console Accounts|Conclusion|FAQ|Google Play Developer Account vs Google Play Console|Separate Branding or Product-Line|Risk Isolation|App Mergers & Acquisitions|Freelance App Developers|Key Things to Know When Creating Multiple Google Play Console Accounts|1. Download and Install the Gologin App|2. Create a New Browser Profile|3. Launch the Profile and Log in to Google Play Console|4. Create More Gologin Browser Profiles|5. Sharing Gologin Profiles With Clients|Can I have multiple Google Play Developer accounts?|Can I Use the Same Google Account for Multiple Google Play Developer Accounts?|How to Create a Different Google Payments Profile for Google Play Console?|Is it legal to make multiple Google Play Console Accounts?,2553,/blog/google-play-account-banned,2026-02-10
Can You Have Multiple WhatsApp Accounts On One Device? 2026 Guide,https://gologin.com/blog/can-you-have-multiple-whatsapp-accounts/,multi-accounting,can you have multiple whatsapp accounts,informational,"Use Case: Why You Might Need More than One Whatsapp Account?|Phone Number Requirements for Multiple WhatsApp Accounts|How to Have Multiple WhatsApp Accounts: 5 Common Workarounds|How Businesses Can Use More than 2 WhatsApp accounts (PC & Mobile)|How to Set Up Multiple WhatsApp Accounts in Gologin (Quick Steps)|Conclusion|FAQ|Why Gologin Is Best for Multiple WhatsApp Accounts|Can I have two WhatsApp accounts on one phone?|How to add a 2nd WhatsApp account in iPhone?|How to use 2 WhatsApp in system?|Can use multiple WhatsApp accounts on iPhone?|Can I have 2 WhatsApp Business accounts on one phone?|If I want to create and manage many WhatsApp accounts, what’s the safest way?|How to manage multiple WhatsApp Business accounts?|Read other posts about multiple accounting:",2888,/blog/anti-fingerprinting-browser|/blog/can-i-have-multiple-bluesky-accounts|/blog/can-you-have-2-fanduel-accounts|/blog/can-you-have-multiple-snapchat-accounts|/blog/how-to-run-multiple-coinbase-accounts|/blog/how-to-run-multiple-etsy-shops|/blog/how-to-run-multiple-telegram-accounts|/blog/manage-multiple-google-accounts|/blog/multiple-accounts-on-facebook|/blog/multiple-airbnb-accounts|/blog/multiple-amazon-accounts|/blog/multiple-craigslist-login|/blog/multiple-ebay-accounts|/blog/multiple-gmail-accounts|/blog/multiple-google-ads-accounts|/blog/multiple-instagram-accounts|/blog/multiple-prizepicks-accounts|/blog/multiple-reddit-accounts|/blog/multiple-social-media-accounts|/blog/multiple-tiktok-accounts|/blog/multiple-twitter-accounts|/blog/multiple-zillow-agent-login|/blog/the-easiest-way-to-run-multiple-discord-accounts|/blog/whatsapp-account-banned-or-suspended,2026-02-09
How to have multiple instagram accounts: SMM Guide for 2025,https://gologin.com/blog/multiple-instagram-accounts/,multi-accounting,how to have multiple instagram accounts,how-to,Introduction to Managing Multiple Instagram Accounts|What is a Shadowban on Instagram?|Why Does Instagram Ban Multiple Instagram Accounts?|Can you have multiple Instagram accounts?|How many Instagram accounts can i have?|Can You Use the Same Email Address for a Second Account?|Managing Multiple Accounts with the Instagram App|How Does Instagram Detect Multiple Account Use?|Do Other Anti-Tracking Methods Work Against Instagram Tracker?|How To Run Multiple Instagram Accounts Using Gologin|Managing Instagram Posts Across Multiple Accounts|Advantages Of Using Gologin for Multiple Instagram Accounts|Mitigation Strategies to Avoid Multiple Account Bans or Restrictions|FAQ|Instagram’s Policy Changes in Dealing with Multiple Accounts Context Thereof|Why Do You Get Shadowbanned on Instagram?|1. Can I have 2 Instagram accounts?|2. How do I keep my 2 Instagram accounts separate?|3. Can I have 2 Instagram accounts with the same email?|4. How can you tell if someone has multiple Instagram accounts?|5. How do I remove an Instagram account?|Read other posts about multiple accounting:,4525,/blog/can-i-have-multiple-bluesky-accounts|/blog/can-you-have-2-fanduel-accounts|/blog/can-you-have-multiple-snapchat-accounts|/blog/can-you-have-multiple-whatsapp-accounts|/blog/how-to-create-and-manage-multiple-instagram-accounts|/blog/how-to-run-multiple-coinbase-accounts|/blog/how-to-run-multiple-etsy-shops|/blog/how-to-run-multiple-telegram-accounts|/blog/linkedin-multiple-accounts|/blog/manage-multiple-google-accounts|/blog/multiple-accounts-on-facebook|/blog/multiple-airbnb-accounts|/blog/multiple-amazon-accounts|/blog/multiple-craigslist-login|/blog/multiple-ebay-accounts|/blog/multiple-gmail-accounts|/blog/multiple-google-ads-accounts|/blog/multiple-prizepicks-accounts|/blog/multiple-reddit-accounts|/blog/multiple-social-media-accounts|/blog/multiple-tiktok-accounts|/blog/multiple-twitter-accounts|/blog/multiple-zillow-agent-login|/blog/the-easiest-way-to-run-multiple-discord-accounts|/blog/what-is-an-ip-leak,2026-02-08
Browser as a Service with Gologin Cloud Browser,https://gologin.com/blog/browser-as-a-service-with-gologin-cloud-browser/,general,browser as a service with gologin,informational,What is Browser as a Service (BaaS)?|Why Traditional Browsers Don’t Scale Well|Why Are Cloud Browsers More Secure?|How Browser as a Service(BaaS) Works in Practice|Best BaaS Platform: Gologin Cloud Browser|Typical Use Cases for BaaS|Comparison: Cloud Browser vs Traditional Browser|Conclusion|Hardware Dependency|Network Bandwidth|No Centralized Control or Management|What Happens When You Launch a Cloud Browser Profile|Remote Browser Profiles|Strong Browser Fingerprinting|Built-in Proxies and Geo Control|Multi-Account Management & Collaboration|Web Automations Support (Puppeteer and Selenium)|Browser API|MCP Server Support|Desktop and Web App Dashboards,2093,/blog/gmail-account-suspended,2026-02-05
How to Create Multiple Binance Accounts & Manage Them Securely,https://gologin.com/blog/multiple-binance-accounts/,crypto,how to create multiple binance accounts,how-to,Why You Need Multiple Binance Accounts|Binance Multiple Accounts Policy|Exploring Binance Account Types|How Binance Accounts Get Banned: Violations & Misuse|Asset Management for Multiple Accounts|How to Securely Manage Multiple Binance Accounts on Same Device|Step-by-Step Guide: Manage Multiple Binance Accounts With Gologin|Create Binance Automations & Bots Via Gologin|Frequently Asked Questions|To Get Higher Trading Limits|Catching AirDrops From Multiple Accounts:|Crypto Portfolio Managers|Professional Traders and Strategy Separation|1. Personal Binance Account|2. Binance Sub-Accounts|3. VIP Accounts (For High-Volume Traders)|4. Corporate / Institutional Accounts|Key Differences Between Binance Account Types|Why Binance Tracks You: The Role of Device Fingerprinting|Legitimate Ways: Binance Sub-accounts|Share Access to Binance Account Without Sharing Credentials|1. Download and Install the Gologin App|2. Create a New Browser Profile|3. Launch the Profile and Log in to Binance|4. Create More Gologin Browser Profiles|5. Sharing Gologin Profiles With Clients|Can I have two Accounts on Binance?|Does Binance allow sub-accounts?|Can I delete my Binance account and create a new one with the same ID?|Does Binance allow multiple accounts?|How do I create a sub-account on Binance?|Can you open two Binance accounts in different countries?|Can I have multiple wallets on Binance?,3536,/blog/best-secure-browsers|/blog/multilogin-chrome-browser|/blog/nstbrowser-vs-gologin-honest-review,2026-02-05
"Running Multiple Vinted Accounts: 2026 Guide, Tips & Useful Tools",https://gologin.com/blog/best-tips-for-selling-on-vinted/,general,running multiple vinted accounts tips useful,informational,What Is Vinted?|Legitimate Reasons for Multiple Accounts|What are the Potential Risks of Using Multiple Vinted Accounts?|How Vinted Detects Multiple Accounts|Phone Number Verification|Payment and Security Considerations|What Are the Best Tips for Selling on Vinted Using Gologin?|The Bottom Line|FAQ|Step 1: Launch Gologin|Step 2: Create Multiple Profiles for Each Vinted Account|Step 3: Create Profile|Step 4: Log in to the Vinted Account|Is it allowed to run more than one Vinted account?|How can I safely manage multiple Vinted accounts?|Can you have two addresses on Vinted?|Why do accounts get blocked on Vinted?|How many Vinted accounts can you have on Reddit?|Can you delete a Vinted account and make a new one?|Can you use the same bank account for two Vinted accounts?|Can you have more than one Vinted Pro account?|Can you have a personal and business Vinted account?|How long does Vinted block you for?,2503,/blog/adspower-browser-vs-gologin|/blog/facebook-account-restricted|/blog/incogniton-vs-gologin|/blog/multiple-social-media-accounts|/blog/nstbrowser-vs-gologin-honest-review|/blog/vinted-account-got-banned|/blog/what-is-a-digital-footprint,2026-02-04
Best Way To Organize And Manage Multiple Google Accounts in 2026,https://gologin.com/blog/manage-multiple-google-accounts/,general,best way to organize and manage,commercial,Can I Have Multiple Google Accounts?|Managing Multiple Google Accounts Right In The Google App|How To Manage Multiple Google Accounts More Efficiently|Manage Google accounts on one device by Gologin|Frequently Asked Questions About Multiple Google Accounts|Create Multiple Chrome Profiles|Leverage Account Management Tools|Use A Multi-Accounting Browser|3 Top Tips On Using Proxies Safely|Connecting a Google account to a Gologin profile|Running multiple accounts|Wrapping Up|How many Google accounts can you have?|Can I Have Two Google Accounts With One Phone Number?|Can I Have Two Google Accounts On One Phone?|How do I keep multiple Google accounts from being linked or banned?|Read other posts about multiple accounting:,2909,/blog/can-i-have-multiple-bluesky-accounts|/blog/can-you-have-2-fanduel-accounts|/blog/can-you-have-multiple-snapchat-accounts|/blog/can-you-have-multiple-whatsapp-accounts|/blog/how-to-run-multiple-coinbase-accounts|/blog/how-to-run-multiple-etsy-shops|/blog/how-to-run-multiple-telegram-accounts|/blog/linkedin-multiple-accounts|/blog/multiple-accounts-on-facebook|/blog/multiple-airbnb-accounts|/blog/multiple-amazon-accounts|/blog/multiple-craigslist-login|/blog/multiple-ebay-accounts|/blog/multiple-gmail-accounts|/blog/multiple-google-ads-accounts|/blog/multiple-instagram-accounts|/blog/multiple-prizepicks-accounts|/blog/multiple-reddit-accounts|/blog/multiple-social-media-accounts|/blog/multiple-tiktok-accounts|/blog/multiple-twitter-accounts|/blog/multiple-zillow-agent-login|/blog/proxy-vs-vpn-vs-antidetect|/blog/the-easiest-way-to-run-multiple-discord-accounts|/blog/what-is-an-ip-leak,2026-02-04
How to create & manage Multiple Airbnb Accounts Safely in 2026,https://gologin.com/blog/multiple-airbnb-accounts/,ecommerce,how to create manage multiple airbnb,how-to,Airbnb Terms of Service and Legal Policies|How Airbnb Detects Multiple Accounts|What Happens If You Break Airbnb’s Rules?|How to Manage Multiple Airbnb Accounts|How to Manage Multiple Airbnb Accounts with a Multi-Accounting Software|Final Thoughts|FAQs About Multiple Airbnb Accounts/Logins|Airbnb’s One-Account Rule|KYC and Identity Verification|Option #1: VPN Services|Option #2: Dedicated Devices & Separate Accounts|Option #3: Specialized Multi-Accounting Software|Are You Allowed to Have Multiple Airbnb Accounts?|Can I Have Two Airbnb Accounts with the Same Phone Number?|Can I Have Separate Accounts for Each of My Rental Properties on Airbnb?|Will Airbnb Know If I Try to Create a Second Account?|Can My Spouse or Business Partner Create Their Own Airbnb Accounts?|Can I make an Airbnb account without a phone number?|How do I manage two or more Airbnb accounts?|What’s the safest way to run multiple Airbnb accounts without them being linked?|Read other posts about multiple accounting:,2952,/blog/anti-fingerprinting-browser|/blog/can-i-have-multiple-bluesky-accounts|/blog/can-you-have-2-fanduel-accounts|/blog/can-you-have-multiple-snapchat-accounts|/blog/can-you-have-multiple-whatsapp-accounts|/blog/how-to-run-multiple-coinbase-accounts|/blog/how-to-run-multiple-etsy-shops|/blog/how-to-run-multiple-telegram-accounts|/blog/manage-multiple-google-accounts|/blog/multiple-accounts-on-facebook|/blog/multiple-amazon-accounts|/blog/multiple-craigslist-login|/blog/multiple-ebay-accounts|/blog/multiple-gmail-accounts|/blog/multiple-google-ads-accounts|/blog/multiple-instagram-accounts|/blog/multiple-prizepicks-accounts|/blog/multiple-reddit-accounts|/blog/multiple-social-media-accounts|/blog/multiple-tiktok-accounts|/blog/multiple-twitter-accounts|/blog/multiple-zillow-agent-login|/blog/the-easiest-way-to-run-multiple-discord-accounts|/blog/what-is-a-digital-footprint,2026-02-03
How To Run Multiple Etsy Shops Safely in 2026,https://gologin.com/blog/how-to-run-multiple-etsy-shops/,ecommerce,how to run multiple etsy shops,how-to,Can You Have More Than One Etsy Shop? Understanding Etsy’s Rules|Guide: How to Open a Second Etsy Shop in 2026?|Why Do You Need to Have Multiple Etsy Shops?|Challenges of Managing Multiple Etsy Shops|How People Manage Multiple Etsy Shops (And What I Tried)|Financial Management for Multiple Etsy Shops|Using Gologin to Manage Multiple Etsy Shops|Multi-Account Management For Other Platforms|Conclusion|FAQ|Benefits of Using Gologin:|Who Is Gologin Useful For?|Setting Up Multiple Etsy Accounts in Gologin|Can I have multiple Etsy shops?|Can I sell the same items in two Etsy shops?|Can I have two Etsy stores on one account?|Why have multiple Etsy shops?|Can I manage multiple Etsy shops from one device?|Why are so many sellers leaving Etsy?|Is it better to have multiple Etsy shops selling similar items or just one?|Why do people have multiple Etsy shops?|Can you be logged into two Etsy accounts at the same time?|Read other posts about multiple accounting:,3159,/blog/can-i-have-multiple-bluesky-accounts|/blog/can-you-have-2-fanduel-accounts|/blog/can-you-have-multiple-snapchat-accounts|/blog/can-you-have-multiple-whatsapp-accounts|/blog/how-to-run-multiple-coinbase-accounts|/blog/how-to-run-multiple-telegram-accounts|/blog/manage-multiple-google-accounts|/blog/multiple-accounts-on-facebook|/blog/multiple-airbnb-accounts|/blog/multiple-amazon-accounts|/blog/multiple-craigslist-login|/blog/multiple-ebay-accounts|/blog/multiple-gmail-accounts|/blog/multiple-google-ads-accounts|/blog/multiple-instagram-accounts|/blog/multiple-prizepicks-accounts|/blog/multiple-reddit-accounts|/blog/multiple-social-media-accounts|/blog/multiple-tiktok-accounts|/blog/multiple-twitter-accounts|/blog/multiple-zillow-agent-login|/blog/the-easiest-way-to-run-multiple-discord-accounts|/blog/undetectable-browser-vs-gologin,2026-02-02
Multiple Telegram Accounts: Create Unlimited Accounts Safely in 2026,https://gologin.com/blog/how-to-run-multiple-telegram-accounts/,multi-accounting,multiple telegram accounts create unlimited accounts,how-to,Can You Have Multiple Telegram Accounts on One Device?|How to Run Multiple Telegram Accounts on Mobile and Desktop|How to Run Multiple Telegram Accounts on Mobile (Android and IOS)|How to Manage More than 3 Telegram Accounts? Use Gologin|Using Cloud Phones for Account Management|FAQs|How to Run Multiple Telegram Accounts on Desktop|Step 1: Get Started with Gologin|Step 2: Create Your First Secure Profile|Step 3: Log In Safely Every Time|Step 4: Scale Up Without the Headache|How do I switch between accounts on Telegram?|Can I use same number for 2 Telegram accounts?|How many Telegram accounts can I run on one device?|How can I safely manage more than three Telegram accounts on one device?|Can I have multiple Telegram accounts with same phone number?|Read other posts about multiple accounting:,2613,/blog/anti-fingerprinting-browser|/blog/best-secure-browsers|/blog/can-i-have-multiple-bluesky-accounts|/blog/can-you-have-2-fanduel-accounts|/blog/can-you-have-multiple-snapchat-accounts|/blog/can-you-have-multiple-whatsapp-accounts|/blog/geelark-review|/blog/how-to-run-multiple-coinbase-accounts|/blog/how-to-run-multiple-etsy-shops|/blog/manage-multiple-google-accounts|/blog/multiple-accounts-on-facebook|/blog/multiple-airbnb-accounts|/blog/multiple-amazon-accounts|/blog/multiple-craigslist-login|/blog/multiple-ebay-accounts|/blog/multiple-gmail-accounts|/blog/multiple-google-ads-accounts|/blog/multiple-instagram-accounts|/blog/multiple-prizepicks-accounts|/blog/multiple-reddit-accounts|/blog/multiple-social-media-accounts|/blog/multiple-tiktok-accounts|/blog/multiple-twitter-accounts|/blog/multiple-zillow-agent-login|/blog/telegram-account-banned|/blog/the-easiest-way-to-run-multiple-discord-accounts|/blog/what-is-an-ip-leak,2026-02-01
Logii Browser vs Gologin: Honest Review Update 2026,https://gologin.com/blog/logii-browser-vs-gologin-honest-review/,competitor-comparison,logii browser vs gologin update,comparison,Logii Browser – a logical choice for anti-detection?|Gologin – a reliable and easily customizable alternative|Logii Browser vs Gologin – Pricing comparison|Logii Browser vs Gologin – Overview|First impressions|Dashboard and user experience|Proxy usage and fingerprint management|Customer support and reputation|Ease of use and features|Fingerprinting & cross-platform access|Free versions and trials|Paid plans|Read other posts about Reviews of browsers:,2146,/blog/accovod-vs-gologin|/blog/adspower-browser-vs-gologin|/blog/aezakmi-browser-vs-gologin-honest-review|/blog/antidetect-browser-review|/blog/antikbrowser-vs-gologin-review|/blog/aqum-browser-vs-gologin-honest-review|/blog/best-proxy-browser|/blog/best-virtual-browser|/blog/bitbrowser-review|/blog/buy-ebay-seller-accounts|/blog/camoufox-vs-gologin-honest-review|/blog/che-browser-vs-gologin|/blog/dicloak-online-browser|/blog/dolphin-anty-vs-gologin|/blog/fingerprintswitcher-a-worthwhile-alternative-to-anti-detect-browsers|/blog/geelark-review|/blog/genlogin-browser-alternative-honest-review-2024|/blog/gologin-vs-browserjet-review|/blog/gologin-vs-hidemium-which-one-is-better|/blog/gologin-vs-identory|/blog/gologin-vs-maskfog-review|/blog/gologin-vs-switch-antidetect|/blog/gologin-vs-swspybrowser-review|/blog/gologin-vs-yunlark-review|/blog/hidemyacc-browser-alternative-honest-review|/blog/hydraheaders-browser-tool-review|/blog/incogniton-vs-gologin|/blog/indigo-browser-vs-gologin-honest-comparison|/blog/insomniac-browser-review|/blog/kameleo-browser-alternative-review|/blog/lalicat-browser-vs-gologin-honest-review|/blog/lauth-vs-gologin-honest-review|/blog/linken-sphere-browser-alternative-review|/blog/loginways-vs-gologin-honest-review|/blog/marketerbrowser-vs-gologin-review|/blog/masq-antidetect-vs-gologin-honest-review|/blog/morelogin-browser-alternative|/blog/mulogin-vs-gologin-honest-review|/blog/multibrowser-review|/blog/multilogin-chrome-browser|/blog/multiple-paypal-accounts|/blog/nstbrowser-vs-gologin-honest-review|/blog/octo-browser-gologin|/blog/rebrowser-vs-gologin-honest-review|/blog/roxybrowser-vs-gologin-review|/blog/session-box-vs-gologin|/blog/surfinite-vs-gologin-honest-review|/blog/ultimate-orb-vs-gologin-review|/blog/undetectable-browser-vs-gologin|/blog/vision-browser-review|/blog/vmlogin-browser-alternative-honest-review-2024|/blog/vmmask-anti-detect-browser|/blog/wade-browser-review|/blog/x-browser-alternative-review-2023|/blog/xlogin-vs-gologin-review|/blog/xpass-browser-alternative,2026-02-01
"What is Canvas Fingerprinting? Myths, Tests & Real Protection",https://gologin.com/blog/what-is-canvas-fingerprinting/,browser-fingerprinting,what is canvas fingerprinting myths tests,informational,1. How HTML5 Canvas Fingerprinting Works (Technical Workflow)|2. JavaScript Example: Canvas Extraction & Hashing|3. Calculating Canvas Entropy (Information Theory)|4. Canvas Blocking vs. Canvas Spoofing|5. How Anti-Bot & Bot-Management Systems Evaluate Canvas|6. Canvas Management in Gologin Profile Architecture|FAQ: Canvas Fingerprinting|Sources of Rendering Divergence|Entropy vs. Byte Size|Is Canvas Blocking or Noise Inherently Malicious?|Try Gologin Profile Management for Free|1. What is a canvas fingerprint used for?|2. Does Incognito mode or a VPN bypass canvas fingerprinting?|3. Is a Canvas Fingerprint Defender extension safe for multi-accounting?|4. How can I test if my canvas fingerprint is unique?,2051,,2026-02-01
How to Create & Manage Multiple Snapchat Accounts Safely in 2026,https://gologin.com/blog/can-you-have-multiple-snapchat-accounts/,multi-accounting,how to create manage multiple snapchat,how-to,Why Do You Need Multiple Snapchat Accounts?|What Challenges Do You Face Due to Multiple Snapchat Accounts?|How Can You Create Multiple Snapchat Accounts?|Why Should Gologin Be Your First and Best Bet?|How Can You Use Gologin to Manage Multiple Accounts on Snapchat?|Video: How to Run Multiple Accounts on Any Website with Gologin|Conclusion|FAQ|Manage Global Brands|Deal With Privacy Concerns|Snapchat Restrictions: Don’t Use Third Party Apps|Switch Between Accounts: Laborious and Time Consuming|1. Download the App|2. Enter Credentials to Log in|3. Add Profile|4. Profile Creation Window|5. Register Your Snapchat Account|Can you have multiple Snapchat accounts?|Can I have a secret Snapchat account?|Can Snapchat ban you for having multiple accounts?|Can people see if you have multiple Snapchat accounts?|How to have 2 Snapchat accounts on 1 phone?|How to add another account on Snapchat without logging out?|How can I create and manage multiple Snapchat accounts safely?|Can you have two Snapchat accounts?|Read other posts about multiple accounting:,2642,/blog/best-free-antidetect-browser|/blog/can-i-have-multiple-bluesky-accounts|/blog/can-you-have-2-fanduel-accounts|/blog/can-you-have-multiple-whatsapp-accounts|/blog/device-fingerprinting|/blog/how-to-run-multiple-coinbase-accounts|/blog/how-to-run-multiple-etsy-shops|/blog/how-to-run-multiple-telegram-accounts|/blog/manage-multiple-google-accounts|/blog/multiple-accounts-on-facebook|/blog/multiple-airbnb-accounts|/blog/multiple-amazon-accounts|/blog/multiple-craigslist-login|/blog/multiple-ebay-accounts|/blog/multiple-gmail-accounts|/blog/multiple-google-ads-accounts|/blog/multiple-instagram-accounts|/blog/multiple-prizepicks-accounts|/blog/multiple-reddit-accounts|/blog/multiple-social-media-accounts|/blog/multiple-tiktok-accounts|/blog/multiple-twitter-accounts|/blog/multiple-zillow-agent-login|/blog/snapchat-account-suspended-or-banned|/blog/the-easiest-way-to-run-multiple-discord-accounts|/blog/what-is-an-ip-leak|/blog/what-is-antidetect-browser,2026-01-30
Gologin in January: Smarter Profile Management and Better Proxy Control,https://gologin.com/blog/gologin-january-summary/,proxies,gologin in january smarter profile management,product-update,Android App: Smoother Sessions and Faster Profile Access|Beta Browser: Expanded Compatibility and Stronger Protection|Saturn: Updates for More Stable Daily Work|Additional Materials|Summary,624,/blog/best-web-browser-for-business|/blog/browser-session-management|/blog/manage-multiple-google-accounts|/blog/multi-account-browser|/blog/multiple-accounts-on-facebook|/blog/multiple-gmail-accounts|/blog/ultimate-guide-to-webgl-fingerprint|/blog/what-is-timezone-spoofing-avoid-account-bans-safely,2026-01-30
How to Run Multiple Ebay Seller Accounts Safely in 2026,https://gologin.com/blog/multiple-ebay-accounts/,ecommerce,how to run multiple ebay seller,how-to,Benefits of managing multiple eBay accounts|eBay rules for having multiple accounts|Can you have multiple eBay accounts?|Can i have 2 eBay accounts with the same bank account?|eBay's Updated Multiple Account Policy for 2026|Most typical reasons for having several eBay accounts|How many eBay accounts can I have?|How to use multiple eBay accounts safely|How to use Gologin to create and manage multiple eBay accounts|Summary|Frequently asked questions|Separate devices|Proxy and VPN|Multi-accounting browser|How to set up an ebay account?|Tips on protecting eBay accounts from being linked|Does eBay allow to use multiple accounts?|How many eBay seller accounts can I have?|Is running multiple eBay accounts legal?|What happens if I transfer my eBay account to another person I know?|How can I manage multiple eBay accounts safely?|Read other posts about multiple accounting:,4368,/blog/best-antidetect-browsers|/blog/buy-ebay-seller-accounts|/blog/can-i-have-multiple-bluesky-accounts|/blog/can-you-have-2-fanduel-accounts|/blog/can-you-have-multiple-snapchat-accounts|/blog/can-you-have-multiple-whatsapp-accounts|/blog/how-to-run-multiple-coinbase-accounts|/blog/how-to-run-multiple-etsy-shops|/blog/how-to-run-multiple-telegram-accounts|/blog/linkedin-multiple-accounts|/blog/manage-multiple-google-accounts|/blog/multiple-accounts-on-facebook|/blog/multiple-airbnb-accounts|/blog/multiple-amazon-accounts|/blog/multiple-craigslist-login|/blog/multiple-gmail-accounts|/blog/multiple-google-ads-accounts|/blog/multiple-instagram-accounts|/blog/multiple-paypal-accounts|/blog/multiple-prizepicks-accounts|/blog/multiple-reddit-accounts|/blog/multiple-social-media-accounts|/blog/multiple-tiktok-accounts|/blog/multiple-twitter-accounts|/blog/multiple-zillow-agent-login|/blog/proxy-vs-vpn-vs-antidetect|/blog/technical-comparison-of-the-top-10-residential-proxy-providers|/blog/the-easiest-way-to-run-multiple-discord-accounts|/blog/what-is-an-ip-leak,2026-01-30
How To Manage Multiple Social Media Accounts Safely in 2026,https://gologin.com/blog/multiple-social-media-accounts/,multi-accounting,how to manage multiple social media,how-to,Introduction to Social Media Management|Get A Strategy First: Do You Need Multiple Platforms & Accounts?|Checklist: Keeping Your Account Safe From Being Hacked Or Lost|5 Top Mistakes People Make That Lead To Restrictions|Get It Done: Dealing With Content Plans & Scheduling Posts|Engagement and Response: Building Real Connections Across Accounts|Measuring Performance and ROI Across Multiple Accounts|Is It Legal To Purchase Aged Social Accounts?|Operating Multiple Social Media Accounts From the Same Device At Once|Best tools: How to Use Browser Gologin To Manage Multiple Social Media Accounts at Once|Other Ways to Share Social Media Accounts With Remote Team|Managing Different Audiences on Each Platform|Frequently Asked Questions|Some Popular Content Frameworks|Approval Workflow|Detailed Content Calendar|Repurpose Existing Content|Delegating Social Accounts to VAs or Remote Staff|What is the best way to manage multiple social media accounts?|Is it legal to purchase aged social accounts?|What should I do if my LinkedIn account is already restricted?|What is the 5-5-5 rule on social media?|What is the 70/20/10 rule in social media?|What is the 30-30-30 rule for social media?|Best tool for managing multiple social media accounts in 2026,3843,/blog/account-restricted|/blog/guide-to-geolocation-spoofing|/blog/manage-multiple-online-accounts-on-one-device|/blog/what-is-an-ip-leak,2026-01-29
AdsPower Browser: Updated Review in 2026,https://gologin.com/blog/adspower-browser-vs-gologin/,competitor-comparison,adspower browser in,comparison,AdsPower Browser Features|Gologin Browser|AdsPower vs Gologin: Recap|Gologin as AdsPower Alternative: Final Thoughts|FAQ|AdsPower Browser UI & Comfort of Use|AdsPower Proxy Integrations|AdsPower Browser Updates Frequency|AdsPower Browser Support Quality & Reviews|AdsPower Browser RPA Features|AdsPower Price|AdsPower: My Final Thoughts In 2026|Gologin Features and Comfort of Use|Gologin Support Quality|Gologin Updates Frequency|Gologin Pricing|Gologin: My Final Thoughts In 2026|Can I download Adspower Android?|Is there an Adspower crack for free use?|Is there an Adspower coupon for discount?|Is Adspower register account free?|How do I connect a proxy on AdsPower?|Is AdsPower a safe browser?|Read other posts about Reviews of browsers:,2710,/blog/accovod-vs-gologin|/blog/aezakmi-browser-vs-gologin-honest-review|/blog/anti-fingerprinting-browser|/blog/antidetect-browser-review|/blog/antikbrowser-vs-gologin-review|/blog/aqum-browser-vs-gologin-honest-review|/blog/best-antidetect-browser-for-android|/blog/best-antidetect-browsers|/blog/best-browser-for-privacy|/blog/best-proxy-browser|/blog/best-social-media-management-tools-for-agencies|/blog/best-virtual-browser|/blog/bitbrowser-review|/blog/camoufox-vs-gologin-honest-review|/blog/che-browser-vs-gologin|/blog/cybersecurity-solutions|/blog/dicloak-online-browser|/blog/dolphin-anty-vs-gologin|/blog/fingerprintswitcher-a-worthwhile-alternative-to-anti-detect-browsers|/blog/geelark-review|/blog/genlogin-browser-alternative-honest-review-2024|/blog/ghost-browser-alternative|/blog/gologin-vs-browserjet-review|/blog/gologin-vs-hidemium-which-one-is-better|/blog/gologin-vs-identory|/blog/gologin-vs-maskfog-review|/blog/gologin-vs-switch-antidetect|/blog/gologin-vs-swspybrowser-review|/blog/gologin-vs-yunlark-review|/blog/hidemyacc-browser-alternative-honest-review|/blog/hydraheaders-browser-tool-review|/blog/incogniton-vs-gologin|/blog/indigo-browser-vs-gologin-honest-comparison|/blog/insomniac-browser-review|/blog/kameleo-browser-alternative-review|/blog/lalicat-browser-vs-gologin-honest-review|/blog/lauth-vs-gologin-honest-review|/blog/linken-sphere-browser-alternative-review|/blog/logii-browser-vs-gologin-honest-review|/blog/loginways-vs-gologin-honest-review|/blog/marketerbrowser-vs-gologin-review|/blog/masq-antidetect-vs-gologin-honest-review|/blog/morelogin-browser-alternative|/blog/mulogin-vs-gologin-honest-review|/blog/multibrowser-review|/blog/multilogin-chrome-browser|/blog/multiple-accounts-on-facebook|/blog/multiple-tiktok-accounts|/blog/nstbrowser-vs-gologin-honest-review|/blog/octo-browser-gologin|/blog/rebrowser-vs-gologin-honest-review|/blog/roxybrowser-vs-gologin-review|/blog/session-box-vs-gologin|/blog/surfinite-vs-gologin-honest-review|/blog/technical-comparison-of-the-top-10-residential-proxy-providers|/blog/ultimate-orb-vs-gologin-review|/blog/undetectable-browser-vs-gologin|/blog/vision-browser-review|/blog/vmlogin-browser-alternative-honest-review-2024|/blog/vmmask-anti-detect-browser|/blog/wade-browser-review|/blog/x-browser-alternative-review-2023|/blog/xlogin-vs-gologin-review|/blog/xpass-browser-alternative,2026-01-28
Dolphin Anty Browser alternatives: Honest Review in 2026,https://gologin.com/blog/dolphin-anty-vs-gologin/,competitor-comparison,dolphin anty browser alternatives in,comparison,Dolphin Anty: What's Changed In 2026|Gologin Browser as the best Dolphin Anty alternative|Dolphin Anty vs Gologin - Pricing|Dolphin Anty Browser vs Gologin: Recap|FAQ|What is Dolphin Anty?|Can I find a Dolphin Anty promo code online?|Can I download Dolphin Anty Android app together with Dolphin Anty Mac OS X?|Can I automate my actions with Dolphin Anty Selenium?|Can I trust Dolphin multilogin solution?|Dolphin Anty Key Features|Dolphin Anty - Comfort Of Use|Dolphin Anty - Updates Frequency|Dolphin Anty - Support Quality|Gologin Features and Comfort of Use|Gologin Support Quality|Gologin Updates Frequency|Read other posts about Reviews of browsers:,2778,/blog/accovod-vs-gologin|/blog/adspower-browser-vs-gologin|/blog/aezakmi-browser-vs-gologin-honest-review|/blog/antidetect-browser-review|/blog/antikbrowser-vs-gologin-review|/blog/aqum-browser-vs-gologin-honest-review|/blog/best-antidetect-browsers|/blog/best-proxy-browser|/blog/best-virtual-browser|/blog/bitbrowser-review|/blog/camoufox-vs-gologin-honest-review|/blog/che-browser-vs-gologin|/blog/dicloak-online-browser|/blog/fingerprintswitcher-a-worthwhile-alternative-to-anti-detect-browsers|/blog/geelark-review|/blog/genlogin-browser-alternative-honest-review-2024|/blog/gologin-vs-browserjet-review|/blog/gologin-vs-hidemium-which-one-is-better|/blog/gologin-vs-identory|/blog/gologin-vs-maskfog-review|/blog/gologin-vs-switch-antidetect|/blog/gologin-vs-swspybrowser-review|/blog/gologin-vs-yunlark-review|/blog/hidemyacc-browser-alternative-honest-review|/blog/hydraheaders-browser-tool-review|/blog/incogniton-vs-gologin|/blog/indigo-browser-vs-gologin-honest-comparison|/blog/insomniac-browser-review|/blog/kameleo-browser-alternative-review|/blog/lalicat-browser-vs-gologin-honest-review|/blog/lauth-vs-gologin-honest-review|/blog/linken-sphere-browser-alternative-review|/blog/logii-browser-vs-gologin-honest-review|/blog/loginways-vs-gologin-honest-review|/blog/marketerbrowser-vs-gologin-review|/blog/masq-antidetect-vs-gologin-honest-review|/blog/morelogin-browser-alternative|/blog/mulogin-vs-gologin-honest-review|/blog/multibrowser-review|/blog/multilogin-chrome-browser|/blog/nstbrowser-vs-gologin-honest-review|/blog/octo-browser-gologin|/blog/rebrowser-vs-gologin-honest-review|/blog/roxybrowser-vs-gologin-review|/blog/session-box-vs-gologin|/blog/surfinite-vs-gologin-honest-review|/blog/ultimate-orb-vs-gologin-review|/blog/undetectable-browser-vs-gologin|/blog/vision-browser-review|/blog/vmlogin-browser-alternative-honest-review-2024|/blog/vmmask-anti-detect-browser|/blog/wade-browser-review|/blog/what-is-antidetect-browser|/blog/x-browser-alternative-review-2023|/blog/xlogin-vs-gologin-review|/blog/xpass-browser-alternative,2026-01-28
How to Make Multiple YouTube Channels Under One Email Safely in 2026,https://gologin.com/blog/how-to-run-multiple-youtube-accounts/,multi-accounting,how to make multiple youtube channels,how-to,Introduction to Creating Multiple YouTube Channels|Why Would You Need Multiple YouTube Accounts?|Understanding YouTube Account Types|Google Account Requirements|The Challenges of Managing Multiple YouTube Accounts|Content Strategy and Planning|How to Run Multiple YouTube Accounts Safely With Gologin (Recommended Method)|Other Methods to Manage Multiple Youtube Accounts (Why I Don’t Recommend Them)|Frequently Asked Questions|Conclusion on Multiple Youtube Accounts|Influencer & Content Networks|Client Account Management|Different Niches or Regions|1. Download and Install the Gologin App|2. Create a New Browser Profile|3. Launch the Profile and Log in to YouTube|4. Create More Gologin Browser Profiles|5. Sharing Gologin Profiles With Clients|Creating Multiple Browser Profiles|Multiple Regular Devices for YouTube Accounts|Using VPNs or Basic Proxies|Relying on YouTube’s Brand Accounts and Channel Permissions|Can I have multiple YouTube accounts with one Gmail?|Is it against YouTube's rules to have multiple accounts?|How do I switch between accounts without logging out?|Can managing multiple accounts from one device get them banned?,3159,/blog/manage-multiple-google-accounts|/blog/what-is-an-ip-leak,2026-01-28
Multilogin Chrome Browser Alternative: Updated 2026 Review,https://gologin.com/blog/multilogin-chrome-browser/,competitor-comparison,multilogin chrome browser alternative,comparison,"Multilogin: What's Changed In 2026?|Features & UI: Old Dog, New Tricks?|Gologin: More Browser, Less Money|Multilogin vs Gologin - 2026 Pricing Comparison|Multilogin vs Gologin: 2026 Review Summary|FAQ|Main Screen|Proxy Integration|AI Commands|Mobile Apps, Fingerprints & Remote Work|Support, Safety & Updates|Fingerprint Protection, Passing Checkers|Features And UI: What's New In 2026?|Mobile App, Web Version & Remote Work|Support Quality & Reviews|Fingerprint Protection & Updates|Is Multilogin X the same thing with Multilogin Chrome extension?|Are there Multilogin cracked or Multilogin coupons for free use?|Is there 7-day Multilogin trial period same as Gologin?|Is Multilogin automation better or worse than Gologin automation?|Can I use Gologin and Multilogin for Facebook accounts?|How much is Multilogin?|Is Multilogin free?|Read other posts about Reviews of browsers:",2783,/blog/accovod-vs-gologin|/blog/adspower-browser-vs-gologin|/blog/aezakmi-browser-vs-gologin-honest-review|/blog/antidetect-browser-review|/blog/antikbrowser-vs-gologin-review|/blog/aqum-browser-vs-gologin-honest-review|/blog/best-proxy-browser|/blog/best-virtual-browser|/blog/bitbrowser-review|/blog/buy-facebook-accounts|/blog/camoufox-vs-gologin-honest-review|/blog/che-browser-vs-gologin|/blog/dicloak-online-browser|/blog/dolphin-anty-vs-gologin|/blog/fingerprintswitcher-a-worthwhile-alternative-to-anti-detect-browsers|/blog/geelark-review|/blog/genlogin-browser-alternative-honest-review-2024|/blog/ghost-browser-alternative|/blog/gologin-vs-browserjet-review|/blog/gologin-vs-hidemium-which-one-is-better|/blog/gologin-vs-identory|/blog/gologin-vs-maskfog-review|/blog/gologin-vs-switch-antidetect|/blog/gologin-vs-swspybrowser-review|/blog/gologin-vs-yunlark-review|/blog/hidemyacc-browser-alternative-honest-review|/blog/hydraheaders-browser-tool-review|/blog/incogniton-vs-gologin|/blog/indigo-browser-vs-gologin-honest-comparison|/blog/insomniac-browser-review|/blog/kameleo-browser-alternative-review|/blog/lalicat-browser-vs-gologin-honest-review|/blog/lauth-vs-gologin-honest-review|/blog/linken-sphere-browser-alternative-review|/blog/logii-browser-vs-gologin-honest-review|/blog/loginways-vs-gologin-honest-review|/blog/marketerbrowser-vs-gologin-review|/blog/masq-antidetect-vs-gologin-honest-review|/blog/morelogin-browser-alternative|/blog/mulogin-vs-gologin-honest-review|/blog/multibrowser-review|/blog/nstbrowser-vs-gologin-honest-review|/blog/octo-browser-gologin|/blog/rebrowser-vs-gologin-honest-review|/blog/roxybrowser-vs-gologin-review|/blog/session-box-vs-gologin|/blog/surfinite-vs-gologin-honest-review|/blog/ultimate-orb-vs-gologin-review|/blog/undetectable-browser-vs-gologin|/blog/vision-browser-review|/blog/vmlogin-browser-alternative-honest-review-2024|/blog/vmmask-anti-detect-browser|/blog/wade-browser-review|/blog/x-browser-alternative-review-2023|/blog/xlogin-vs-gologin-review|/blog/xpass-browser-alternative,2026-01-28
How to Run Multiple Amazon Seller Accounts Safely in 2026,https://gologin.com/blog/multiple-amazon-accounts/,ecommerce,how to run multiple amazon seller,how-to,Introduction to Multiple Accounts|Amazon Requirements for Having Multiple Accounts|How to Create a Seller Account on Amazon|Best Practices for Managing Multiple Accounts|How to safely run multiple Amazon accounts|How to use Gologin to create and manage multiple Amazon accounts|Frequently asked questions|Step 1 — Go to Amazon Seller Central and click “Sign up”|Step 2 — Enter your business and personal information|Step 3 — Add billing and bank details|Step 4 — Complete identity verification|Proxy|Multi-accounting browser|Separate devices|1. Can you have multiple Amazon accounts?|2. How to manage multiple Amazon seller accounts?|3. Can you have multiple amazon seller accounts ?|4. Is running multiple Amazon accounts legal?|5. How does Amazon know if you have multiple accounts?|6. Can you have 2 Amazon accounts in the same house?|7. Can I create 2 Amazon accounts with the same number?|8. How many amazon accounts can you have?|References:|Read other posts about multiple accounting:,3530,/blog/can-i-have-multiple-bluesky-accounts|/blog/can-you-have-2-fanduel-accounts|/blog/can-you-have-multiple-snapchat-accounts|/blog/can-you-have-multiple-whatsapp-accounts|/blog/how-to-run-multiple-coinbase-accounts|/blog/how-to-run-multiple-etsy-shops|/blog/how-to-run-multiple-telegram-accounts|/blog/linkedin-multiple-accounts|/blog/manage-multiple-google-accounts|/blog/multiple-accounts-on-facebook|/blog/multiple-airbnb-accounts|/blog/multiple-craigslist-login|/blog/multiple-ebay-accounts|/blog/multiple-gmail-accounts|/blog/multiple-google-ads-accounts|/blog/multiple-instagram-accounts|/blog/multiple-prizepicks-accounts|/blog/multiple-reddit-accounts|/blog/multiple-social-media-accounts|/blog/multiple-tiktok-accounts|/blog/multiple-twitter-accounts|/blog/multiple-zillow-agent-login|/blog/the-easiest-way-to-run-multiple-discord-accounts|/blog/what-is-an-ip-leak|/blog/what-is-fingerprint-browser-top-choices,2026-01-28
Octo Browser vs GoLogin: New 2026 review | Octo browser alternative,https://gologin.com/blog/octo-browser-gologin/,competitor-comparison,octo browser vs gologin new octo,comparison,Octo Browser: What's New In 2026|Gologin browser is a good alternative to Okto browser|Octo Browser vs Gologin - Pricing|Octo Browser vs Gologin: Summary|User Interface: As Good As Used To Be|Proxy Integrations|Comfort of Use: Same Old|Mobile devices and fingerprints|Support and updates|Passing Checkers|Features and comfort of use: what's changed in 2026|Mobile app and web version|Support quality|Updates frequency|Read other posts about Reviews of browsers:,2865,/blog/accovod-vs-gologin|/blog/adspower-browser-vs-gologin|/blog/aezakmi-browser-vs-gologin-honest-review|/blog/antidetect-browser-review|/blog/antikbrowser-vs-gologin-review|/blog/aqum-browser-vs-gologin-honest-review|/blog/best-antidetect-browsers|/blog/best-proxy-browser|/blog/best-remote-access-software|/blog/best-virtual-browser|/blog/bitbrowser-review|/blog/camoufox-vs-gologin-honest-review|/blog/che-browser-vs-gologin|/blog/dicloak-online-browser|/blog/dolphin-anty-vs-gologin|/blog/fingerprintswitcher-a-worthwhile-alternative-to-anti-detect-browsers|/blog/geelark-review|/blog/genlogin-browser-alternative-honest-review-2024|/blog/gologin-vs-browserjet-review|/blog/gologin-vs-hidemium-which-one-is-better|/blog/gologin-vs-identory|/blog/gologin-vs-maskfog-review|/blog/gologin-vs-switch-antidetect|/blog/gologin-vs-swspybrowser-review|/blog/gologin-vs-yunlark-review|/blog/hidemyacc-browser-alternative-honest-review|/blog/hydraheaders-browser-tool-review|/blog/incogniton-vs-gologin|/blog/indigo-browser-vs-gologin-honest-comparison|/blog/insomniac-browser-review|/blog/kameleo-browser-alternative-review|/blog/lalicat-browser-vs-gologin-honest-review|/blog/lauth-vs-gologin-honest-review|/blog/linken-sphere-browser-alternative-review|/blog/logii-browser-vs-gologin-honest-review|/blog/loginways-vs-gologin-honest-review|/blog/marketerbrowser-vs-gologin-review|/blog/masq-antidetect-vs-gologin-honest-review|/blog/morelogin-browser-alternative|/blog/mulogin-vs-gologin-honest-review|/blog/multibrowser-review|/blog/multilogin-chrome-browser|/blog/multiple-tiktok-accounts|/blog/nstbrowser-vs-gologin-honest-review|/blog/rebrowser-vs-gologin-honest-review|/blog/roxybrowser-vs-gologin-review|/blog/session-box-vs-gologin|/blog/surfinite-vs-gologin-honest-review|/blog/technical-comparison-of-the-top-10-residential-proxy-providers|/blog/ultimate-orb-vs-gologin-review|/blog/undetectable-browser-vs-gologin|/blog/vision-browser-review|/blog/vmlogin-browser-alternative-honest-review-2024|/blog/vmmask-anti-detect-browser|/blog/wade-browser-review|/blog/what-is-antidetect-browser|/blog/x-browser-alternative-review-2023|/blog/xlogin-vs-gologin-review|/blog/xpass-browser-alternative,2026-01-28
Vision Browser: Honest Review 2026,https://gologin.com/blog/vision-browser-review/,general,vision browser,commercial,"Vision Browser Feature Overview|Gologin – The Dependable and Refined Browser Vision Aspires To|Vision Browser vs Gologin – Pricing|Vision Browser vs Gologin – Final Thoughts|First Impressions|Profile Creation & Management|Proxy Setup & Anti-Detect Performance|Reputation and User Support|User Experience and Customization|Multi-Platform Support|Updates, Reputation, and Customer Service|Trials & Free Plans|Paid Plans|Read other posts about Reviews of browsers:",2057,/blog/15-best-scraping-browsers-tools|/blog/accovod-vs-gologin|/blog/adspower-browser-vs-gologin|/blog/aezakmi-browser-vs-gologin-honest-review|/blog/anti-fingerprinting-browser|/blog/antidetect-browser-review|/blog/antikbrowser-vs-gologin-review|/blog/aqum-browser-vs-gologin-honest-review|/blog/best-antidetect-browser-for-android|/blog/best-proxy-browser|/blog/best-virtual-browser|/blog/bitbrowser-review|/blog/camoufox-vs-gologin-honest-review|/blog/che-browser-vs-gologin|/blog/dicloak-online-browser|/blog/dolphin-anty-vs-gologin|/blog/fingerprintswitcher-a-worthwhile-alternative-to-anti-detect-browsers|/blog/geelark-review|/blog/genlogin-browser-alternative-honest-review-2024|/blog/gologin-vs-browserjet-review|/blog/gologin-vs-hidemium-which-one-is-better|/blog/gologin-vs-identory|/blog/gologin-vs-maskfog-review|/blog/gologin-vs-switch-antidetect|/blog/gologin-vs-swspybrowser-review|/blog/gologin-vs-yunlark-review|/blog/hidemyacc-browser-alternative-honest-review|/blog/how-to-pass-iphey|/blog/how-to-run-multiple-telegram-accounts|/blog/hydraheaders-browser-tool-review|/blog/incogniton-vs-gologin|/blog/indigo-browser-vs-gologin-honest-comparison|/blog/insomniac-browser-review|/blog/kameleo-browser-alternative-review|/blog/lalicat-browser-vs-gologin-honest-review|/blog/lauth-vs-gologin-honest-review|/blog/linken-sphere-browser-alternative-review|/blog/logii-browser-vs-gologin-honest-review|/blog/loginways-vs-gologin-honest-review|/blog/marketerbrowser-vs-gologin-review|/blog/masq-antidetect-vs-gologin-honest-review|/blog/morelogin-browser-alternative|/blog/mulogin-vs-gologin-honest-review|/blog/multibrowser-review|/blog/multilogin-chrome-browser|/blog/multiple-accounts-on-facebook|/blog/multiple-social-media-accounts|/blog/nstbrowser-vs-gologin-honest-review|/blog/octo-browser-gologin|/blog/rebrowser-vs-gologin-honest-review|/blog/roxybrowser-vs-gologin-review|/blog/session-box-vs-gologin|/blog/surfinite-vs-gologin-honest-review|/blog/ultimate-orb-vs-gologin-review|/blog/undetectable-browser-vs-gologin|/blog/vmlogin-browser-alternative-honest-review-2024|/blog/vmmask-anti-detect-browser|/blog/wade-browser-review|/blog/x-browser-alternative-review-2023|/blog/xlogin-vs-gologin-review|/blog/xpass-browser-alternative,2026-01-28
How to Run Multiple TikTok Accounts Safely in 2026,https://gologin.com/blog/multiple-tiktok-accounts/,multi-accounting,how to run multiple tiktok accounts,how-to,Running Multiple TikTok Accounts|How To Run Multiple TikTok Accounts Using Gologin|Best Practices for Managing Multiple Accounts|Tracking Performance and Analytics|FAQ|What's a Shadowban on TikTok?|Why TikTok Shadowbans Accounts?|How Do Other Anti-Tracking Methods Work?|How Does Gologin work?|Benefits Of Using Gologin to Run Multiple TikTok Accounts|How many Tiktok accounts can you have with one email?|How to make a second Tiktok account?|Can I have two Tiktok accounts?|Why is my Tiktok account suspended?|How to create another Tiktok account?|Is it bad to have multiple Tiktok accounts?|Can you switch between accounts on Tiktok?|Can you use Tiktok without account?|Can you download TikTok data?|Is it legal to do Tiktok private account bypass?|How can I safely run multiple TikTok accounts without getting banned?|Can you have multiple TikTok accounts?|Can you have multiple TikTok accounts with the same email?|What is the limit on the number of TikTok accounts?|Read other posts about multiple accounting:,3986,/blog/can-i-have-multiple-bluesky-accounts|/blog/can-you-have-2-fanduel-accounts|/blog/can-you-have-multiple-snapchat-accounts|/blog/can-you-have-multiple-whatsapp-accounts|/blog/how-to-run-multiple-coinbase-accounts|/blog/how-to-run-multiple-etsy-shops|/blog/how-to-run-multiple-telegram-accounts|/blog/linkedin-multiple-accounts|/blog/manage-multiple-google-accounts|/blog/multiple-accounts-on-facebook|/blog/multiple-airbnb-accounts|/blog/multiple-amazon-accounts|/blog/multiple-craigslist-login|/blog/multiple-ebay-accounts|/blog/multiple-gmail-accounts|/blog/multiple-google-ads-accounts|/blog/multiple-instagram-accounts|/blog/multiple-prizepicks-accounts|/blog/multiple-reddit-accounts|/blog/multiple-social-media-accounts|/blog/multiple-twitter-accounts|/blog/multiple-zillow-agent-login|/blog/shadowbanned-on-tiktok|/blog/the-easiest-way-to-run-multiple-discord-accounts|/blog/what-is-an-ip-leak,2026-01-27
How to Create and Manage Multiple Twitter Accounts Safely in 2026,https://gologin.com/blog/multiple-twitter-accounts/,multi-accounting,how to create and manage multiple,how-to,Introduction to Multiple Twitter X Accounts|Who Needs Multiple Twitter X Accounts?|Benefits of Multiple Accounts|Can You Have Multiple Twitter Accounts?|How to manage multiple Twitter accounts right in the app|More convenient ways to manage multiple Twitter accounts|Best Practices for Managing Multiple Twitter Accounts|Common Mistakes to Avoid|How Does Gologin work?|How To Run Multiple Twitter Accounts Using Gologin|Troubleshooting Common Issues|Frequently asked questions about multiple Twitter accounts|What Are Digital Fingerprints|Enhanced Detection Mechanisms|Switching between accounts via the desktop app and website|Switching via the iOS Twitter mobile app|Switching Twitter accounts via the Android app|Use different browsers with VPN or proxy|Leverage social media management tools|Buy separate devices for each Twitter account|Use a multi-accounting browser|Algorithmic Changes Affecting Visibility|Wrapping up|Can I run two Twitter accounts one email?|How to make a second Twitter account?|Can you get suspended for having multiple Twitter accounts?|What to do if I get a Twitter account suspension?|How long do Twitter bans last?|What’s the safest way to manage multiple Twitter accounts without getting flagged?|Read other posts about multiple accounting:,4410,/blog/buy-twitter-x-accounts|/blog/can-i-have-multiple-bluesky-accounts|/blog/can-you-have-2-fanduel-accounts|/blog/can-you-have-multiple-snapchat-accounts|/blog/can-you-have-multiple-whatsapp-accounts|/blog/how-to-run-multiple-coinbase-accounts|/blog/how-to-run-multiple-etsy-shops|/blog/how-to-run-multiple-telegram-accounts|/blog/linkedin-multiple-accounts|/blog/manage-multiple-google-accounts|/blog/multiple-accounts-on-facebook|/blog/multiple-airbnb-accounts|/blog/multiple-amazon-accounts|/blog/multiple-craigslist-login|/blog/multiple-ebay-accounts|/blog/multiple-gmail-accounts|/blog/multiple-google-ads-accounts|/blog/multiple-instagram-accounts|/blog/multiple-prizepicks-accounts|/blog/multiple-reddit-accounts|/blog/multiple-social-media-accounts|/blog/multiple-tiktok-accounts|/blog/multiple-zillow-agent-login|/blog/octo-browser-gologin|/blog/proxy-vs-vpn-vs-antidetect|/blog/technical-comparison-of-the-top-10-residential-proxy-providers|/blog/the-easiest-way-to-run-multiple-discord-accounts|/blog/what-is-an-ip-leak,2026-01-27
How to Create and Manage Multiple Facebook Accounts in 2026,https://gologin.com/blog/multiple-accounts-on-facebook/,multi-accounting,how to create and manage multiple,how-to,Why Does Facebook Ban Multiple Accounts?|How Facebook Detects Multiple Accounts (The Technical Side)|What’s Multi Accounting?|Comparison of Management Methods|Step-by-Step: How to Switch Between Accounts (The Standard Way)|How Does Gologin work?|How To Run Multiple Accounts On Facebook Using Gologin|Old Ways of Running Multiple Accounts on Facebook|How to create another facebook account?|How to add another facebook account?|Three Major Benefits of Using Gologin|Best Practices for Managing Multiple Accounts|Multiple FB Accounts FAQ|The New Way: Facebook’s Official Multi-Profile Feature|Bans Are More Common Than You Think|Automatic Bans|Connecting a Facebook account to a Gologin profile|Running multiple accounts|Stopping the profiles|How to create multiple Facebook accounts in 2026?|Can you have two Facebook accounts?|Can I have multiple Facebook accounts?|Can I have 2 Facebook accounts on 1 phone?|How many Facebook accounts can you have with one email?|How to switch between profiles on Facebook?|Can I protect my multiple Facebook accounts from tracking with Gologin?|How to check if you have multiple Facebook accounts?|Can I use Gologin for my SMM agency working with multiple Facebook accounts?|Can I share access to my multiple Facebook accounts with my remote team?|Read other posts about multiple accounting:|References:,4094,/blog/banned-from-facebook|/blog/buy-facebook-accounts|/blog/can-i-have-multiple-bluesky-accounts|/blog/can-you-have-2-fanduel-accounts|/blog/can-you-have-multiple-snapchat-accounts|/blog/can-you-have-multiple-whatsapp-accounts|/blog/how-to-run-multiple-coinbase-accounts|/blog/how-to-run-multiple-etsy-shops|/blog/how-to-run-multiple-telegram-accounts|/blog/how-to-unblock-facebook|/blog/linkedin-multiple-accounts|/blog/logii-browser-vs-gologin-honest-review|/blog/manage-multiple-google-accounts|/blog/manage-multiple-online-accounts-on-one-device|/blog/multiple-airbnb-accounts|/blog/multiple-amazon-accounts|/blog/multiple-craigslist-login|/blog/multiple-ebay-accounts|/blog/multiple-gmail-accounts|/blog/multiple-google-ads-accounts|/blog/multiple-instagram-accounts|/blog/multiple-prizepicks-accounts|/blog/multiple-reddit-accounts|/blog/multiple-social-media-accounts|/blog/multiple-tiktok-accounts|/blog/multiple-twitter-accounts|/blog/multiple-zillow-agent-login|/blog/the-easiest-way-to-run-multiple-discord-accounts,2026-01-26
Multiple Gmail Accounts: How to Create and Manage an Unlimited Gmail Accounts ?,https://gologin.com/blog/multiple-gmail-accounts/,multi-accounting,multiple gmail accounts how to create,how-to,Introduction to Gmail Account Management|Open Gmail and Account Setup|Multiple Gmail Accounts Right In The Gmail App|Multiple Gmail Accounts Safety Concerns|Phone Verification and Security|How To Manage Multiple Gmail Accounts More Efficiently|Create Multiple Chrome Profiles|How To Manage Multiple Gmail Accounts With A Multi-Accounting Browser|Google Account and Integration|Choose Your Method For Running Multiple Gmail Accounts|What new things Google has undertaken for Gmail in 2026|Troubleshooting Common Issues|Frequently Asked Questions About Multiple Gmail Accounts|Leverage Third-Party Email Tools|Use A Multi-Accounting Browser|Buying Reliable Proxies|Can You Have Multiple Gmail Accounts?|How To Create Multiple Gmail Accounts?|Can I Have Multiple Gmail Accounts In One Inbox?|Can I create 100 Gmail accounts?|How many accounts can I have on my Gmail?|What is the easiest way to manage and switch between multiple Gmail accounts?|How can I manage multiple Gmail accounts without getting them linked or flagged?|Read other posts about multiple accounting:,4227,/blog/can-i-have-multiple-bluesky-accounts|/blog/can-you-have-2-fanduel-accounts|/blog/can-you-have-multiple-snapchat-accounts|/blog/can-you-have-multiple-whatsapp-accounts|/blog/gmail-account-suspended|/blog/how-to-run-multiple-coinbase-accounts|/blog/how-to-run-multiple-etsy-shops|/blog/how-to-run-multiple-telegram-accounts|/blog/manage-multiple-google-accounts|/blog/multiple-accounts-on-facebook|/blog/multiple-airbnb-accounts|/blog/multiple-amazon-accounts|/blog/multiple-chrome-profiles|/blog/multiple-craigslist-login|/blog/multiple-ebay-accounts|/blog/multiple-google-ads-accounts|/blog/multiple-instagram-accounts|/blog/multiple-prizepicks-accounts|/blog/multiple-reddit-accounts|/blog/multiple-social-media-accounts|/blog/multiple-tiktok-accounts|/blog/multiple-twitter-accounts|/blog/multiple-zillow-agent-login|/blog/the-easiest-way-to-run-multiple-discord-accounts|/blog/what-is-an-ip-leak|/blog/youtube-account-suspended-or-banned,2026-01-25
Multi Account Browser | Gologin,https://gologin.com/blog/multi-account-browser/,multi-accounting,multi account browser gologin,informational,What is a Multiaccount Browser?|5 Best Multi Account Browsers|Recap of The Best Multi Account Browsers|Digital Fingerprint Explained|1. Gologin|2. 1Browser|3. Multilogin|4. Shift Browser|5. Arc Browser,1838,/blog/browser-session-share|/blog/buy-facebook-accounts|/blog/device-fingerprinting-in-web-scraping|/blog/is-your-apple-id-suspended-or-banned|/blog/manage-multiple-google-accounts|/blog/multilogin-chrome-browser|/blog/multilogin-cloud-phone-review|/blog/what-is-fingerprint-browser-top-choices|/blog/what-is-timezone-spoofing-avoid-account-bans-safely,2026-01-22
Best Web Browser For Business | Gologin,https://gologin.com/blog/best-web-browser-for-business/,general,best web browser for business gologin,commercial,Why Consider a Different Browser for Business?|4 Best Web Browsers For Business: Expert’s Pick|Recap of The Best Web Browser for Business|The Browser Extension Threat|1. Chrome Enterprise – Best Browser for Organizations using Google Workspace|2. Microsoft Edge for Business – Best Browser for Microsoft 365 Environments|3. Gologin – Best Browser for Marketing Agencies & Lead Generation|4. Atlas Browser – Best for Businesses in Creative Fields,2174,/blog/best-antidetect-browser-for-android|/blog/detect-expert-review-2026-vektor-t13-antidetect-vs-gologin|/blog/how-to-easily-share-your-chatgpt-account|/blog/manage-multiple-google-accounts|/blog/multi-session-browser|/blog/multiple-tiktok-accounts|/blog/what-is-antidetect-browser|/blog/what-is-fingerprint-browser-top-choices,2026-01-15
What Is Co-Browsing? Full Explained Guide,https://gologin.com/blog/what-is-co-browsing/,general,what is co browsing full explained,informational,What Is Co-Browsing?|Use Cases of Co-browsing|Co-Browsing Vs RDP|Top 4 Co-Browsing Solutions|Comparison Between Cobrowse Vs Surely Vs TeamViewer Vs Gologin|Guide: Using Gologin to Delegate Accounts|Conclusion|How Does Co-Browsing Work?|Significance of Co-Browsing|Customer Support|Insurance and Financial Services|E-Learning|E-commerce Sales Support|Product Onboarding|Differences Between Co-browsing and Remote Desktop Protocol|1. Cobrowse.io - Best for Online Support|2. Surfly - Best Cobrowse Alternative|3. TeamViewer - Best Free RDP Tool for Remote Computer Access|4. Gologin - Best for Social Account Delegation,2937,/blog/best-secure-browsers|/blog/how-to-easily-share-your-chatgpt-account,2026-01-13
Browser Session Management: The Ultimate Guide to Security,https://gologin.com/blog/browser-session-management/,general,browser session management the to security,informational,What Are Browser Sessions & Session Management?|Why Companies Need Browser Session Management?|Top Browsers for Browser Session Management|Guide: How to Safely Share Fully Isolated Browser Session with Gologin|FAQ|How Do Session Management Browsers Work?|1. Gologin|How Gologin Maintains an Active Browser Session|Gologin’s Pricing and Proxies|2. 1Browser|3. Multilogin|4. Incogniton|1. What is Browser Session Management and why is it important?|3. How can I safely manage multiple browser sessions simultaneously?|4. What are the main security threats associated with poor session management?,2604,/blog/best-antidetect-browser-for-android|/blog/buy-amazon-seller-accounts|/blog/incognito-mode-alternative|/blog/incogniton-vs-gologin|/blog/multi-session-browser|/blog/multilogin-chrome-browser|/blog/multiple-social-media-accounts,2026-01-08
Best Anti-Detect Browsers for Web Scraping in 2026,https://gologin.com/blog/best-anti-detect-browsers-for-web-scraping/,web-scraping,best anti detect browsers for web,commercial,Why Anti-Detect Browsers Matter for Web Scraping|Key Criteria for Evaluating Anti-Detect Browsers in 2026|How to Use Anti-Detect Browsers for Reliable Web Scraping — Best Practices|When Anti-Detect Browsers Are Not Enough — Common Pitfalls & What to Watch Out For|How to Choose the Right Anti-Detect Browser for Your Web Scraping Needs (2026 Checklist)|Conclusion & Recommendations|FAQ|Top Anti-Detect Browsers for Web Scraping in 2026|Gologin|Multilogin|Octo Browser|AdsPower|Dolphin{Anty}|1. What is an anti-detect browser for web scraping?|2. Why are anti-detect browsers important for web scraping in 2026?|3. Which anti-detect browsers are best for web scraping in 2026?|4. Do anti-detect browsers work with web scraping tools?|5. Are anti-detect browsers safer than using regular browsers for scraping?|6. Do I need proxies when using an anti-detect browser for scraping?,3685,/blog/15-best-scraping-browsers-tools|/blog/adspower-browser-vs-gologin|/blog/anti-fingerprinting-browser|/blog/detect-expert-review-2026-vektor-t13-antidetect-vs-gologin|/blog/incogniton-vs-gologin|/blog/multilogin-chrome-browser|/blog/octo-browser-gologin|/blog/what-is-canvas-fingerprinting,2026-01-02
Incognito Mode Alternative | Gologin,https://gologin.com/blog/incognito-mode-alternative/,competitor-comparison,incognito mode alternative gologin,comparison,"What is Incognito Mode?|Is Incognito Mode Safe (If Not, Then Why)?|4 Best Incognito Alternatives for Safe and Secure Browsing|Best Incognito Mode Alternative You Can Have|FAQs|1. Anti-Detect Browsers|2. VPNs|3. Proxies|4. Secure Privacy-Focused Browsers|What is the alternative to incognito mode?|Which browser is 100% untraceable?",2360,/blog/best-antidetect-browsers|/blog/best-browser-for-privacy|/blog/truly-anonymous-browsing,2025-12-26
Is Hyperbrowser Any Good? Tech Expert Review,https://gologin.com/blog/is-hyperbrowser-any-good/,general,is hyperbrowser any good tech expert,commercial,Where Hyperbrowser Actually Gets Used?|What Features Does Hyperbrowser Have?|How Much Does a Hyperbrowser Cost?|Company Context and User Reviews|Testing Methodology|Alternatives|Cloud Browser Automation|Web Scraping|AI-Powered Browser Agents|HyperAgent Automation Framework|Playwright And Puppeteer Support|Anti-Detection Features|Ad Blocking|Static IPs|Profiles|Live View and Session Recordings|Setup Experience|Runtime Performance|Conclusion|Gologin (The Best Alternative)|Firecrawl|Browse AI,2246,/blog/what-is-fingerprint-browser-top-choices,2025-12-23
Is Browserbase Any Good? Tech Expert Review,https://gologin.com/blog/is-browserbase-any-good/,general,is browserbase any good tech expert,commercial,Where Browserbase Actually Gets Used?|What Features Does Browserbase Have?|How Much Does Browserbase Cost?|Company Context and User Reviews|Testing Methodology|Conclusion|Alternatives|AI-Driven Browser Control|Scheduled and Scripted Workflow Automation|Web Scraping|Serverless Browser Infrastructure|Remote Headless Execution|Automation Frameworks Support|AI Control via MCP + Stagehand Tooling|Runtime Performance|Gologin (The Best Alternative)|Browserless|BrowserStack Live,2265,/blog/best-anti-detect-browsers-for-web-scraping|/blog/detect-expert-review-2026-vektor-t13-antidetect-vs-gologin,2025-12-21
Multi Session Browser | Gologin,https://gologin.com/blog/multi-session-browser/,general,multi session browser gologin,informational,What is a Multi Session Browser + Working|Why Use a Multi-Session Browser?|Top Multi Session Browsers|FAQs|1. Gologin|2. 1Browser|3. Multilogin|4. SessionBox One|What are browser sessions?|What is a multi-session?,1799,/blog/browser-session-management|/blog/browser-session-share|/blog/buy-ebay-seller-accounts|/blog/manage-multiple-google-accounts|/blog/multilogin-chrome-browser|/blog/multiple-social-media-accounts|/blog/what-is-canvas-fingerprinting|/blog/what-is-fingerprint-browser-top-choices|/blog/whatsapp-account-banned-or-suspended,2025-12-20
10 Best Antidetect Browsers for iPhone iOS in 2026,https://gologin.com/blog/best-antidetect-browsers-for-iphone/,antidetect-browsers,10 best antidetect browsers for iphone,commercial,Comparison Table: 10 Best Antidetect Browsers for iPhone (iOS)|Why Browser Fingerprinting Protection Matters for SMM on iPhone|The SMM Battlefield: Why Protection is Non-Negotiable|The Digital Advantage for iOS Users|The Significance of Superior Antidetect Technology|What Makes Gologin Stand Out?|TOP 10 Antidetect Browsers for iPhone|Final Word|FAQ|The Risks of &#8220;Naked&#8221; Browsing|The iOS Challenge|How Much Does It Cost to Share Accounts in Gologin?|1. Gologin|2. Kameleo|3. Multilogin|4. Dolphin Anty|5. AdsPower|6. Morelogin|7. BitBrowser|8. Hidemyacc|9. Incogniton|10. Undetectable Browser|What is an antidetect browser for iPhone?|Why do SMM specialists need antidetect browsers on iOS?|Which antidetect browser is best for iPhone?|Are antidetect browsers legal to use on iPhone?|Can teams safely share social media accounts using Gologin?|Do antidetect browsers guarantee protection from bans?,1844,/blog/adspower-browser-vs-gologin|/blog/dolphin-anty-vs-gologin|/blog/incogniton-vs-gologin|/blog/multilogin-chrome-browser|/blog/multiple-social-media-accounts|/blog/multiple-tiktok-accounts|/blog/undetectable-browser-vs-gologin,2025-12-17
10 Best Antidetect Browsers for Mac in 2026,https://gologin.com/blog/best-antidetect-browsers-for-mac/,antidetect-browsers,10 best antidetect browsers for mac,commercial,Summary Best Anti detect Browsers for MacBook|Introduction to Antidetect Technology|Why Browser Fingerprinting Protection Matters for Business|The Digital Advantage for Mac Users|The Significance of Superior Antidetect Technology and Advanced Fingerprint Protection|How Antidetect Browsers Work|Key Features of Antidetect Browsers|What Makes Gologin Stand Out?|How Much Does It Cost to Manage Multiple Accounts in Gologin?|Best 10 Antidetect Browsers for Mac|Free Antidetect Browser Options|Using Antidetect Browsers with Proxies|Final Word|FAQ|The Challenge on macOS|1. Gologin|2. Dolphin Anty|3. AdsPower|4. Multilogin|5. Incogniton|6. Morelogin|7. BitBrowser|8. Kameleo|9. Hidemyacc|10. Undetectable Browser|1) What is an antidetect browser for Mac?|2) Which antidetect browser is best for macOS in 2026?|3) Are antidetect browsers legal to use on Mac?|4) How does Gologin let teams share accounts safely?|5) Which antidetect browsers are best for automation on Mac?|6) What should Mac users look for when choosing an antidetect browser?,2864,/blog/adspower-browser-vs-gologin|/blog/best-secure-browsers|/blog/dolphin-anty-vs-gologin|/blog/incogniton-vs-gologin|/blog/multilogin-chrome-browser|/blog/undetectable-browser-vs-gologin|/blog/what-is-a-digital-footprint|/blog/what-is-fingerprint-browser-top-choices,2025-12-15
10 Best Cloud Browsers – Expert Review & Comparison,https://gologin.com/blog/best-cloud-browsers/,competitor-comparison,10 best cloud browsers expert comparison,comparison,Best Cloud Browsers: Daily Users / Disposable Cloud Browsers|Best Dev / Automation Cloud Browsers (Browser-as-a-Service / BaaS)|How to Choose Best Cloud Browser: Checklist|Recap Comparison Table|Conclusion & Recommendations|1. Gologin Cloud Browser|2. Puffin Browser|3. Browser.lol|4. MightyApp (Mighty Browser) - Discontinued|5. Kasm Workspaces (Cloud Personal)|6. BrowserStack Live|7. LambdaTest Cloud Browser|8. Sauce Labs Live|9. Browserbase|10. Browserless.io|1. Purpose / Use Case|2. Session Features|3. Pricing,2778,/blog/best-secure-browsers|/blog/multiple-social-media-accounts|/blog/what-is-fingerprint-browser-top-choices,2025-12-14
"10 Best AI Browsers For Agents, MCP & More - Technical Overview",https://gologin.com/blog/best-ai-browsers-for-agents-mcp-more/,general,10 best ai browsers for agents,commercial,"What Types of AI Browsers Exist?|Research Methods|Top 9 Browsers For AI Agents|Top Use Cases For AI Browsers|Potential Risks of AI Browsers|How To Choose The Right AI Browser (Checklist)|1. Gologin|2. ChatGPT Atlas|3. Copilot in Microsoft Edge|4. Opera One|5. Perplexity Comet|6. Brave with Leo AI|7. Dia|8. Kosmik|9. BrowserOS|10. Arc Browser (Discontinued)|Multi-Account Work, Automation & Agent Workflows|Fast Research and Page-Aware Assistance|Private, Local, and Anonymous AI Tasks|Everyday Browsing With Casual AI Help|Creative and Visual Workflows",3243,/blog/multiple-pinterest-accounts|/blog/what-is-canvas-fingerprinting,2025-12-13
Best Blockaway Alternatives: Unblock Any Website Securely,https://gologin.com/blog/best-blockaway-alternatives/,competitor-comparison,best blockaway alternatives unblock any website,comparison,What Is Blockaway And How Free Web Proxies Work|What is Unblock Proxy?|Dangers of free online proxy sites (like BlockAway)|Top alternatives to BlockAway|Comparison of All Methods|How to choose a secure alternative — checklist|FAQ|Gologin — Best proxy-browser alternative (recommended)|Premium Proxy Providers (Floppydata / Oxylabs / Decodo)|VPNs|Other Methods & Tricks We Don’t Recommend|Is BlockAway safe to use?|What is the best alternative to BlockAway?|Can a VPN replace a web proxy?|Are paid proxies necessary?,2315,/blog/multiple-social-media-accounts|/blog/what-are-proxies|/blog/youtube-account-suspended-or-banned,2025-12-12
Unblocked TikTok: How To Unblock Tiktok Using a VPN or Proxy Alternative,https://gologin.com/blog/how-to-unblock-tiktok-in-your-country/,proxies,unblocked tiktok how to unblock tiktok,comparison,"Ways To Unblock TikTok From Anywhere|Other Methods Unblocked TikTok & Tricks We Don’t Recommend:|Where is TikTok Blocked Right Now?|Why Is TikTok Blocked In Some Locations?|Quick Recap|FAQs|1. Using Gologin Proxy Browser|2. Using a Proxy IP|3. Buying Foreign SIM Cards|Using a VPN|Tor (slow, encryption will trigger bans)|Browser Extensions (dangerous)",2795,/blog/best-proxy-browsers|/blog/how-to-use-a-proxy-server|/blog/multiple-tiktok-accounts|/blog/undetectable-browser-vs-gologin|/blog/what-are-proxies,2025-12-12
10 Best Anti Detect Browser for Windows PC in 2026,https://gologin.com/blog/best-anti-detect-browser-for-windows-pc/,antidetect-browsers,10 best anti detect browser for,commercial,Introduction to Antidetect Browsers|What Are Antidetect Browsers?|Legality and Use Cases|Why Browser Fingerprinting Protection Matters for Business|The Digital Advantage for Users|The Significance of Superior Antidetect Technology|Choosing the Best Antidetect Browser|What Makes Gologin Stand Out?|Best Antidetect Browsers Reviewed|Free Antidetect Browsers|Final Word|FAQ|The Challenge to Manage Multiple Accounts|How Much Does It Cost to Share Profiles in Gologin?|1. Gologin|2. Dolphin Anty|3. AdsPower|4. Multilogin|5. Incogniton|6. Geelark|7. Okto Browser|8. NSTBrowser|9. Lalicat|10. Undetectable Browser|1. Why do Windows PC users need antidetect browsers?|2. Is it legal to use antidetect browsers for business?|3. Why does Gologin rank first among Windows antidetect browsers?|4. How does Gologin handle team account sharing?,2853,/blog/adspower-browser-vs-gologin|/blog/best-secure-browsers|/blog/buy-reddit-accounts|/blog/dolphin-anty-vs-gologin|/blog/geelark-review|/blog/incogniton-vs-gologin|/blog/lalicat-browser-vs-gologin-honest-review|/blog/multilogin-chrome-browser|/blog/multiple-ebay-accounts|/blog/multiple-paypal-accounts|/blog/multiple-tiktok-accounts|/blog/nstbrowser-vs-gologin-honest-review|/blog/undetectable-browser-vs-gologin|/blog/what-is-fingerprint-browser-top-choices,2025-12-11
10 Best Antidetect Browsers for Dropshipping in 2026,https://gologin.com/blog/best-antidetect-browsers-for-dropshipping/,antidetect-browsers,10 best antidetect browsers for dropshipping,commercial,Why Browser Fingerprinting Protection Matters for Dropshipping|The Digital Advantage in Dropshipping|The Significance of Superior Antidetect Technology for Managing Multiple Accounts|Key Features of Antidetect Browsers|How Antidetect Browsers Work|What Key Features Make Gologin Stand Out?|Best 10 Antidetect Browsers for Dropshipping in 2026: The Best Antidetect Browsers Compared|Choosing the Right Antidetect Browser|Antidetect Browser vs VPN|Tips for Using Antidetect Browsers|Final Word|FAQ|The Dropshipping Challenge|How Much Does It Cost to Share Accounts Between Dropshipping Teams in Gologin?|1. Gologin|2. Dolphin Anty|3. AdsPower|4. Multilogin|5. Incogniton|6. Geelark|7. Okto Browser|8. NSTBrowser|9. Lalicat|10. Undetectable Browser|1. Why do dropshippers need antidetect browsers?|2. Which antidetect browser works best for Amazon and eBay sellers?|3. Are antidetect browsers legal for dropshipping?|4. How much does it cost to share store profiles between team members in Gologin?|5. Which antidetect browsers offer strong automation options for dropshipping tasks?|6. How do dropshippers prevent account linking when managing multiple stores?,3186,/blog/adspower-browser-vs-gologin|/blog/best-affiliate-marketing-tools|/blog/best-antidetect-browsers-for-media-buying|/blog/best-free-antidetect-browser|/blog/device-fingerprinting|/blog/device-fingerprinting-in-web-scraping|/blog/dolphin-anty-vs-gologin|/blog/ebay-account-suspended|/blog/geelark-review|/blog/incogniton-vs-gologin|/blog/lalicat-browser-vs-gologin-honest-review|/blog/multilogin-chrome-browser|/blog/multiple-social-media-accounts|/blog/nstbrowser-vs-gologin-honest-review|/blog/undetectable-browser-vs-gologin|/blog/webgl-canvas-fingerprinting|/blog/what-is-a-user-agent,2025-12-08
Best Antidetect Alternatives - Expert Opinion,https://gologin.com/blog/best-antidetect-alternatives/,competitor-comparison,best antidetect alternatives expert opinion,comparison,What Are Antidetect Browsers and Why Do Teams Use Them|How Social Platforms Detect & Block Multiple Accounts|Alternatives to Antidetect Browsers|Comparison Table|FAQ (Frequently Asked Questions)|Recap|Why Do Teams Use Antidetect Browsers?|Official Platform Tools & Business Permissions|Using Real Physical Devices|Cloud Phones and Virtual Mobile Devices|Per-Account Proxies (Residential & Mobile Proxies for Each Profile)|Isolated Virtual Machines or VPS|Browser Containers or Hardened Privacy Browsers|Human Operators & Distributed Team Model|Managed Multi-Account SaaS Platforms|Are mobile proxies alone enough to run multiple accounts without an antidetect browser?|Is using cloud phones or emulators to manage accounts legal?|How do social networks know if I have multiple accounts?|Which method is the safest alternative to using an antidetect browser?,2957,/blog/best-browser-for-privacy|/blog/browser-fingerprint|/blog/can-you-have-multiple-whatsapp-accounts|/blog/detect-expert-review-2026-vektor-t13-antidetect-vs-gologin|/blog/geelark-review|/blog/how-to-easily-share-your-ahrefs-account|/blog/how-to-use-a-proxy-server|/blog/multiple-accounts-on-facebook|/blog/multiple-social-media-accounts|/blog/multiple-tiktok-accounts|/blog/what-are-proxies|/blog/what-is-antidetect-browser|/blog/whatsapp-account-banned-or-suspended,2025-12-07
Best Unblock Proxy Rating | Gologin,https://gologin.com/blog/best-unblock-proxy-rating/,proxies,best unblock proxy rating gologin,how-to,Unblock Websites Using Gologin|Unblock Websites Using a VPN|Unblock Websites Using A Proxy IP|Unblock Websites Using Web Proxy Services (Use With Caution!)|Other Methods & Tricks We Don’t Recommend|Why Are Websites Blocked In Some Locations?|FAQ|Gologin Use Cases|Are website unblockers legal?|How do I unblock a website from ISP?|What is the most efficient way to unblock websites you have to use regularly?,1880,/blog/antidetect-browsers-use-cases|/blog/best-proxy-browsers|/blog/multiple-social-media-accounts|/blog/what-are-proxies,2025-12-06
10 Best Antidetect Browsers for Lead Generation in 2026,https://gologin.com/blog/best-antidetect-browsers-for-lead-generation/,antidetect-browsers,10 best antidetect browsers for lead,commercial,Introduction to Antidetect Browsers|Why Browser Fingerprinting Protection Is Crucial in Lead Generation|The Digital Advantage in Lead Generation|The Significance of Superior Antidetect Technology for Multi Account Management|Evaluating Antidetect Browsers for Lead Generation|Market Landscape and Trends in Antidetect Browsers|What Makes Gologin Stand Out with Proxy Integration?|Best 10 Antidetect Browsers for Lead Generation|Latest Developments in Antidetect Browsers|Final Word|FAQ|The Lead Generation Challenge|How Much Does It Cost to Share Accounts Between Lead Generation Specialists?|1. Gologin|2. Dolphin Anty|3. AdsPower|4. Multilogin|5. Incogniton|6. Geelark|7. Okto Browser|8. NSTBrowser|9. Lalicat|10. Undetectable Browser|1. Why do lead generation specialists need antidetect browsers?|2. Which antidetect browser offers the best performance for large-scale outreach?|3. Is using an antidetect browser legal for lead generation work?|4. How much does it cost to share profiles between lead generation specialists in Gologin?|5. Which antidetect browsers offer strong automation support for lead generation?|6. How can lead gen teams avoid account linking across multiple profiles?,3285,/blog/adspower-browser-vs-gologin|/blog/browser-fingerprint-spoofing-how-to-prevent-tracking|/blog/dolphin-anty-vs-gologin|/blog/geelark-review|/blog/incogniton-vs-gologin|/blog/lalicat-browser-vs-gologin-honest-review|/blog/multilogin-chrome-browser|/blog/nstbrowser-vs-gologin-honest-review|/blog/undetectable-browser-vs-gologin|/blog/what-is-canvas-fingerprinting,2025-12-05
18 Best Unblocked Browsers To Bypass Blocked Web Sites,https://gologin.com/blog/best-unblocked-web-browsers/,account-restrictions,18 best unblocked browsers to bypass,how-to,What Are Unblocked Browsers?|Selecting an Unblocked Browser|How Do Unblocked Browsers Work?|How to bypass blocked sites?|Summary Table: 18 Best Unblocked Web Browsers|Unblocked Browsers List|1. Gologin|2. 1Browser|3. Tor Browser|4. Opera One|5. Brave|6. ProxyBoost.net|7. Avast Secure Browser PRO|8. Puffin Browser|9. Waterfox|10. Tenta|11. DuckDuckGo|12. Aloha Browser|13. UR Browser|14. Epic Privacy Browser|15. Startpage|16. BlockAway|17. EPS Browser|18. Browser.lol|Frequently Asked Questions About Best Unblocked Browsers|1. How Does An Unblocked Browser Work?|2. What’s The Difference Between VPNs And Unblocked Browsers?|3. Are unblocked browsers legal to use?|4. What’s the difference between a VPN browser and a cloud-based unblocked browser?|5. Which unblocked browser is the best choice for school or office networks?|6. Do unblocked browsers protect my privacy?,3993,/blog/what-is-fingerprint-browser-top-choices,2025-12-05
10 Best Antidetect Browsers for SEO in 2026,https://gologin.com/blog/best-antidetect-browsers-for-seo/,antidetect-browsers,10 best antidetect browsers for seo,commercial,Introduction to Antidetect Browsers|The Digital Advantage in SEO|The Significance of Superior Antidetect Technology for Browser Fingerprint Protection|How Antidetect Browsers Work|What Makes Gologin Stand Out for Multi Account Management?|Best 10 Antidetect Browsers for SEO in 2026: The Best Antidetect Browsers Compared|Final Word|FAQ|The SEO Challenge|How Much Does It Cost to Share Accounts Between SEO Specialists in Gologin?|1. Gologin|2. Dolphin Anty|3. AdsPower|4. Multilogin|5. Incogniton|6. Geelark|7. Okto Browser|8. NSTBrowser|9. Lalicat|10. Undetectable Browser|1. Why do SEO specialists need antidetect browsers?|2. Which antidetect browser is best for unbiased SERP checking?|3. Are antidetect browsers legal for SEO and digital marketing tasks?|4. How much does it cost to share SEO profiles between team members in Gologin?|5. Which antidetect browsers offer strong automation features for SEO work?|6. What should SEO teams look for when choosing an antidetect browser?,2588,/blog/adspower-browser-vs-gologin|/blog/browser-fingerprint-spoofing-how-to-prevent-tracking|/blog/dolphin-anty-vs-gologin|/blog/geelark-review|/blog/incogniton-vs-gologin|/blog/lalicat-browser-vs-gologin-honest-review|/blog/multilogin-chrome-browser|/blog/multiple-social-media-accounts|/blog/nstbrowser-vs-gologin-honest-review|/blog/undetectable-browser-vs-gologin|/blog/what-is-a-digital-footprint|/blog/what-is-timezone-spoofing-avoid-account-bans-safely,2025-12-04
10 Best Antidetect Browsers for Affiliate Marketing in 2026,https://gologin.com/blog/best-antidetect-browsers-for-affiliate-marketing/,antidetect-browsers,10 best antidetect browsers for affiliate,commercial,The (Unfair) Advantage Of Antidetects in Affiliate Marketing|The Affiliate Marketing Challenge|Why Only Best Antidetect Browsers Work for Multiple Accounts|How Do Anti Detect Browsers Work?|What Makes Gologin Better for Affiliate Marketers?|How Much Does it Cost to Share Accounts Between Affiliate Specialists in Gologin?|Best 10 Antidetect Browser Solutions for Affiliate Marketing in 2026|Final Word|FAQ|1. Gologin|2. Dolphin Anty|3. AdsPower|4. Multilogin|5. Incogniton|6. Geelark|7. Okto Browser|8. NSTBrowser|9. Lalicat|10. Undetectable Browser|1. Why do affiliate marketers need antidetect browsers in 2026?|2. Which antidetect browser offers the best performance for affiliate campaigns?|3. Are antidetect browsers legal to use for affiliate marketing?|4. How much does it cost to share profiles between affiliate specialists in Gologin?|5. Which antidetect browsers offer the strongest automation tools for affiliates?|6. How do affiliates prevent account linking while using antidetect browsers?,2636,/blog/adspower-browser-vs-gologin|/blog/dolphin-anty-vs-gologin|/blog/geelark-review|/blog/incogniton-vs-gologin|/blog/lalicat-browser-vs-gologin-honest-review|/blog/multilogin-chrome-browser|/blog/multiple-social-media-accounts|/blog/nstbrowser-vs-gologin-honest-review|/blog/undetectable-browser-vs-gologin|/blog/what-is-a-user-agent|/blog/what-is-fingerprint-browser-top-choices,2025-12-03
Best Antidetect Browsers for Media Buying in 2026,https://gologin.com/blog/best-antidetect-browsers-for-media-buying/,antidetect-browsers,best antidetect browsers for media buying,commercial,The Digital Advantage in Media Buying|The Media Buying Challenge|The Significance of Superior Antidetect Technology and Browser Fingerprints|Browser Profile Management for Media Buyers|What Makes Gologin Stand Out?|Best 10 Antidetect Browsers for Media Buying in 2026|Final Word on Team Collaboration|FAQ|How Much Does It Cost for Managing Multiple Accounts Between Media Buying Specialists?|1. Gologin|2. Dolphin Anty|3. AdsPower|4. Multilogin|5. Incogniton|6. Geelark|7. Okto Browser|8. NSTBrowser|9. Lalicat|10. Undetectable Browser|1. Why do media buyers need antidetect browsers in 2026?|2. Which antidetect browser performs best for Meta and TikTok ads?|3. Are antidetect browsers legal for media buying?|4. How much does it cost to share accounts between media buyers in Gologin?|5. Which antidetect browsers offer the strongest automation for media buying?|6. What should media buyers look for when choosing an antidetect browser?,2682,/blog/adspower-browser-vs-gologin|/blog/browser-session-management|/blog/dolphin-anty-vs-gologin|/blog/geelark-review|/blog/incogniton-vs-gologin|/blog/lalicat-browser-vs-gologin-honest-review|/blog/multilogin-chrome-browser|/blog/multilogin-cloud-phone-review|/blog/multiple-social-media-accounts|/blog/nstbrowser-vs-gologin-honest-review|/blog/octo-browser-gologin|/blog/undetectable-browser-vs-gologin|/blog/what-is-timezone-spoofing-avoid-account-bans-safely,2025-12-02
Best Antidetect Browsers for SMM in 2026,https://gologin.com/blog/best-antidetect-browsers-for-smm/,antidetect-browsers,best antidetect browsers for smm in,commercial,The Digital Advantage in SMM|The Significance of Superior Antidetect Technology|How Antidetect Browsers Work|Antidetect Browser vs VPN|What Makes Gologin Stand Out?|Setting Up an Antidetect Browser|Using an Antidetect Browser Safely|Common Mistakes to Avoid|Best 10 Antidetect Browsers for SMM in 2026: Top Antidetect Browsers Reviewed|Final Word|FAQ|The SMM Challenge|How Much Does it Cost SMM Teams to Share Accounts in Gologin?|1. Gologin|2. Dolphin Anty|3. AdsPower|4. Incogniton|5. Multilogin|6. Geelark|7. Okto Browser|8. NSTBrowser|9. Lalicat|10. Undetectable Browser|1. Which antidetect browser is best for managing multiple client accounts in SMM?|2. Do social media managers really need an antidetect browser?|3. Which antidetect browser offers the best automation features for SMM?|4. What’s the easiest antidetect browser for SMM beginners?|5. Which antidetect browser is best for ad-heavy workflows?|6. How do I choose the right antidetect browser for my SMM workflow?,3191,/blog/adspower-browser-vs-gologin|/blog/anti-fingerprint-browser-list-2023|/blog/best-affiliate-marketing-tools|/blog/best-antidetect-browsers|/blog/device-fingerprinting|/blog/device-fingerprinting-in-web-scraping|/blog/dolphin-anty-vs-gologin|/blog/geelark-review|/blog/how-to-create-and-manage-multiple-instagram-accounts|/blog/incogniton-vs-gologin|/blog/lalicat-browser-vs-gologin-honest-review|/blog/linkedin-multiple-accounts|/blog/multilogin-chrome-browser|/blog/multiple-accounts-on-facebook|/blog/multiple-chrome-profiles|/blog/multiple-social-media-accounts|/blog/nstbrowser-vs-gologin-honest-review|/blog/octo-browser-gologin|/blog/technical-comparison-of-the-top-10-residential-proxy-providers|/blog/undetectable-browser-vs-gologin|/blog/what-is-a-user-agent|/blog/what-is-browser-fingerprinting|/blog/what-is-fingerprint-browser-top-choices,2025-12-01
Is Browserless Actually Any Good? A Real Tech Expert Review,https://gologin.com/blog/is-browserless-actually-any-good/,general,is browserless actually any good a,commercial,Where Browserless Actually Gets Used|What Features Does It Actually Have?|Testing Methodology|Setup ease|Performance metrics|Comparison with competitors|Testing summary|Recap and final recommendation|Top 3 alternatives to Browserless|Data extraction and web scraping|PDF and image generation|End-to-end testing|Monitoring and automation|Automated data collection|PDF generation|Screenshot and UI testing|Docker support|API accessibility|How Much Does Browserless Cost?|Execution time|Resource usage|Success rate|Cost and control|Technical advantage|1. Gologin (The best alternative)|2. Playwright-Based cloud solutions|3. Apify,2508,/blog/multiple-social-media-accounts,2025-11-30
Best 10 Antidetect Browsers for Turkey Residents in 2026,https://gologin.com/blog/best-antidetect-browsers-for-turkey-residents/,antidetect-browsers,best 10 antidetect browsers for turkey,commercial,The Digital Turkey Advantage|The Significance of Superior Antidetect Technology|What Makes Gologin Stand Out?|Best 10 Antidetect Browsers for Turkey in 2026|Final Word|FAQ|The Turkish Challenge|1. Gologin|2. Multilogin|3. AdsPower|4. Dolphin Anty|5. Geelark|6. Incogniton|7. Okto Browser|8. NSTBrowser|9. Lalicat|10. Undetectable Browser|1. Why are antidetect browsers important for users in Turkey in 2026?|2. Are antidetect browsers legal to use in Turkey?|3. Which antidetect browser is the best choice for Turkish users in 2026?|4. What features matter most to Turkish professionals when picking an antidetect browser?|5. Which antidetect browsers are easiest for beginners in Turkey?|6. How can Turkish users prevent account linking when using antidetect browsers?,1670,/blog/adspower-browser-vs-gologin|/blog/dolphin-anty-vs-gologin|/blog/geelark-review|/blog/incogniton-vs-gologin|/blog/lalicat-browser-vs-gologin-honest-review|/blog/multilogin-chrome-browser|/blog/multiple-tiktok-accounts|/blog/nstbrowser-vs-gologin-honest-review|/blog/undetectable-browser-vs-gologin,2025-11-29
15 Best Scraping Browsers & Tools: Technical Review,https://gologin.com/blog/15-best-scraping-browsers-tools/,web-scraping,15 best scraping browsers tools technical,commercial,Top 5 Real-World Use Cases for Scraping|How to Choose a Scraping Tool: A Checklist|Conclusion: Comparison of All 15 Tools|Group 1: Open-Source Automation Frameworks|Group 2: Antidetect & Scraping Browser Solutions|Group 3: Web Scraping APIs|Group 4: No-Code & Cloud Platforms|Introduction|Playwright|Puppeteer|Selenium|Scrapy|Cypress|Gologin (Scraping Browser API)|Bright Data – Scraping Browser|Metapi|ZenRows|ScrapingBee|Zyte API|Apify|Octoparse|ParseHub|Axiom.ai|Import.io,4884,/blog/account-restricted|/blog/browser-automation-with-selenium|/blog/device-fingerprinting|/blog/gologin-integration|/blog/multiple-gmail-accounts|/blog/new-proxy-manager-one-click-proxy-import-and-more|/blog/rising-costs-of-data-scraping|/blog/scaling-web-scraping-companies|/blog/scraping-data-from-linkedin|/blog/selenium-vs-playwright|/blog/test-drive-of-captcha-solving-services|/blog/web-scraping-tools-services|/blog/web-scraping-with-python-your-first-scraper|/blog/webgl-canvas-fingerprinting|/blog/what-is-a-user-agent,2025-11-28
Top 10 Antidetect Browsers for Vietnam Residents in 2026,https://gologin.com/blog/antidetect-browsers-for-vietnam-residents/,antidetect-browsers,top 10 antidetect browsers for vietnam,commercial,"The Digital Vietnam Advantage|The Significance of Superior Antidetect Technology|What Makes Gologin Stand Out?|Best 10 Antidetect Browsers in 2026|Final Word|FAQ|The Vietnamese Challenge|1. Gologin|2. Multilogin|3. AdsPower|4. Indigo Browser|5. Kameleo|6. Incogniton|7. Lalicat|8. Vmlogin|9. Ghost Browser|10. Undetectable Browser|1. Why are antidetect browsers becoming essential for Vietnamese users?|2. Are antidetect browsers legal to use in Vietnam?|3. Which antidetect browser performs best for Vietnamese platforms like Shopee, TikTok, and Meta?|4. What features should Vietnam-based users prioritize when choosing an antidetect browser?|5. Which antidetect browsers are easiest for beginners in Vietnam?|6. How do Vietnamese users avoid account linking when working across multiple platforms?",1673,/blog/adspower-browser-vs-gologin|/blog/best-antidetect-browsers|/blog/best-social-media-management-tools-for-agencies|/blog/browser-session-management|/blog/detect-mobile-browser-android|/blog/ghost-browser-alternative|/blog/incogniton-vs-gologin|/blog/lalicat-browser-vs-gologin-honest-review|/blog/meet-the-new-antidetect-browser-orbita|/blog/multilogin-chrome-browser|/blog/multiple-gmail-accounts|/blog/multiple-tiktok-accounts|/blog/undetectable-browser-vs-gologin|/blog/what-is-canvas-fingerprinting|/blog/what-is-timezone-spoofing-avoid-account-bans-safely,2025-11-28
Browser Session Share: Simple Guide & Best Methods | Gologin,https://gologin.com/blog/browser-session-share/,general,browser session share simple best methods,commercial,"Guide: Browser Session Share With Gologin|Top 5 Other (Less Effective) Solutions|Different Names for Session Share|How Gologin Works Under The Hood|What Can Be Shared Using Gologin?|Remote desktop sharing (slow, ineffective)|Extensions (can get your account blocked)|Account credential sharing (dangerous)|Virtual machine renting / VPS (bulky, expensive)|Other solutions.",1733,/blog/15-best-scraping-browsers-tools|/blog/browser-fingerprint|/blog/browser-session-management|/blog/how-to-easily-share-your-ahrefs-account|/blog/how-to-easily-share-your-chatgpt-account|/blog/how-to-share-claude-ai-account|/blog/how-to-share-semrush-account|/blog/midjourney-account-sharing|/blog/what-are-proxies,2025-11-28
How To Choose Best Reddit Proxy: Guide + Top 8 Providers,https://gologin.com/blog/how-to-choose-best-reddit-proxy/,proxies,how to choose best reddit proxy,how-to,Practical Advice: How To Choose a Good Reddit Proxy?|Reddit Proxy Detection Algorithms|Top 8 Proxy Providers for Reddit|How To Use Reddit Proxies With Gologin: A Guide|Use Cases for Reddit Proxies|Quick Recap|Rotating Residential – Best for multi-accounting|Mobile – Best for account creation and warm-ups|DataCenter – Most Affordable option.|ISP / Static Residential – Best for long-term account stability|1. Floppydata - Our Top Choice For Reddit Proxies|2. Oxylabs- Suitable for Enterprise-level business|3. IPRoyal|4. SmartProxy|4. SOAX|5.ThorData|6. WebShare|7. BrightData,2433,/blog/buy-reddit-accounts|/blog/buy-twitter-x-accounts|/blog/choose-antidetect-browser,2025-11-28
Best Antidetect Browsers in France: Top 10 for Residents in 2026,https://gologin.com/blog/best-antidetect-browsers-in-france/,antidetect-browsers,best antidetect browsers in france top,commercial,"The Digital France Advantage|The Significance of Superior Antidetect Technology for Browser Fingerprints|What Makes Gologin Stand Out for Managing Multiple Accounts?|Proxy Management and Settings|Best 10 Antidetect Browsers in 2026|Final Word|FAQ|The French Challenge|1. Gologin with Proxy Integration|2. Multilogin|3. AdsPower|4. Indigo Browser|5. Kameleo|6. Incogniton|7. Lalicat|8. Okto Browser|9. Dolphin Anty|10. Undetectable Browser|1. Why do French users rely on antidetect browsers?|2. Are antidetect browsers legal to use in France?|3. Which antidetect browser works best for French platforms like Amazon.fr, Meta, TikTok, and Vinted?|4. What features matter most when choosing an antidetect browser in France?|5. Which antidetect browsers are easiest for beginners in France?|6. How can French professionals avoid account linking when using antidetect browsers?",2627,/blog/adspower-browser-vs-gologin|/blog/browser-fingerprint-spoofing-how-to-prevent-tracking|/blog/dolphin-anty-vs-gologin|/blog/incogniton-vs-gologin|/blog/lalicat-browser-vs-gologin-honest-review|/blog/multilogin-chrome-browser|/blog/multiple-paypal-accounts|/blog/multiple-social-media-accounts|/blog/undetectable-browser-vs-gologin|/blog/what-is-a-digital-footprint|/blog/what-is-a-user-agent,2025-11-27
Oxylabs Technical Expert Review: Is It Worth The Money?,https://gologin.com/blog/oxylabs-review/,proxies,oxylabs technical expert is it worth,commercial,General Overview of Oxylabs|Oxylabs Proxy Services|Additional tools and services|User Experience: Dashboard and Ease of Use|Documentation and Support|KYC and Compliance Requirements|Oxylabs Pricing|Performance Testing|How to Use Oxylabs Proxies in Gologin (Step-by-Step Guide)|Final Thoughts|Oxylabs Specifications|Oxylabs Pros and Cons|Residential Proxies|Datacenter Proxies|Mobile Proxies|ISP Proxies|ScraperAPI playground|Web Scraper API|Headless Browser|OxyCopilot|High-Bandwidth proxies|Free Trial and Refund Policy|Response Times|Geolocation and ISP Accuracy|Fraud Score Tests and DNS Leak Analysis|Oxylabs Technical Performance at a Glance,3616,/blog/what-is-a-dns-leak,2025-11-27
Best Antidetect Browsers in Germany: Top 10 for Residents in 2026,https://gologin.com/blog/antidetect-browsers-in-germany/,antidetect-browsers,best antidetect browsers in germany top,commercial,The Digital Germany Advantage|The Significance of Superior Antidetect Technology and Browser Fingerprints|Antidetect Browsers and the Law|What Makes Gologin Stand Out for Those Who Manage Multiple Accounts?|Best 10 Antidetect Browsers in 2026|Final Word|FAQ|The German Challenge|1. Gologin (Free Trial Available)|2. Multilogin|3. AdsPower|4. Indigo Browser|5. Kameleo|6. Incogniton|7. Lalicat|8. Okto Browser|9. Dolphin Anty|10. Undetectable Browser|1. Why do German users rely on antidetect browsers in 2026?|2. Are antidetect browsers legal to use in Germany?|3. Which antidetect browser offers the best long-term stability?|4. Do all antidetect browsers support team collaboration?|5. Is mobile fingerprinting important for Germany?|6. What factors should German residents consider when choosing an antidetect browser?,2297,/blog/adspower-browser-vs-gologin|/blog/best-secure-browsers|/blog/dolphin-anty-vs-gologin|/blog/incogniton-vs-gologin|/blog/lalicat-browser-vs-gologin-honest-review|/blog/multilogin-chrome-browser|/blog/multiple-paypal-accounts|/blog/multiple-social-media-accounts|/blog/undetectable-browser-vs-gologin|/blog/what-is-fingerprint-browser-top-choices,2025-11-26
7 Best Proxy Browsers for Everyday Use in 2026,https://gologin.com/blog/best-proxy-browsers/,proxies,7 best proxy browsers for everyday,commercial,What are proxy browsers?|Can regular browsers be used with proxies?|How Proxy Browsers Work|Top 7 Proxy Browsers & Web Based Proxy Apps|FAQ|1. Gologin - Best Proxy Browser Overall|2. 1Browser - Best Free Proxy Browser Option|3. Epic Privacy Browser|4. Brave Browser with built-in VPN|5. Decodo X-Browser (for Decodo users)|6. Proxyium|7. CroxyProxy|What is a proxy browser?|Are proxy browsers secure?|Proxy browser vs VPN—which is better?|Can I use a proxy browser for streaming?|Can a proxy browser hide my location reliably?|How to choose a proxy browser for multi-accounting or business use?,2421,/blog/best-browser-for-privacy|/blog/how-to-use-a-proxy-server|/blog/multiple-google-play-developer-accounts|/blog/multiple-social-media-accounts|/blog/what-is-an-ip-leak,2025-11-26
Bright Data Technical Expert Review: Is It Worth The Price?,https://gologin.com/blog/bright-data-review/,proxies,bright data technical expert is it,commercial,"Bright Data Overview|Bright Data Proxy Services|Additional tools and services|User Experience: Dashboard and Ease of Use|Documentation and Support|KYC and Compliance Requirements|Bright Data Pricing|Performance Testing: Speed, Success Rate, and Reliability|How to use BrightData proxies in Gologin|Final Verdict: Is Bright Data Worth It?|FAQs|Brightdata Specifications|Bright Data's Pros and Cons|Residential Proxies|Datacenter proxies|ISP (static residential) proxies|Mobile proxies|Proxy Manager|Web Access APIs|Dataset Marketplace|AI Solutions & Bright Data MCP|Residential Pricing|Datacenter Pricing|ISP Pricing (Static residential)|Mobile Pricing|Other services|Free Trial and Refund Policy|What types of proxies does Bright Data provide?|Does Bright Data offer a free trial?|How is Bright Data’s pricing structured?|What support options are available with Bright Data?",4179,/blog/multiple-social-media-accounts|/blog/what-is-a-dns-leak,2025-11-26
Best 10 Antidetect Browsers for UK Residents in 2026,https://gologin.com/blog/antidetect-browsers-for-uk/,antidetect-browsers,best 10 antidetect browsers for uk,commercial,"The Digital UK Advantage|The Significance of Superior Antidetect Technology for Multi Account Management|Browser Fingerprinting|What Makes Gologin Stand Out?|Best 10 Antidetect Browsers in 2026|Managing Accounts with Antidetect Browsers|E-commerce and Antidetect Browsers|Mobile Fingerprints and Antidetect Browsers|Anti Detect and Online Security|Final Word|FAQ|The UK Challenge|1. Gologin|2. Multilogin|3. AdsPower|4. Indigo Browser|5. Kameleo|6. Incogniton|7. Lalicat|8. Vmlogin|9. Ghost Browser|10. Undetectable Browser|1. Why are antidetect browsers increasingly popular among UK residents?|2. Which antidetect browser works best for UK-specific platforms like Meta, TikTok, and Amazon UK?|3. Are antidetect browsers legal to use in the United Kingdom?|4. What features matter most for UK residents choosing an antidetect browser?|5. Which antidetect browsers are best for beginners in the UK?|6. How do UK residents avoid account linking when using antidetect browsers?",3039,/blog/adspower-browser-vs-gologin|/blog/anonymous-web-browser|/blog/buy-ebay-seller-accounts|/blog/dolphin-anty-vs-gologin|/blog/incogniton-vs-gologin|/blog/lalicat-browser-vs-gologin-honest-review|/blog/multilogin-chrome-browser|/blog/multiple-amazon-accounts|/blog/multiple-tiktok-accounts|/blog/octo-browser-gologin|/blog/undetectable-browser-vs-gologin|/blog/what-is-timezone-spoofing-avoid-account-bans-safely,2025-11-25
What Is Digital Browser Fingerprint: Expert Breakdown,https://gologin.com/blog/browser-fingerprint/,browser-fingerprinting,what is digital browser fingerprint expert,informational,"Briefly: who needs your digital browser fingerprint and why|How fingerprint tracking works: principle|Deep Dive: what parameters can be included in a digital browser fingerprint|Why a digital browser fingerprint is used|How to check your browser fingerprint|How to change your digital browser fingerprint|How antifraud systems detect fingerprint spoofing|How to protect yourself from fingerprint tracking: expert tips|The future of device fingerprinting: upcoming trends|Conclusion|Your digital passport|1. IP address.|2. User-Agent and other HTTP headers.|3. Screen resolution and display settings.|4. System Fonts.|5. Time zone.|6. Language settings.|7. Hardware characteristics (CPU, RAM).|8. Graphics environment data (Canvas and WebGL).|9. Audio imprint.|10. List of browser plug-ins and extensions.|11. Local Storage and settings.|12. WebRTC and network interfaces.|13. Media Devices.|14. Permissions API.|15. Touch Signals and Pointer Events.|16. Signs of automation and WebDriver operation|17. TLS fingerprint and network connection parameters.|18. Features of HTTP/2 and HTTP/3.|19. Network Information API.|20. CSS rendering and engine features.|21. WebGPU.|Change your browser or device.|Manual environment setup.|Proxy (VPN) for IP change.|Antidetect browsers.|1. Tracking complexity.|2.(Probable) regulations of fingerprinting laws.|3. Tracking will become heavier.",4540,/blog/browser-fingerprint-spoofing-how-to-prevent-tracking|/blog/what-is-a-digital-footprint|/blog/what-is-a-webrtc-leak|/blog/what-is-fingerprint-browser-top-choices,2025-11-25
Browser Use: Technical Expert Review & Tests,https://gologin.com/blog/browser-use-technical-expert-review-tests/,general,browser use technical expert tests,commercial,Preface|Where Browser Use Fits in the Market|Features Overview|Evaluation of Browser Use|Recap of Insights|Alternative Solutions: AI/MCP Ready Browsers|Conclusion|Pricing Overview of Browser Use: Models and Tiers|Browser Use: Company Context and User Reviews|BrowserUse: Setup Ease|Performance|Comparison with Competitors|Final Recommendation|Why these alternatives vs Browser Use?,3255,/blog/anti-fingerprinting-browser|/blog/incogniton-vs-gologin|/blog/multilogin-chrome-browser,2025-11-25
IPRoyal Review – Is This the Best Budget Provider for Scraping?,https://gologin.com/blog/iproyal-review/,proxies,iproyal is this the best budget,commercial,General Overview of IPRoyal|IPRoyal Proxy Services|Additional tools and services|User Experience: Dashboard and Ease of Use|Documentation and Support|KYC and Compliance Requirements|IPRoyal Pricing|Performance Testing|How to Use IPRoyal Proxies in Gologin|Final Thoughts|Frequently Asked Questions|IPRoyal Specifications|IPRoyal Pros and Cons|Residential Proxies|Datacenter Proxies|Mobile Proxies|ISP Proxies|Web unblocker|Video scraper API|Browser extension|Free Trial and Refund Policy|Response Times|Geolocation and ISP Accuracy|Fraud Scores and DNS Leak Tests|Parallel Requests Support|Website Compatibility|IPRoyal Technical Performance at a Glance|Does IPRoyal offer a free trial?|What types of proxies does IPRoyal provide?|What is the minimum purchase for IPRoyal residential proxies?|Do I need to verify my identity (KYC) to use IPRoyal?,3732,/blog/15-best-scraping-browsers-tools|/blog/how-to-run-multiple-youtube-accounts|/blog/manage-multiple-google-accounts|/blog/multiple-social-media-accounts|/blog/what-is-a-dns-leak,2025-11-25
10 Best Antidetect Browsers for USA Residents,https://gologin.com/blog/best-antidetect-browsers-in-usa/,antidetect-browsers,10 best antidetect browsers for usa,commercial,"The Digital American Advantage|The Significance of Superior Antidetect Technology|Managing Multiple Accounts with Antidetect Browsers|What Makes Gologin Stand Out for Those Who Manage Multiple Accounts?|TOP 10 Antidetect Browsers: The Best Antidetect Browsers Compared|Final Word|FAQ|The American Challenge|1. Gologin|2. Multilogin|3. AdsPower|4. Indigo Browser|5. Kameleo|6. Incogniton|7. Lalicat|8. Vmlogin|9. Ghost Browser|10. Undetectable Browser|1. Why do USA users need antidetect browsers ?|2. Which antidetect browser is the best choice for US-based operations?|3. What features should USA residents prioritize when selecting an antidetect browser?|4. Are antidetect browsers legal to use in the United States?|5. Which antidetect browsers are best for beginners in the US market?|6. What are the main differences between top US antidetect browsers like Gologin, Multilogin, AdsPower, and Dolphin Anty?",2672,/blog/adspower-browser-vs-gologin|/blog/anti-fingerprinting-browser|/blog/dolphin-anty-vs-gologin|/blog/ghost-browser-alternative|/blog/incogniton-vs-gologin|/blog/indigo-browser-vs-gologin-honest-comparison|/blog/kameleo-browser-alternative-review|/blog/lalicat-browser-vs-gologin-honest-review|/blog/multilogin-chrome-browser|/blog/multiple-social-media-accounts|/blog/octo-browser-gologin|/blog/undetectable-browser-vs-gologin|/blog/vmlogin-browser-alternative-honest-review-2024|/blog/what-is-fingerprint-browser-top-choices,2025-11-24
How To Choose Best Proxy For Twitter + Top 10 Brands,https://gologin.com/blog/how-to-choose-best-proxy-for-twitter/,proxies,how to choose best proxy for,how-to,Use Cases for X / Twitter Proxies|Practical Advice: How To Choose a Proxy for Twitter?|X / Twitter's Proxy Detection Algorithms|Top 10 Proxy Providers for Twitter|Using Antidetect Browsers: Why Proxies Alone Are Not Enough|How To Use Proxies For X / Twitter With Gologin: A Guide|Quick Recap|Creating and warming up new accounts at scale|Managing multiple accounts|Bypassing Geographic Restrictions|Running automation tools safely|Data Scraping|Datacenter Proxies - Best for cost-efficient scraping|ISP / Static Residential Proxies - Best for managing social media account|Rotating Residential Proxies - Best for high volume automation|Mobile Proxies - Best for unblocking content|IP reputation and ASN checks|Geo-location and account history mismatch|Browser/device fingerprinting|Behavior analysis|1. Floppydata - Our Top Choice for Twitter Proxies|2. LightningProxies|3. IPRoyal|4. Evomi|5. Webshare|6. ProxySeller|7. Geonode|8. PlainProxies|9. MobileHop|10. Thordata,2867,/blog/buy-reddit-accounts|/blog/buy-twitter-x-accounts|/blog/choose-antidetect-browser|/blog/multiple-social-media-accounts|/blog/multiple-twitter-accounts,2025-11-23
Unblocked Twitter: How to Unblock Twitter using a VPN or Proxy Alternative,https://gologin.com/blog/how-to-unblock-twitter-in-your-country/,proxies,unblocked twitter how to unblock twitter,comparison,"Ways To Unblocked Twitter From Anywhere|Other Methods & Tricks We Don’t Recommend:|Why Is Twitter Blocked In Some Locations?|Where Is Twitter Blocked Right Now?|Quick Recap|FAQs|1. Using Gologin Proxy Browser|2. Using a Proxy IP|1. Using a VPN|2. Change DNS / Smart DNS (doesn’t work)|3. Tor (slow, encryption will trigger bans)|4. Browser Extensions (dangerous)|How to unblock Twitter in Russia?|How to unblock Twitter in Brazil?|Can using a VPN cause bans on Twitter?|Can using Gologin ensure full anonymity?|Are free methods effective?",2127,/blog/buy-twitter-x-accounts|/blog/how-to-use-a-proxy-server|/blog/multiple-twitter-accounts|/blog/what-are-proxies|/blog/what-is-fingerprint-browser-top-choices,2025-11-22
YouTube Unblocked: How to Unblock YouTube using a VPN or Proxy Alternative,https://gologin.com/blog/how-to-unblock-youtube-in-any-country/,proxies,youtube unblocked how to unblock youtube,comparison,How to watch youtube unblocked|2. Using a VPN|3. Using a Proxy IP|4. Other Methods & Tricks We Don’t Recommend|Why Is YouTube Blocked In Some Locations?|Where Is YouTube Blocked Right Now?|Quick Recap|FAQ|1. Using Gologin Proxy Browser|Is using Gologin legal?|Is using a VPN effective for watching & having multiple accounts on YouTube?|Can using Gologin ensure full anonymity?|Are free methods effective?,2112,/blog/detect-expert-review-2026-vektor-t13-antidetect-vs-gologin|/blog/how-to-run-multiple-youtube-accounts|/blog/how-to-use-a-proxy-server|/blog/multiple-social-media-accounts|/blog/what-are-proxies|/blog/youtube-account-suspended-or-banned,2025-11-21
Choosing An Anti Detect Browser: Complete Beginner's Guide | Gologin,https://gologin.com/blog/choose-antidetect-browser/,antidetect-browsers,choosing an anti detect browser beginner,informational,How do you know if you need an anti detect browser?|Top 3 problems anti detect browsers solve|Checklist: 5 things to look at while choosing your first anti detect browser|Typical beginner mistakes when working with an anti detect browser|Tech guide: how an anti detect browser works under the hood|Popular alternatives to antidetect browsers|Recap|1. Blocks and restrictions when working with multiple accounts|2. Secure sharing and delegating account access|3. Digital fingerprint tracking and loss of anonymity|Price and terms.|Ease of use and support.|The security of the browser itself.|The vendor reputation.|How websites track the user|Exactly how anti detect browsers mask data|VPN|Proxy without antidetect browser|Regular browsers and Incognito mode|Virtual machines|Specialized extensions and scripts in a regular browser|Tor Browser,2760,/blog/anonymous-web-browser|/blog/multiple-social-media-accounts|/blog/what-is-a-digital-footprint,2025-11-19
How to Unblock Facebook Login by Proxy From Any Country,https://gologin.com/blog/how-to-unblock-facebook/,proxies,how to unblock facebook login by,how-to,Ways To Unblock Facebook From Anywhere|Other Methods We Don’t Recommend|Why Does Meta Block Access to Facebook?|Where Is Facebook Blocked Right Now?|Quick Recap|FAQ|1. Use Gologin Proxy Browser (Recommended)|2. Use a VPN|3. Use a Proxy IP|4. Change Your DNS Settings|Tor Browser|Shadowsocks|Browser Proxy Extensions|Is using Gologin legal?|Is a VPN effective for multiple Facebook accounts?|Can Gologin ensure full anonymity?|Are free methods effective?,2437,/blog/best-free-antidetect-browser|/blog/buy-facebook-accounts|/blog/device-fingerprinting|/blog/how-to-use-a-proxy-server|/blog/multiple-accounts-on-facebook|/blog/multiple-social-media-accounts|/blog/technical-comparison-of-the-top-10-residential-proxy-providers,2025-11-18
What Are Proxies? Ultimate Beginner's Guide | Gologin,https://gologin.com/blog/what-are-proxies/,proxies,what are proxies beginner 039 s,informational,What Are Proxies & How They Work|Who Uses Proxies and What For|Types of Proxies by IP Source|Types of Proxies by Anonymity|Checklist: What Proxy Do I Need|Checklist: Choosing a Decent Proxy Provider|5 Biggest Use Cases for Proxies|How to Set Up a Proxy|Bonus: Convenient One-Stop Proxy Browser|FAQ|Proxies vs VPNs: How They Differ|Online Privacy|Accessing Blocked or Geo-Restricted Content|Anonymous Market Research & Web Scraping|Managing Multiple Social Media Profiles Safely|What are proxies used for?|What is an example of a proxy?|What is a proxy for a person?|What are proxies for learning?|What are the three types of proxies?,2145,/blog/how-to-use-a-proxy-server|/blog/multiple-social-media-accounts,2025-11-17
How To Use A Proxy Server In Your Browser: Simple Guide + Bonus | Gologin,https://gologin.com/blog/how-to-use-a-proxy-server/,proxies,how to use a proxy server,how-to,"How to Use a Proxy Server in Google Chrome|How to Add Proxy On Windows|How To Add Proxy On MacOS|How To Check If The Proxy Is Working?|How To Use A Proxy Server In Other Popular Browsers|The Other Way: Use a Proxy Browser Extension|Bonus: Easy All-in-One Proxy Browser Solution|1. Mozilla Firefox|2. Chromium-Based Browsers (Brave, Microsoft Edge, Opera, Vivaldi, etc)|3. Safari",1396,,2025-11-12
How to Choose the Best LinkedIn Proxy: Top 10 Rating | Gologin,https://gologin.com/blog/linkedin-proxy/,proxies,how to choose the best linkedin,how-to,How Proxies Help in LinkedIn Automation & Data Scraping?|Why Use Proxies on LinkedIn?|How to Choose the Right LinkedIn Proxy Type|Top 10 LinkedIn Proxy Providers|LinkedIn Proxy Detection Algorithms|Are Proxies Enough to Avoid LinkedIn Account Restrictions?|How to Use Proxies for LinkedIn with Gologin: Step-by-Step Guide|Bonus: Quick Comparison of LinkedIn Proxy Providers|Creating and Warming Up New Accounts|Manage Multiple LinkedIn Accounts|Using LinkedIn Automation Tools|Scraping LinkedIn Data for AI|1. Floppydata - Our Top Pick|2. SOAX|3. ProxyEmpire|4. LightningProxies|5. ProxyScrape|6. Proxidize|7. IPRoyal|8. Webshare|9. PROXY.father|10. Decodo|Quick Recap,2965,/blog/15-best-scraping-browsers-tools|/blog/best-linkedin-automation-tools|/blog/linkedin-multiple-accounts|/blog/multilogin-chrome-browser,2025-11-11
Is your social account restricted? Here's how to avoid bans anywhere | Gologin,https://gologin.com/blog/account-restricted/,multi-accounting,is your social account restricted here,how-to,"Top 9 typical mistakes causing restrictions|How to reduce the chance of your account restricted: 5 universal methods checklist|Ways social media track users you (most likely) don't know about|Top 5 most restrictive websites|Bonus: popular &#8220;defenses&#8221; that don't work|Bonus: how to use Gologin to never get your account restricted|1. Mass actions (spam)|2. Simultaneous login from multiple accounts or locations|3. Cold accounts|4. Sudden change of location & Strange IP addresses|5. Use of suspicious tools|6. Using same payment method for multiple accounts on same platform|7. Farming of likes/subscriptions by bots|8. Publication of prohibited content|9. Fraud and violation of commercial rules|What about financial platforms?|1. Learn and follow the rules of the platform|2. Act naturally, avoid &#8220;bot-like&#8221; behavior|3. Use any automation tools or software cautiously|4. Subscription based services will ban you for sharing the account|5. Keep your account secure|6. Keep &#8220;technical profiles&#8221; clean|1. Browser and device digital fingerprints|2. IP and geolocation|4. Behavior patterns and anomalies|1. Facebook and Instagram (Meta)|2. Twitter (X)|3. LinkedIn|4. eBay|5. Amazon|6. Other SaaS and web-based services|Conclusion",4033,/blog/banned-from-facebook|/blog/best-linkedin-automation-tools|/blog/buy-twitter-x-accounts|/blog/how-to-create-and-manage-multiple-instagram-accounts|/blog/how-to-easily-share-your-ahrefs-account|/blog/how-to-easily-share-your-chatgpt-account|/blog/how-to-share-semrush-account|/blog/linkedin-multiple-accounts|/blog/manage-multiple-google-accounts|/blog/multiple-amazon-accounts|/blog/multiple-ebay-accounts|/blog/multiple-paypal-accounts|/blog/multiple-social-media-accounts|/blog/multiple-twitter-accounts|/blog/what-is-a-digital-footprint|/blog/what-is-fingerprint-browser-top-choices,2025-11-04
Facebook Ad Account Disabled: What To Do Next + How To Avoid,https://gologin.com/blog/facebook-ad-account-disabled/,multi-accounting,facebook ad account disabled what to,how-to,Why was my Facebook ad account disabled without warning?|How long does it take for Facebook to review an ad account appeal?|What happens when Facebook disables my ad account?|Can I create a new Facebook ad account after my account is permanently disabled?|How to fix the Facebook Ad account disabled|What to do in case of a ban final decision|Scenarios that lead to Facebook Ad account disabled|How To Run Facebook Accounts Without Bans Using Gologin|Why was your Facebook ad account disabled?|Recap|FAQ|Securing against Ad account bans|How to recognize the signs of a disabled Facebook ad account?|1. How do I get unbanned from Facebook ads?|2. How do I fix a disabled Facebook ad account?|3. Is there a chance to recover a disabled Facebook account?|4. How long does a Facebook ad account restriction last?|5. How can I safely manage multiple Facebook ad accounts without getting them all disabled?|Read other posts about account suspended:,3907,/blog/banned-from-facebook|/blog/best-secure-browsers|/blog/ebay-account-suspended|/blog/etsy-account-suspended|/blog/facebook-account-restricted|/blog/how-to-unblock-facebook|/blog/multiple-accounts-on-facebook|/blog/multiple-social-media-accounts|/blog/reddit-account-suspended|/blog/shadowbanned-on-tiktok|/blog/the-easiest-way-to-run-multiple-discord-accounts|/blog/twitter-account-suspended|/blog/what-instagram-account-can-be-banned|/blog/what-is-canvas-fingerprinting|/blog/why-is-my-amazon-account-suspended|/blog/why-is-my-coinbase-account-restricted|/blog/why-is-my-instagram-account-suspended|/blog/why-is-my-tiktok-account-suspended|/blog/why-was-my-tiktok-account-banned,2025-11-03
Banned From Facebook For No Reason? Here’s How To Avoid It | Update 2026,https://gologin.com/blog/banned-from-facebook/,multi-accounting,banned from facebook for no reason,how-to,Why was I banned from Facebook for no reason?|How long does a Facebook ban typically last?|How to unban your user account (or at least try)|Why did Facebook suspend my account?|Ways to not get banned from Facebook while marketing your business|How To Run Multiple Accounts On Facebook Using Gologin|Meta's Shift in Content Moderation Policies|FAQs|Temporarily banned from Facebook|Permanently banned from Facebook|Reasons for Facebook ban|Buying several devices|Proxy servers|Other (not too helpful) options people use for Facebook:|Multi Accounting Browser|Running multiple accounts|Recap On Being Banned From Facebook|1. Why was I banned from Facebook for no reason?|2. How long does a Facebook ban typically last?|3. How do I appeal a Facebook ban and what are my chances of success?|4. Can I create a new Facebook account after being permanently banned?|5. Why do all my Facebook accounts get banned together?|6. How can I safely manage multiple Facebook accounts for business without getting banned?|Read other posts about account suspended:,3353,/blog/ebay-account-suspended|/blog/etsy-account-suspended|/blog/facebook-account-restricted|/blog/facebook-ad-account-disabled|/blog/multiple-accounts-on-facebook|/blog/reddit-account-suspended|/blog/shadowbanned-on-tiktok|/blog/the-easiest-way-to-run-multiple-discord-accounts|/blog/twitter-account-suspended|/blog/what-instagram-account-can-be-banned|/blog/why-is-my-amazon-account-suspended|/blog/why-is-my-coinbase-account-restricted|/blog/why-is-my-instagram-account-suspended|/blog/why-is-my-tiktok-account-suspended|/blog/why-was-my-tiktok-account-banned,2025-11-02
Why Is My Facebook Account Restricted? Here’s What You Can Do in 2026,https://gologin.com/blog/facebook-account-restricted/,multi-accounting,why is my facebook account restricted,informational,What is a Facebook Account Restriction?|Why Did Facebook Restrict Your Account?|Why is my Facebook account restricted without explanation?|Reasons for Restricting Facebook Advertisers|How to Resolve Issues with Restricted Accounts?|How long does a Facebook account restriction typically last?|Resolving Facebook Business Account Restrictions|How to Avoid Restrictions without Reducing Your Business’s Marketing Potential?|Can I create a new Facebook account if my current one is permanently restricted?|Running Multiple Facebook Accounts with Gologin|Conclusion|FAQs|Using proxies|Multiple physical devices|Anti-detect browsers|Creating your first profile|Running profiles|Linking a Facebook account to the profile|Running several accounts|Stopping profiles|1. Why is my Facebook account restricted?|2. How can I avoid Facebook account restrictions in the future?|3. How can I fix a restricted Facebook account?|4. Why does Facebook restrict accounts for no reason?|Read other posts about account suspended:,2673,/blog/banned-from-facebook|/blog/ebay-account-suspended|/blog/etsy-account-suspended|/blog/facebook-ad-account-disabled|/blog/multiple-accounts-on-facebook|/blog/multiple-social-media-accounts|/blog/reddit-account-suspended|/blog/shadowbanned-on-tiktok|/blog/technical-comparison-of-the-top-10-residential-proxy-providers|/blog/twitter-account-suspended|/blog/what-instagram-account-can-be-banned|/blog/what-is-canvas-fingerprinting|/blog/why-is-my-amazon-account-suspended|/blog/why-is-my-coinbase-account-restricted|/blog/why-is-my-instagram-account-suspended|/blog/why-is-my-tiktok-account-suspended|/blog/why-was-my-tiktok-account-banned,2025-10-29
Why Is My eBay Account Suspended? Here’s What to Do in 2026,https://gologin.com/blog/ebay-account-suspended/,ecommerce,why is my ebay account suspended,troubleshooting,"Why was my eBay account suspended without explanation?|What Causes eBay Account Suspensions?|What Account Restrictions do Suspensions Cause?|How long does it take to get an eBay account reinstated?|What's the difference between an eBay account hold, restriction, and suspension?|What to Do After eBay Suspended Your Account?|How to Ensure eBay Doesn’t Restrict or Suspend Accounts?|Running Multiple eBay Accounts with Gologin|Conclusion|Suspensions related to using multiple accounts|Proxies|Multiple phones or other devices|Anti-detect browsers|Creating profiles|Connecting profiles to eBay accounts|FAQ|How do I unsuspend my eBay account?|If my eBay account is suspended can I open another?|Does eBay IP ban?|How do I get back into my eBay account?|How long does eBay suspend my account?|eBay account suspended, how to recover?|How can I safely manage multiple eBay accounts without getting suspended?|Read other posts about account suspended:",2451,/blog/banned-from-facebook|/blog/etsy-account-suspended|/blog/facebook-account-restricted|/blog/facebook-ad-account-disabled|/blog/multiple-ebay-accounts|/blog/reddit-account-suspended|/blog/shadowbanned-on-tiktok|/blog/twitter-account-suspended|/blog/what-instagram-account-can-be-banned|/blog/what-is-fingerprint-browser-top-choices|/blog/why-is-my-amazon-account-suspended|/blog/why-is-my-coinbase-account-restricted|/blog/why-is-my-instagram-account-suspended|/blog/why-is-my-tiktok-account-suspended|/blog/why-was-my-tiktok-account-banned,2025-10-28
Kameleo Browser Alternative: Updated 2025 Review,https://gologin.com/blog/kameleo-browser-alternative-review/,competitor-comparison,kameleo browser alternative,comparison,"Kameleo Browser: What's New In 2026?|Anti-detection and features of the digital fingerprint|Gologin: Simply Better Kameleo Alternative|Kameleo vs Gologin: Cost Difference Even Bigger Now|Kameleo Review Summary|FAQ|Local Profiles|Mobile App and OS support|Comfort Of Use|Comparison criteria|Mobile Devices And Fingerprints|Support, Updates & Reviews|Features and UI: What's New In 2026?|Proxy Integrations|Mobile App & Web Version|Support Quality & Reviews|Updates frequency|What is Kameleo Browser and who is it for?|How does Kameleo Browser protect against fingerprinting and detection?|Does Kameleo Browser offer a free trial or free plan?|What platforms and browsers are supported by Kameleo?|Which use cases is Kameleo best suited for?|What are the main drawbacks of Kameleo Browser?|Read other posts about Reviews of browsers:",2898,/blog/accovod-vs-gologin|/blog/adspower-browser-vs-gologin|/blog/aezakmi-browser-vs-gologin-honest-review|/blog/antidetect-browser-review|/blog/antikbrowser-vs-gologin-review|/blog/aqum-browser-vs-gologin-honest-review|/blog/best-proxy-browser|/blog/best-virtual-browser|/blog/bitbrowser-review|/blog/camoufox-vs-gologin-honest-review|/blog/che-browser-vs-gologin|/blog/dicloak-online-browser|/blog/dolphin-anty-vs-gologin|/blog/fingerprintswitcher-a-worthwhile-alternative-to-anti-detect-browsers|/blog/geelark-review|/blog/genlogin-browser-alternative-honest-review-2024|/blog/ghost-browser-alternative|/blog/gologin-vs-browserjet-review|/blog/gologin-vs-hidemium-which-one-is-better|/blog/gologin-vs-identory|/blog/gologin-vs-maskfog-review|/blog/gologin-vs-switch-antidetect|/blog/gologin-vs-swspybrowser-review|/blog/gologin-vs-yunlark-review|/blog/hidemyacc-browser-alternative-honest-review|/blog/hydraheaders-browser-tool-review|/blog/incogniton-vs-gologin|/blog/indigo-browser-vs-gologin-honest-comparison|/blog/insomniac-browser-review|/blog/lalicat-browser-vs-gologin-honest-review|/blog/lauth-vs-gologin-honest-review|/blog/linken-sphere-browser-alternative-review|/blog/logii-browser-vs-gologin-honest-review|/blog/loginways-vs-gologin-honest-review|/blog/marketerbrowser-vs-gologin-review|/blog/masq-antidetect-vs-gologin-honest-review|/blog/morelogin-browser-alternative|/blog/mulogin-vs-gologin-honest-review|/blog/multibrowser-review|/blog/multilogin-chrome-browser|/blog/nstbrowser-vs-gologin-honest-review|/blog/octo-browser-gologin|/blog/rebrowser-vs-gologin-honest-review|/blog/roxybrowser-vs-gologin-review|/blog/session-box-vs-gologin|/blog/surfinite-vs-gologin-honest-review|/blog/ultimate-orb-vs-gologin-review|/blog/undetectable-browser-vs-gologin|/blog/vision-browser-review|/blog/vmlogin-browser-alternative-honest-review-2024|/blog/vmmask-anti-detect-browser|/blog/wade-browser-review|/blog/what-is-antidetect-browser|/blog/what-is-canvas-fingerprinting|/blog/what-is-fingerprint-browser-top-choices|/blog/x-browser-alternative-review-2023|/blog/xlogin-vs-gologin-review|/blog/xpass-browser-alternative,2025-10-28
Why Is My TikTok Account Suspended? How Do You Unsuspend,https://gologin.com/blog/why-is-my-tiktok-account-suspended/,multi-accounting,why is my tiktok account suspended,troubleshooting,Why Is My Tiktok Account Suspended? 6 Common Reasons|What's the difference between a TikTok account being suspended vs. banned?|Why Does TikTok Suspend Ad Accounts?|How to Recover Suspended TikTok Account?|How Long Is My TikTok Account Suspended For?|Tips to Prevent TikTok Account Suspension|Prevent Account Suspension In The First Place Using Gologin|FAQs|1. Violation of Community Guidelines|2. Underage Bans|3. Reported by Other Users|4. Spamming or Misleading Content|5. Copyright or Intellectual Property Theft|6. Managing Multiple Accounts|7. Mistake by TikTok|Personal Account: How to Recover a Suspended TikTok Account|Ad Account: How to Get Unsuspended from TikTok|Personal Accounts: Temporary vs. Permanent Suspension|Ad Accounts: 30 Days to Fix It or Lose It Forever|Step 1: Get Started with Gologin|Step 2: Create Your First Secure Profile|Step 3: Log In Safely Every Time|Step 4: Scale Up Without the Headache|How do I unsuspend my TikTok account?|Why did my TikTok account get suspended for no reason?|How long does a TikTok account get suspended for?|What does “account is currently suspended” mean?|Why do I get TikTok notifications when I don't have an account?|What does it mean when your TikTok account is suspended?|TikTok account suspended: how to retrieve?|How do you unsuspend your TikTok account?|Can I create a new TikTok account after being suspended or banned?|Read other posts about account suspended:,3058,/blog/banned-from-facebook|/blog/best-secure-browsers|/blog/ebay-account-suspended|/blog/etsy-account-suspended|/blog/facebook-account-restricted|/blog/facebook-ad-account-disabled|/blog/multiple-tiktok-accounts|/blog/reddit-account-suspended|/blog/shadowbanned-on-tiktok|/blog/top-7-tips-how-to-bypass-ip-ban|/blog/twitter-account-suspended|/blog/what-instagram-account-can-be-banned|/blog/what-is-fingerprint-browser-top-choices|/blog/why-is-my-amazon-account-suspended|/blog/why-is-my-coinbase-account-restricted|/blog/why-is-my-instagram-account-suspended|/blog/why-was-my-tiktok-account-banned,2025-10-24
Coinbase Account Restricted? Here’s What You Can Do,https://gologin.com/blog/why-is-my-coinbase-account-restricted/,crypto,coinbase account restricted here s what,informational,"Why Is My Coinbase Account Restricted?|How to Fix Coinbase Account Restriction?|What to Do If My Coinbase Account Is Suspended?|What to Do If My Coinbase Account Is Blocked?|Expert Tips to Avoid Coinbase Account Bans|What should I do if my Coinbase appeal is denied or ignored?|Can I create a new Coinbase account after being permanently banned?|What is an Anti-Detect Browser, and How Can It Help Prevent Crypto Account Restrictions|How I Use Gologin to Manage Multiple Coinbase Accounts Without Restrictions|Wrapping Up|FAQs|You Switched Devices or Browsers Too Often|You Didn’t Update Your KYC or Complete Verification|You Created More Than One Coinbase Account|You Violated a Compliance Red Flag|Your Payment Method Failed or Looked Suspicious|You Logged in From Different IP Addresses or Countries|Your Browser Fingerprint Kept Changing|Step 1: Check Your Email|Step 2: Log In and Review Alerts|Step 3: Submit Verification Documents|Step 4: Avoid Duplicate Support Requests|Step 1: Sign Up on Gologin|Step 2: Set Up a Browser Profile|Step 3: Add a Proxy to Each Profile|Step 4: Run Your Profile and Access Coinbase|Bonus: Running Multiple Coinbase Accounts|Final View: Monitor and Manage All Profiles from Your Dashboard|1. How long is a Coinbase account restricted?|2. How do I get my Coinbase account back?|3. Why won't Coinbase let me transfer crypto?|4. What immediate steps should I take if my account is restricted?|5. Can I withdraw funds while restricted?|6. Can I have multiple Coinbase accounts from the same device?|Read other posts about account suspended:",2262,/blog/anonymous-web-browser|/blog/anti-fingerprinting-browser|/blog/banned-from-facebook|/blog/ebay-account-suspended|/blog/etsy-account-suspended|/blog/facebook-account-restricted|/blog/facebook-ad-account-disabled|/blog/guide-to-geolocation-spoofing|/blog/multiple-bybit-accounts|/blog/reddit-account-suspended|/blog/shadowbanned-on-tiktok|/blog/twitter-account-suspended|/blog/what-instagram-account-can-be-banned|/blog/what-is-antidetect-browser|/blog/why-is-my-amazon-account-suspended|/blog/why-is-my-instagram-account-suspended|/blog/why-is-my-tiktok-account-suspended|/blog/why-was-my-tiktok-account-banned,2025-10-23
25 Best LinkedIn Automation Tools & Software For Outreach In 2026,https://gologin.com/blog/best-linkedin-automation-tools/,multi-accounting,25 best linkedin automation tools software,commercial,"What Is LinkedIn Automation?|Does LinkedIn Allow Automation?|Some Legal Context: Grey Areas Of Personal Data On Social Media|Alternative Ways & Tips To Grow on LinkedIn Without Automation|Common Use Cases For LinkedIn Automation By Business Area|Potential Problems and Risks Of LinkedIn Automation|LinkedIn Automation Types: What Is The Right One For Me?|List Of Best LinkedIn Automation Tools & Software In 2026|1. GetSales|2. Gologin|3. Expandi|4. Dripify|5. Overloop|6. Octopus CRM|7. Evaboot|8. LinkedHelper|9. Zopto|10. Dux-Soup|11. We-Connect|12. Skylead|13. Meet Alfred|14. HeyReach|15. Phantombuster|16. Waalaxy|17. Powerin|18. Lempod|19. La Growth Machine|20. LinkedIn Sales Navigator|21. TexAu|22. Reply.io|23. Salesflow|24. LinkedFusion|25. Wiza|Bonus Guide: How To Create & Run Multiple Accounts On LinkedIn With Gologin|Recap on Best LinkedIn Automation Tools|Frequently Asked Questions on Best LinkedIn Automation Tools|Who uses LinkedIn automation?|Some Tips & Best Practices On Using LinkedIn Automation Tools|1. Sales Lead Generation|2. HR, Recruitment & Staffing|3. Business Development|4. Customer Service|5. Event Management|6. Research and Market Intelligence|Tips On Choosing the Right Type Of Automation:|Summary Table 25 Tools (2026 update)|1. How to bypass LinkedIn connection request limit?|2. Is LinkedIn Premium worth it?|3. Is it safe to buy LinkedIn followers?|4. What is 1st, 2nd, 3rd on LinkedIn?|5. How many LinkedIn connections can you send in a day?|6. What is a LinkedIn automation Chrome extension?|7. How many LinkedIn connections are good?|8. How do I send a bulk message in LinkedIn?|9. How can I get 500 connections faster on LinkedIn?|10. What do I say when I connect with someone on LinkedIn?",8507,/blog/best-social-media-management-tools-for-agencies|/blog/linkedin-multiple-accounts|/blog/scraping-data-from-linkedin|/blog/the-easiest-way-to-run-multiple-discord-accounts|/blog/what-is-lead-generation,2025-10-16
Why is My Etsy Account Suspended? What You Can Do in 2026,https://gologin.com/blog/etsy-account-suspended/,ecommerce,why is my etsy account suspended,troubleshooting,What Causes Most Etsy Account Suspensions?|Why was my Etsy account suspended even though I just opened my shop?|What is the difference between a temporary and permanent Etsy account suspension?|What Happens to Suspended Accounts?|How to Reinstate Your Account?|How to File an Appeal?|Can I create a new Etsy account after my account is permanently suspended?|How to Avoid Account Suspensions on Etsy?|Running Multiple Etsy Accounts with Gologin|Conclusion|FAQ|Using multiple accounts|How long do suspensions last?|Writing the appeal letter|Proxies|Using a different device for each account|Anti-detect browsers|Creating profiles|Linking profiles to Etsy accounts|Stopping profiles|1. Why was my Etsy account suspended?|2. How long do appeals take and what if I don’t hear back?|3. Can I create a new account or reopen a closed one?|4. How can I safely manage multiple Etsy shops without getting all of them suspended?|Read other posts about account suspended:,3631,/blog/banned-from-facebook|/blog/ebay-account-suspended|/blog/facebook-account-restricted|/blog/facebook-ad-account-disabled|/blog/how-to-run-multiple-etsy-shops|/blog/reddit-account-suspended|/blog/shadowbanned-on-tiktok|/blog/twitter-account-suspended|/blog/what-instagram-account-can-be-banned|/blog/what-is-canvas-fingerprinting|/blog/why-is-my-amazon-account-suspended|/blog/why-is-my-coinbase-account-restricted|/blog/why-is-my-instagram-account-suspended|/blog/why-is-my-tiktok-account-suspended|/blog/why-was-my-tiktok-account-banned,2025-10-16
What You Can Do if X/Twitter Account is Suspended,https://gologin.com/blog/twitter-account-suspended/,multi-accounting,what you can do if x,troubleshooting,"Why Is Your X Account Suspended?|What are the Consequences of an Account Suspension?|What is the difference between a locked, limited, and permanently suspended X (Twitter) account?|How can I tell if my suspension is temporary or permanent?|How long does it take to hear back from Twitter after submitting a suspension appeal?|How to Unsuspend Your Account?|Can I create a new X account after my account is permanently suspended?|How to Prevent Twitter Account Suspensions?|What practical steps reduce the risk of suspension in future?|Running Multiple X Accounts with Gologin|Conclusion|FAQ about X Account Suspended|Suspensions for using multiple accounts|VPNs & proxies|Multiple physical devices|Anti-detect browsers|Profile creation|Launching profiles|Linking an X account to the profile|Running several X accounts simultaneously|Stopping profiles|1. Why was my X account suspended?|2. How do I find out the exact reason and next steps?|3. How do I appeal a suspension and what should I include?|4. How long do appeals take and what if I get no reply?|5. Can I create a new account or use tools to get around the suspension?|6. What can I do to avoid getting my Twitter account suspended when managing multiple accounts?|Read other posts about account suspended:",3351,/blog/banned-from-facebook|/blog/ebay-account-suspended|/blog/etsy-account-suspended|/blog/facebook-account-restricted|/blog/facebook-ad-account-disabled|/blog/multiple-twitter-accounts|/blog/reddit-account-suspended|/blog/shadowbanned-on-tiktok|/blog/undetectable-browser-vs-gologin|/blog/what-instagram-account-can-be-banned|/blog/what-is-canvas-fingerprinting|/blog/what-is-fingerprint-browser-top-choices|/blog/why-is-my-amazon-account-suspended|/blog/why-is-my-coinbase-account-restricted|/blog/why-is-my-instagram-account-suspended|/blog/why-is-my-tiktok-account-suspended|/blog/why-was-my-tiktok-account-banned,2025-10-15
Top 10 mobile proxy providers: technical testing and comparison,https://gologin.com/blog/top-10-mobile-proxy-providers-technical-testing-and-comparison/,proxies,top 10 mobile proxy providers technical,comparison,"Why test mobile proxies at all?|Tools and testing approach - how we tested mobile proxy providers|Prices, plans and terms|Dissection of results and conclusions|What was tested|Test methodology|Floppydata is the best choice in general and for SMM in particular|Infatica io is a mid-market service with KYC verification|ProxyMarket - a service with a claim to simplicity|Bright Data - maximum reach and power for large projects|Oxylabs - first prove you're worthy of KYC.|DataImpulse - better economics for massive tasks|Thordata - record cheap proxies with nuances|Onlineproxy - not an option if you need IP pools|Proxyrack is a reference point for beginners|iProxy.online - your own proxies for maximum autonomy",4675,/blog/multilogin-chrome-browser|/blog/what-is-a-dns-leak,2025-10-13
Best USA Residential Proxies: Top 10 American Proxy Providers 2025,https://gologin.com/blog/top-usa-proxy-providers/,proxies,best usa residential proxies top 10,commercial,Best Proxy Type for Different Use Cases|Why Test Proxies Before Use?|The Testing Methodology|Top 10 USA Proxy Providers To Trust|Now It’s Your Turn to Decide|1. Floppydata|2. Decodo|3. Oxylabs|4. IPRoyal|5. Bright Data|6. MobileHop|7. SimplyNode|8. Infatica|9. SpeedProxies|10. Proxy-Seller,4615,/blog/browserleaks-review-fingerprint-testing|/blog/how-to-unblock-facebook|/blog/multiple-paypal-accounts|/blog/multiple-social-media-accounts|/blog/what-is-a-dns-leak|/blog/what-is-a-webrtc-leak,2025-10-13
"Best ISP Proxies 2025: Top 10 ISP Proxy Providers,Tested & Ranked",https://gologin.com/blog/top-isp-proxy-providers/,proxies,best isp proxies top 10 isp,commercial,Introduction|TLDR: Best ISP Proxy Provider|What Are ISP Proxies?|Why test proxies before use?|Best ISP Proxies|1. Floppydata - Best overall ISP proxy provider|2. Webshare|3. Plain Proxies|4. Decodo|5. Brightdata|6. Proxyseller|7. Soax|8. IPRoyal|9. Novada|10. Oxylabs|Performance Summary|Limitations of ISP Proxies|When to choose ISP proxies over residential proxies|Final thoughts|Frequently Asked Questions|Key Features|Pricing|Performance overview|Pros Vs. Cons|Response Times (lower is better)|Fraud Scores (lower is safer)|Website Compatibility|Higher cost|Limited geographic coverage|Can I Get ISP Proxies with Unlimited Bandwidth?|Are ISP Proxies Expensive?|Do ISP Proxies Work for Streaming Services?|Best ISP proxies for anti-detection web tools|How do ISP proxies compare to residential and datacenter proxies for anti-detection use?,7203,/blog/buy-twitter-x-accounts|/blog/multiple-social-media-accounts|/blog/undetectable-browser-vs-gologin|/blog/what-is-a-dns-leak|/blog/what-is-a-webrtc-leak,2025-10-08
Top 10 Best Residential Proxy Providers: Tested & Ranked 2025,https://gologin.com/blog/technical-comparison-of-the-top-10-residential-proxy-providers/,proxies,top 10 best residential proxy providers,comparison,Why it is important to test residential proxies|Overview of Providers and Results|1. Floppydata|2. IPRoyal|3. Webshare|4. Plain Proxies|5. Decodo|6. Bright Data (formerly Luminati)|7. NetNut|8. Oxylabs|9. SOAX|10. NodeMaven|Recommendations and conclusions|Technical comparison|Financial comparison|Germany|USA|Vietnam,5580,/blog/multiple-social-media-accounts|/blog/top-usa-proxy-providers|/blog/what-is-a-dns-leak,2025-10-06
"Gologin – September Summary: AI Assistant, Profile Stability, and Browser Update",https://gologin.com/blog/gologin-september-summary/,general,gologin september summary ai assistant profile,informational,Gologin AI Assistant: Code-Free API Management|Interface Improvements|Key Fixes|Browser Update,357,/blog/what-is-canvas-fingerprinting,2025-10-05
How To Share Semrush Account: Guide 2025,https://gologin.com/blog/how-to-share-semrush-account/,general,how to share semrush account,how-to,Semrush Account Pricing & Cost Analysis|Guide: Share a Semrush Account With Multiple People Using Gologin|Other Subscriptions I Share Via Gologin|Common Ways to Share a Semrush Account (Pros & Cons)|Wrapping it all up|Do My Friends Need To Install Gologin?|Do I Need To Pay For the Proxy?|Can I Share the Password To My Gologin App?|1. Sharing Semrush Password|2. Group Buy or Shared Account Services|3. Using the Same VPN Service for Semrush|4. Using Gologin Antidetect Browser,1899,/blog/anti-fingerprinting-browser|/blog/how-to-easily-share-your-chatgpt-account|/blog/midjourney-account-sharing|/blog/share-a-single-google-workspace-subscription|/blog/what-is-canvas-fingerprinting,2025-09-22
How to Create and Manage Multiple Instagram Accounts in 2026,https://gologin.com/blog/how-to-create-and-manage-multiple-instagram-accounts/,multi-accounting,how to create and manage multiple,how-to,"Why Manage Multiple Instagram Accounts in 2026?|How Many Instagram Accounts Can You Have?|How to Create Multiple Instagram Accounts (Step-by-Step)|How to Switch Accounts on Instagram|Challenges of Managing Multiple Instagram Accounts|Tools and Best Practices for Managing Multiple IG Accounts|Managing Multiple Instagram Accounts with Gologin|Best Practices for Safe Instagram Multi-Accounting|FAQ|Conclusion|Creating Multiple Instagram Accounts on a Mobile (iOS/Android)|Creating and Switching Multiple Instagram Accounts on a Desktop (Browser)|Using Different Emails and Phone Numbers|On Mobile (Android/iOS)|On Desktop (Browser)|How Session Linking Happens|1. Manual, Without Tools (Native App)|2. SMM Platforms (Hootsuite, NapoleonCat)|3. Anti-detect browsers (Gologin)|Native Instagram App vs. SMM Tools vs. Gologin at a Glance|How to Set Up Your First IG Profile in Gologin|Why Gologin vs. Other Anti-Detection Browsers|Can you have multiple Instagram accounts?|How do you make multiple Instagram accounts?|Can I have more than one Instagram account?|How many Instagram accounts can I have?|What is the safest way to create multiple Instagram accounts without getting banned?|Read other posts about multiple accounting:",3275,/blog/anti-fingerprinting-browser|/blog/best-free-antidetect-browser|/blog/best-social-media-management-tools-for-agencies|/blog/can-i-have-multiple-bluesky-accounts|/blog/can-you-have-2-fanduel-accounts|/blog/can-you-have-multiple-snapchat-accounts|/blog/can-you-have-multiple-whatsapp-accounts|/blog/how-to-run-multiple-coinbase-accounts|/blog/how-to-run-multiple-etsy-shops|/blog/how-to-run-multiple-telegram-accounts|/blog/manage-multiple-google-accounts|/blog/multiple-accounts-on-facebook|/blog/multiple-airbnb-accounts|/blog/multiple-amazon-accounts|/blog/multiple-craigslist-login|/blog/multiple-ebay-accounts|/blog/multiple-gmail-accounts|/blog/multiple-google-ads-accounts|/blog/multiple-instagram-accounts|/blog/multiple-prizepicks-accounts|/blog/multiple-reddit-accounts|/blog/multiple-social-media-accounts|/blog/multiple-tiktok-accounts|/blog/multiple-twitter-accounts|/blog/multiple-zillow-agent-login|/blog/test-drive-of-captcha-solving-services|/blog/the-easiest-way-to-run-multiple-discord-accounts|/blog/what-is-a-webrtc-leak|/blog/what-is-browser-fingerprinting|/blog/what-is-fingerprint-browser-top-choices|/blog/why-is-my-instagram-account-suspended,2025-09-17
How to Share Claude AI & Claude Code Account with Your Team,https://gologin.com/blog/how-to-share-claude-ai-account/,general,how to share claude ai claude,how-to,Guide: Share a Claude Account With Team Using Gologin|More Tools & Subscriptions You Can Share Using Gologin|Is Sharing a Claude Account With Team Even Worth It?|6 Ways to Share a Claude Account With Multiple People|Conclusion|Do My Friends Need To Install Gologin?|Do I Need To Pay For the Proxy?|Can I Simply Share the Password To My Gologin App?|Claude Team Account vs Individual Pro Account Sharing|Claude Account Sharing Policy|1. Use an Official Claude Team Account (The Supported Way)|2. Sharing Your Claude Login Credentials (Not Recommended)|3. Claude AI Group Buy Sharing Services (Cheap but Risky)|4. Gologin Anti-Detect Browser (Safe & Reliable),1907,/blog/anti-fingerprinting-browser|/blog/how-to-easily-share-your-ahrefs-account|/blog/how-to-easily-share-your-chatgpt-account|/blog/midjourney-account-sharing|/blog/share-a-single-google-workspace-subscription|/blog/telegram-account-banned,2025-09-15
Ghost Browser vs GoLogin: 2025 review | Ghost Browser alternative,https://gologin.com/blog/ghost-browser-alternative/,competitor-comparison,ghost browser vs gologin ghost browser,comparison,Gologin browser - next level alternative to Ghost browser|Ghost Browser vs Gologin - Pricing|Ghost Browser vs Gologin: Summary|FAQ About Ghost Browser|Ghost Browser: Non-Technical Heaven|Identities and Tabs|Comfort of Use & Features|Proxy Integration|Passing Checkers|Features and comfort of use: what's new in 2025|Proxy Integrations|Mobile app and web version|Support quality|Updates frequency & Reliability|What is Ghost Browser and how does it work?|Is Ghost Browser beginner-friendly?|What platforms does Ghost Browser support?|Does Ghost Browser protect browser fingerprints?|Is Ghost Browser suitable for managing hundreds of accounts?|Does Ghost Browser have a free plan or paid options?|Read other posts about Reviews of browsers:,2510,/blog/accovod-vs-gologin|/blog/adspower-browser-vs-gologin|/blog/aezakmi-browser-vs-gologin-honest-review|/blog/anti-fingerprinting-browser|/blog/antidetect-browser-review|/blog/antikbrowser-vs-gologin-review|/blog/aqum-browser-vs-gologin-honest-review|/blog/best-antidetect-browsers|/blog/best-proxy-browser|/blog/best-virtual-browser|/blog/bitbrowser-review|/blog/camoufox-vs-gologin-honest-review|/blog/che-browser-vs-gologin|/blog/dicloak-online-browser|/blog/dolphin-anty-vs-gologin|/blog/fingerprintswitcher-a-worthwhile-alternative-to-anti-detect-browsers|/blog/geelark-review|/blog/genlogin-browser-alternative-honest-review-2024|/blog/gologin-vs-browserjet-review|/blog/gologin-vs-hidemium-which-one-is-better|/blog/gologin-vs-identory|/blog/gologin-vs-maskfog-review|/blog/gologin-vs-switch-antidetect|/blog/gologin-vs-swspybrowser-review|/blog/gologin-vs-yunlark-review|/blog/hidemyacc-browser-alternative-honest-review|/blog/hydraheaders-browser-tool-review|/blog/incogniton-vs-gologin|/blog/indigo-browser-vs-gologin-honest-comparison|/blog/insomniac-browser-review|/blog/kameleo-browser-alternative-review|/blog/lalicat-browser-vs-gologin-honest-review|/blog/lauth-vs-gologin-honest-review|/blog/linkedin-multiple-accounts|/blog/linken-sphere-browser-alternative-review|/blog/logii-browser-vs-gologin-honest-review|/blog/loginways-vs-gologin-honest-review|/blog/marketerbrowser-vs-gologin-review|/blog/masq-antidetect-vs-gologin-honest-review|/blog/morelogin-browser-alternative|/blog/mulogin-vs-gologin-honest-review|/blog/multibrowser-review|/blog/multilogin-chrome-browser|/blog/multiple-reddit-accounts|/blog/nstbrowser-vs-gologin-honest-review|/blog/octo-browser-gologin|/blog/rebrowser-vs-gologin-honest-review|/blog/roxybrowser-vs-gologin-review|/blog/session-box-vs-gologin|/blog/surfinite-vs-gologin-honest-review|/blog/top-usa-proxy-providers|/blog/ultimate-orb-vs-gologin-review|/blog/undetectable-browser-vs-gologin|/blog/vision-browser-review|/blog/vmlogin-browser-alternative-honest-review-2024|/blog/vmmask-anti-detect-browser|/blog/wade-browser-review|/blog/what-is-a-user-agent|/blog/what-is-antidetect-browser|/blog/what-is-canvas-fingerprinting|/blog/what-is-fingerprint-browser-top-choices|/blog/whatsapp-account-banned-or-suspended|/blog/x-browser-alternative-review-2023|/blog/xlogin-vs-gologin-review|/blog/xpass-browser-alternative,2025-09-12
How To Share a Single Google Workspace Subscription With Your Team,https://gologin.com/blog/share-a-single-google-workspace-subscription/,general,how to share a single google,how-to,"Guide: How to Share a Google Workspace Account via Gologin|Google Workspace Pricing Plans and Why People Share Accounts|5 Ways to Share a Google Workspace Account|5. Gologin Browser Profiles (Safe, Recommended)|Sharing Google Ads and Google My Business Access|Other Services You Can Share with Gologin|Conclusion|Do all users need to buy Gologin’s paid plan?|Do I Need To Buy The Proxy?|Can I Simply Share Password To My Gologin App?|Google Workspace Plans|1. Add Users or Delegates via Google Workspace (Official Way)|2. Sharing Login Credentials (Not Recommended)|3. Using the Same IP or VPN for Google Workspace|4. Using a Remote Desktop Tool",2089,/blog/anti-fingerprinting-browser|/blog/how-to-easily-share-your-ahrefs-account|/blog/how-to-easily-share-your-chatgpt-account|/blog/manage-multiple-google-accounts|/blog/multiple-gmail-accounts,2025-09-08
7 Best Virtual Browsers for 2025: How To Choose,https://gologin.com/blog/best-virtual-browser/,general,7 best virtual browsers for how,how-to,What is a Virtual Browser?|Virtual Browser Comparison Table|Enhanced Use Case Applications|1. Gologin: Best Virtual Browser Replacement|What Should I Consider When Choosing the Best Virtual Browser?|Choosing Top Virtual Browser Alternatives in 2025|2. Browser.lol|3. Authentic8|4. Browserling.com|5. Browserstack.com|6. TraceFree|7. DICloak|How to Test if Your Virtual Browser Is Secure|Frequently Asked Questions|What Are Most Popular Virtual Browsers?|Anonymous Browsing and Identity Protection|Multi-Account Management for E-commerce and Marketing|Secure Web Development and Testing|Malware Protection and Safe Browsing|Compliance and Regulatory Requirements|Gologin Key Features|How to Run Multiple Virtual Browser Profiles in Gologin|Web Testing Features|Does Gologin offer a free trial?|Can virtual browsers be detected?|How do virtual browsers avoid tracking?|Can I use virtual browser online free?|What is a virtual browser and how is it different from a normal browser?|Do I still need a VPN if I use a virtual browser?|Can virtual browsers completely prevent browser fingerprinting?|Conclusion|Read other posts about Reviews of browsers:,3231,/blog/accovod-vs-gologin|/blog/adspower-browser-vs-gologin|/blog/aezakmi-browser-vs-gologin-honest-review|/blog/anti-fingerprinting-browser|/blog/antidetect-browser-review|/blog/antikbrowser-vs-gologin-review|/blog/aqum-browser-vs-gologin-honest-review|/blog/best-proxy-browser|/blog/bitbrowser-review|/blog/browser-fingerprint-spoofing-how-to-prevent-tracking|/blog/camoufox-vs-gologin-honest-review|/blog/che-browser-vs-gologin|/blog/dicloak-online-browser|/blog/dolphin-anty-vs-gologin|/blog/fingerprintswitcher-a-worthwhile-alternative-to-anti-detect-browsers|/blog/geelark-review|/blog/genlogin-browser-alternative-honest-review-2024|/blog/ghost-browser-alternative|/blog/gologin-vs-browserjet-review|/blog/gologin-vs-hidemium-which-one-is-better|/blog/gologin-vs-identory|/blog/gologin-vs-maskfog-review|/blog/gologin-vs-switch-antidetect|/blog/gologin-vs-swspybrowser-review|/blog/gologin-vs-yunlark-review|/blog/hidemyacc-browser-alternative-honest-review|/blog/hydraheaders-browser-tool-review|/blog/incogniton-vs-gologin|/blog/indigo-browser-vs-gologin-honest-comparison|/blog/insomniac-browser-review|/blog/kameleo-browser-alternative-review|/blog/lalicat-browser-vs-gologin-honest-review|/blog/lauth-vs-gologin-honest-review|/blog/linken-sphere-browser-alternative-review|/blog/logii-browser-vs-gologin-honest-review|/blog/loginways-vs-gologin-honest-review|/blog/marketerbrowser-vs-gologin-review|/blog/masq-antidetect-vs-gologin-honest-review|/blog/morelogin-browser-alternative|/blog/mulogin-vs-gologin-honest-review|/blog/multibrowser-review|/blog/multilogin-chrome-browser|/blog/nstbrowser-vs-gologin-honest-review|/blog/octo-browser-gologin|/blog/rebrowser-vs-gologin-honest-review|/blog/roxybrowser-vs-gologin-review|/blog/session-box-vs-gologin|/blog/surfinite-vs-gologin-honest-review|/blog/ultimate-orb-vs-gologin-review|/blog/undetectable-browser-vs-gologin|/blog/vision-browser-review|/blog/vmlogin-browser-alternative-honest-review-2024|/blog/vmmask-anti-detect-browser|/blog/wade-browser-review|/blog/what-is-a-digital-footprint|/blog/what-is-an-ip-leak|/blog/what-is-fingerprint-browser-top-choices|/blog/x-browser-alternative-review-2023|/blog/xlogin-vs-gologin-review|/blog/xpass-browser-alternative,2025-09-04
MidJourney Account Sharing: 5 Safe Methods to Share A MidJourney Subscription,https://gologin.com/blog/midjourney-account-sharing/,general,midjourney account sharing 5 safe methods,informational,"Guide: Share MidJourney Account Using Gologin|Why Do You Need to Share a MidJourney AI Subscription?|MidJourney Pricing and Account Sharing Policy|Safe Ways to Share a MidJourney Account Without Getting Banned|More Services You Can Share with Gologin|Conclusion|Do all users need to buy Gologin’s paid plan?|Do I Need To Buy The Proxy?|Can I Simply Share Password To My Gologin App?|1. Sharing Your MidJourney Login Credentials (Not Recommended)|2. Using the Same IP (VPN or Proxy) for All Users|3. MidJourney “Group Buy” Services (Dangerous for Business)|4. Gologin Anti-Detect Browser (Safe, Fast, Reliable)",2003,/blog/multiple-social-media-accounts,2025-09-03
How To Easily Share Your ChatGPT Account? New 2025 Method,https://gologin.com/blog/how-to-easily-share-your-chatgpt-account/,general,how to easily share your chatgpt,how-to,"Guide: Share ChatGPT Account Using Gologin|More AI Tools You Can Share With Multiple People Using Gologin|Why People Share ChatGPT Plus/Pro Subscriptions|Is Sharing a ChatGPT Plus Account Even Worth It?|ChatGPT Account Sharing Policy and Pricing|6 Ways to Share a ChatGPT Account With Multiple People|Conclusion|Do My Friends Need To Install Gologin?|Do I Need To Pay For The Proxy?|Can I Simply Share Password To My Gologin App?|Collaborating on Same Chats and Projects in ChatGPT|Saving Costs on ChatGPT Team & Enterprise Plans|1. Use ChatGPT Team Plan (Official Way)|2. Sharing ChatGPT Account Password (Not Recommended)|3. Using the Same VPN To Share a ChatGPT Account with Multiple People|4. ChatGPT Group Buying and Account Sharing (Dangerous and Frustrating)|5. Using Remote Desktop to Share ChatGPT Account (Not Recommended)|6. Gologin Anti-Detect Browser (Safe, Fast, Reliable)",2377,/blog/anti-fingerprinting-browser|/blog/how-to-easily-share-your-ahrefs-account|/blog/telegram-account-banned,2025-08-27
Test-Drive of CAPTCHA-Solving Services for Various Programming Languages,https://gologin.com/blog/test-drive-of-captcha-solving-services/,general,test drive of captcha solving services,informational,"Test Participants: Which CAPTCHA-Solving Services Are We Looking At?|Which Metrics Matter for a CAPTCHA-Solving Service?|Test Methodology|API Integration: Using CAPTCHA-Solving Services in Python and Node.js|2Captcha|SolveCaptcha|AntiCaptcha (AntiGate)|DeathByCaptcha (DBC)|1. Solving Speed|2. Recognition Accuracy|3. Stability & Reliability|4. Documentation & Developer Support|5. Integration Convenience (SDKs)|2Captcha CAPTCHA-Solving Service: Simple HTTP API with Polling (Python Example)|SolveCaptcha: 2Captcha-Compatible API Focused on Speed (JavaScript Example)|AntiCaptcha: Flexible JSON API with Tasks (Python Example)|DeathByCaptcha: Multi-Protocol Service with Official SDKs (JavaScript Example)|Speed & Performance: Which CAPTCHA-Solving Service Is the Fastest?|Scalability & Parallelism|Recognition Accuracy & Solution Reliability|Stability & API Uptime|Developer Experience: Documentation, Tooling & Support|Pricing|So… Which Service Should You Pick?|Final Takeaway",3332,,2025-08-07
11 Best Antidetect Browsers in 2026: How To Choose One,https://gologin.com/blog/best-antidetect-browsers/,antidetect-browsers,11 best antidetect browsers in how,how-to,Beyond Fingerprints: Why Your Network and Behavior Now Matter Most|Why do I need an antidetect browser?|How to choose one that fits me?|What happens if you use a cracked antidetect browser?|11 Best Antidetect Browsers in 2026|1. Gologin|2. 1Browser|3. Multilogin|4. AdsPower|5. Dolphin Anty|6. Undetectable|7. Incogniton|8. Octo Browser|9. Ghost Browser|10. Morelogin|11. Geelark|Conclusion: Earn More Using Best Antidetect Browsers In 2026|FAQ|How do antidetect browsers work?|What is the best anti fingerprint browser?|What is the best alternative to MultiLogin?|Is there a free alternative to GoLogin?|What is AdsPower mainly used for?|What is Dolphin anty browser mainly used for?|What is the best alternative to Dolphin browser?|What is Incogniton mainly used for?|Is Octo Browser worth paying for?|Is Ghost Browser safe?|What are the best antidetect browsers for privacy and multi-accounting?|Are there any free anti-detect browsers for Android?|How can I safely download an antidetect browser?|References:,4501,/blog/adspower-browser-vs-gologin|/blog/anonymous-web-browser|/blog/anti-fingerprint-browser-list-2023|/blog/anti-fingerprinting-browser|/blog/antidetect-browsers-use-cases|/blog/best-dropshipping-tools|/blog/best-free-antidetect-browser|/blog/detect-mobile-browser-android|/blog/device-fingerprinting-in-web-scraping|/blog/dolphin-anty-vs-gologin|/blog/geelark-review|/blog/incogniton-vs-gologin|/blog/morelogin-browser-alternative|/blog/multilogin-chrome-browser|/blog/multiple-tiktok-accounts|/blog/octo-browser-gologin|/blog/undetectable-browser-vs-gologin|/blog/virtual-machine-vs-anti-detect-browser|/blog/what-is-antidetect-browser|/blog/what-is-fingerprint-browser-top-choices,2025-08-06
Incogniton Browser: 2025 Review | Incogniton alternative,https://gologin.com/blog/incogniton-vs-gologin/,competitor-comparison,incogniton browser incogniton alternative,comparison,Incogniton: what's new in 2025?|Gologin - best alternative to Incogniton Browser in 2025|Incogniton vs Gologin - Pricing|Incogniton vs Gologin: 2025 Verdict|FAQ|First impressions: Same old|Profile creation: Issues still in place|Comfort of use & Features|Mobile devices and fingerprints|Proxy Integration|Support and updates|Features and comfort of use: what's changed in 2025|Support quality & Reviews|Proxy integration|Updates frequency|Is Incogniton free?|How to get incognito for free?|How to incognito on Android?|How do I open an Incognito browser?|Read other posts about Reviews of browsers:,2810,/blog/accovod-vs-gologin|/blog/adspower-browser-vs-gologin|/blog/aezakmi-browser-vs-gologin-honest-review|/blog/anti-fingerprinting-browser|/blog/antidetect-browser-review|/blog/antikbrowser-vs-gologin-review|/blog/aqum-browser-vs-gologin-honest-review|/blog/best-antidetect-browsers|/blog/best-proxy-browser|/blog/best-virtual-browser|/blog/bitbrowser-review|/blog/camoufox-vs-gologin-honest-review|/blog/che-browser-vs-gologin|/blog/dicloak-online-browser|/blog/dolphin-anty-vs-gologin|/blog/fingerprintswitcher-a-worthwhile-alternative-to-anti-detect-browsers|/blog/geelark-review|/blog/genlogin-browser-alternative-honest-review-2024|/blog/gologin-vs-browserjet-review|/blog/gologin-vs-hidemium-which-one-is-better|/blog/gologin-vs-identory|/blog/gologin-vs-maskfog-review|/blog/gologin-vs-switch-antidetect|/blog/gologin-vs-swspybrowser-review|/blog/gologin-vs-yunlark-review|/blog/hidemyacc-browser-alternative-honest-review|/blog/hydraheaders-browser-tool-review|/blog/indigo-browser-vs-gologin-honest-comparison|/blog/insomniac-browser-review|/blog/kameleo-browser-alternative-review|/blog/lalicat-browser-vs-gologin-honest-review|/blog/lauth-vs-gologin-honest-review|/blog/linken-sphere-browser-alternative-review|/blog/logii-browser-vs-gologin-honest-review|/blog/loginways-vs-gologin-honest-review|/blog/marketerbrowser-vs-gologin-review|/blog/masq-antidetect-vs-gologin-honest-review|/blog/morelogin-browser-alternative|/blog/mulogin-vs-gologin-honest-review|/blog/multibrowser-review|/blog/multilogin-chrome-browser|/blog/nstbrowser-vs-gologin-honest-review|/blog/octo-browser-gologin|/blog/rebrowser-vs-gologin-honest-review|/blog/roxybrowser-vs-gologin-review|/blog/session-box-vs-gologin|/blog/surfinite-vs-gologin-honest-review|/blog/technical-comparison-of-the-top-10-residential-proxy-providers|/blog/ultimate-orb-vs-gologin-review|/blog/undetectable-browser-vs-gologin|/blog/vision-browser-review|/blog/vmlogin-browser-alternative-honest-review-2024|/blog/vmmask-anti-detect-browser|/blog/wade-browser-review|/blog/what-is-antidetect-browser|/blog/x-browser-alternative-review-2023|/blog/xlogin-vs-gologin-review|/blog/xpass-browser-alternative,2025-08-05
MoreLogin Browser Alternative: Updated Review 2026,https://gologin.com/blog/morelogin-browser-alternative/,competitor-comparison,morelogin browser alternative,comparison,What's New In MoreLogin: 2026 Features And UI|Gologin : 2026 Overview Of A Trusted MoreLogin Alternative|MoreLogin vs Gologin: Counting Costs|MoreLogin vs Gologin: Review Recap|FAQ|Profile Creation & Launching|Proxy Integrations & Management|Mass Actions|Cloud Phone Support|Protection Against Fingerprinting|Support Quality & Reviews|UI: What's Changed?|Profile Creation & Proxy Integration|Support & Reviews|What is MoreLogin used for?|Is MoreLogin a Proxy?|How much is MoreLogin per month?|Can I use MoreLogin on phone?|Is the MoreLogin browser safe?|Is MoreLogin better than Gologin?|Read other posts about Reviews of browsers:,2259,/blog/accovod-vs-gologin|/blog/adspower-browser-vs-gologin|/blog/aezakmi-browser-vs-gologin-honest-review|/blog/antidetect-browser-review|/blog/antikbrowser-vs-gologin-review|/blog/aqum-browser-vs-gologin-honest-review|/blog/best-proxy-browser|/blog/best-virtual-browser|/blog/bitbrowser-review|/blog/camoufox-vs-gologin-honest-review|/blog/che-browser-vs-gologin|/blog/dicloak-online-browser|/blog/dolphin-anty-vs-gologin|/blog/fingerprintswitcher-a-worthwhile-alternative-to-anti-detect-browsers|/blog/geelark-review|/blog/genlogin-browser-alternative-honest-review-2024|/blog/gologin-vs-browserjet-review|/blog/gologin-vs-hidemium-which-one-is-better|/blog/gologin-vs-identory|/blog/gologin-vs-maskfog-review|/blog/gologin-vs-switch-antidetect|/blog/gologin-vs-swspybrowser-review|/blog/gologin-vs-yunlark-review|/blog/hidemyacc-browser-alternative-honest-review|/blog/hydraheaders-browser-tool-review|/blog/incogniton-vs-gologin|/blog/indigo-browser-vs-gologin-honest-comparison|/blog/insomniac-browser-review|/blog/kameleo-browser-alternative-review|/blog/lalicat-browser-vs-gologin-honest-review|/blog/lauth-vs-gologin-honest-review|/blog/linken-sphere-browser-alternative-review|/blog/logii-browser-vs-gologin-honest-review|/blog/loginways-vs-gologin-honest-review|/blog/marketerbrowser-vs-gologin-review|/blog/masq-antidetect-vs-gologin-honest-review|/blog/morelogin-cloud-phone-review|/blog/mulogin-vs-gologin-honest-review|/blog/multibrowser-review|/blog/multilogin-chrome-browser|/blog/nstbrowser-vs-gologin-honest-review|/blog/octo-browser-gologin|/blog/rebrowser-vs-gologin-honest-review|/blog/roxybrowser-vs-gologin-review|/blog/session-box-vs-gologin|/blog/surfinite-vs-gologin-honest-review|/blog/ultimate-orb-vs-gologin-review|/blog/undetectable-browser-vs-gologin|/blog/vision-browser-review|/blog/vmlogin-browser-alternative-honest-review-2024|/blog/vmmask-anti-detect-browser|/blog/wade-browser-review|/blog/what-is-canvas-fingerprinting|/blog/what-is-fingerprint-browser-top-choices|/blog/x-browser-alternative-review-2023|/blog/xlogin-vs-gologin-review|/blog/xpass-browser-alternative,2025-08-05
"Gologin July Summary: New Plans, Smart API, and Stability at All Levels",https://gologin.com/blog/gologin-july-summary/,general,gologin july summary new plans smart,informational,"Custom Plans: Flexibility for Any Task|Proxies: More Countries, More Precision|UI Improvements: Small Touches that Save Time|API Management Without a Line of Code|Improved Spoofing and Anti-Detect Features",464,/blog/how-to-share-claude-ai-account|/blog/what-is-canvas-fingerprinting,2025-08-04
Unlock Gologin automation: A guide to using MCP with your AI assistant,https://gologin.com/blog/unlock-gologin-automation-a-guide-to-using-mcp-with-your-ai-assistant/,general,unlock gologin automation a to using,informational,Your 2-minute setup: Connecting your AI assistant|What you can do: from simple prompts to powerful workflows|Conclusion: The future of your workflow is here|Scenario 1: Instantly create and organize a new project|Scenario 2: Effortlessly update proxies across dozens of profiles|Scenario 3: Clone your best setups to scale faster|Scenario 4: Let your AI do the housekeeping,1001,/blog/how-to-share-claude-ai-account|/blog/what-is-canvas-fingerprinting,2025-08-04
Best Proxy Browsers: The Ultimate Top 14 Rating Free & Paid,https://gologin.com/blog/best-proxy-browser/,proxies,best proxy browsers the top 14,commercial,How To Choose A Proxy Browser|14 Best Proxy Browsers In 2025|1. Gologin|2. 1Browser|3. Smartproxy X Browser|4. Tor Browser|5. Hide.me Proxy Browser|6. IPRoyal Proxy Browser Extension|7. Oxy Proxy Browser Extension|8. Epic Privacy Browser|9. Aloha Browser|10. Opera (desktop & Android)|11. Brave Browser + Firewall & VPN|12. Proxyium|13. CroxyProxy|14. ProxySite|Proxy Browser Comparison Summary|How To Choose A Proxy In A Proxy Browser|Frequently Asked Questions|1. What Is A Proxy Browser?|2. Are proxy browsers legal?|3. Can I use a proxy browser for free?|4. Where Are Proxy Settings In Chrome?|Read other posts about Reviews of browsers:,3083,/blog/accovod-vs-gologin|/blog/adspower-browser-vs-gologin|/blog/aezakmi-browser-vs-gologin-honest-review|/blog/anti-fingerprinting-browser|/blog/antidetect-browser-review|/blog/antikbrowser-vs-gologin-review|/blog/aqum-browser-vs-gologin-honest-review|/blog/best-proxy-browsers|/blog/best-virtual-browser|/blog/bitbrowser-review|/blog/camoufox-vs-gologin-honest-review|/blog/che-browser-vs-gologin|/blog/dicloak-online-browser|/blog/dolphin-anty-vs-gologin|/blog/fingerprintswitcher-a-worthwhile-alternative-to-anti-detect-browsers|/blog/geelark-review|/blog/genlogin-browser-alternative-honest-review-2024|/blog/gologin-vs-browserjet-review|/blog/gologin-vs-hidemium-which-one-is-better|/blog/gologin-vs-identory|/blog/gologin-vs-maskfog-review|/blog/gologin-vs-switch-antidetect|/blog/gologin-vs-swspybrowser-review|/blog/gologin-vs-yunlark-review|/blog/hidemyacc-browser-alternative-honest-review|/blog/how-to-unblock-facebook|/blog/hydraheaders-browser-tool-review|/blog/incogniton-vs-gologin|/blog/indigo-browser-vs-gologin-honest-comparison|/blog/insomniac-browser-review|/blog/kameleo-browser-alternative-review|/blog/lalicat-browser-vs-gologin-honest-review|/blog/lauth-vs-gologin-honest-review|/blog/linken-sphere-browser-alternative-review|/blog/logii-browser-vs-gologin-honest-review|/blog/loginways-vs-gologin-honest-review|/blog/marketerbrowser-vs-gologin-review|/blog/masq-antidetect-vs-gologin-honest-review|/blog/morelogin-browser-alternative|/blog/mulogin-vs-gologin-honest-review|/blog/multibrowser-review|/blog/multilogin-chrome-browser|/blog/nstbrowser-vs-gologin-honest-review|/blog/octo-browser-gologin|/blog/rebrowser-vs-gologin-honest-review|/blog/roxybrowser-vs-gologin-review|/blog/session-box-vs-gologin|/blog/surfinite-vs-gologin-honest-review|/blog/technical-comparison-of-the-top-10-residential-proxy-providers|/blog/top-10-mobile-proxy-providers-technical-testing-and-comparison|/blog/top-isp-proxy-providers|/blog/ultimate-orb-vs-gologin-review|/blog/undetectable-browser-vs-gologin|/blog/vision-browser-review|/blog/vmlogin-browser-alternative-honest-review-2024|/blog/vmmask-anti-detect-browser|/blog/wade-browser-review|/blog/what-is-fingerprint-browser-top-choices|/blog/x-browser-alternative-review-2023|/blog/xlogin-vs-gologin-review|/blog/xpass-browser-alternative,2025-07-31
Why Was My TikTok Account Banned? | GoLogin,https://gologin.com/blog/why-was-my-tiktok-account-banned/,multi-accounting,why was my tiktok account banned,troubleshooting,"4 Common Reasons Why Your TikTok Account Got Banned|Temporary Suspension vs. Permanently Banned TikTok Account|How to Appeal TikTok Ban|How to Recover Banned TikTok Account|How to Redownload TikTok After Ban|How to Use TikTok After the Ban with Gologin|Tips to Avoid Getting Banned on TikTok in the Future|Final Thoughts|FAQ|1. Violations of TikTok’s Community Guidelines|2. Use of Bots, Spam, or Fake Engagement|3. Underage Bans|4. TikTok Account Banned for No Reason|1. Why was my TikTok account banned?|2. How do I find out exactly why my account was banned?|3. How do I appeal a TikTok ban and what should I include?|4. How long do bans or suspensions last? Is there a strikes system?|5. Can I create a new TikTok account after being permanently banned?|Read other posts about account suspended:",2402,/blog/anti-fingerprinting-browser|/blog/banned-from-facebook|/blog/ebay-account-suspended|/blog/etsy-account-suspended|/blog/facebook-account-restricted|/blog/facebook-ad-account-disabled|/blog/multiple-google-play-developer-accounts|/blog/multiple-social-media-accounts|/blog/multiple-tiktok-accounts|/blog/reddit-account-suspended|/blog/shadowbanned-on-tiktok|/blog/twitter-account-suspended|/blog/what-instagram-account-can-be-banned|/blog/what-is-browser-fingerprinting|/blog/what-is-canvas-fingerprinting|/blog/why-is-my-amazon-account-suspended|/blog/why-is-my-coinbase-account-restricted|/blog/why-is-my-instagram-account-suspended|/blog/why-is-my-tiktok-account-suspended,2025-07-08
How To Use Telegram in Vietnam with GoLogin,https://gologin.com/blog/how-to-use-telegram-in-vietnam-with-gologin/,multi-accounting,how to use telegram in vietnam,how-to,Why is Telegram Blocked in Vietnam?|How to Access Telegram in Vietnam|Proxy for Telegram in Vietnam: Why Gologin Works Best|Step-by-Step Guide: How to Access & Setup Multiple Telegram Accounts in Vietnam Using Gologin Browser|Run Telegram in Mobile Devices Using Gologin On Android|Benefits of Using Gologin for Telegram Access|Final Thoughts|Using VPN to Access Telegram in Vietnam|Use a Proxy Server to Unblock Telegram|Bypass Telegram in Vietnam Using Gologin Antidetect Browser,1177,/blog/anti-fingerprinting-browser|/blog/telegram-account-banned|/blog/what-is-canvas-fingerprinting|/blog/what-is-fingerprint-browser-top-choices|/blog/whatsapp-account-banned-or-suspended,2025-06-02
How And Where To Buy LinkedIn Accounts? New 2025 Guide,https://gologin.com/blog/buy-linkedin-accounts/,multi-accounting,how and where to buy linkedin,informational,Top Reasons To Buy LinkedIn Accounts|What Are Advantages of Buying LinkedIn Accounts?|Risks of Buying LinkedIn Accounts|Can I Buy LinkedIn Followers And Connections?|Is It Legal To Buy LinkedIn Accounts?|Should I Buy LinkedIn Accounts? Some Legit Cases|Will My Main Account Be Blocked If I Buy LinkedIn Accounts?|How To Choose A Trusted Account Store?|Top 19 Stores To Buy LinkedIn Accounts In 2025|1. MirrorProfiles - Our Top Pick|2. LinkUnity - Fair Runner-Up|3. BIDVA|4. UseViral|5. Akountify|6. SidesMedia|7. Growthoid|8. Twesocial|9. TokUpgrade|10. GetAccs (BuyAccs)|11. SocLikes|12. BulkAccountsBuy|13. BuySellAccounts|14. ‼️ SMMShops.com ‼️ - Possible Scam Website|15. Bulk PVA Shopz|16. Accounts Provider|17. VIPLikes|18. Woorke|19. Z2U|20. ACCS Market|Using Gologin to Safely Manage New & Aged Accounts|Guide: How To Safely Run Store Bought LinkedIn Accounts|Recap on Where To Buy LinkedIn Accounts In 2025|FAQ: Where To Buy LinkedIn Accounts in 2025|How Do I Separate The Accounts?|What is an Antidetect Browser?|The More Professional Way To Manage Accounts|1. How much do LinkedIn accounts typically cost?|2. Can I get a refund if the bought accounts get banned?|3. How can I safely grow my LinkedIn network without having to buy LinkedIn accounts?|4. What does it mean getting my LinkedIn account restricted?|5. What is Gologin browser?|6. Is Gologin safe to use with LinkedIn?|7. How much does Gologin antidetect browser cost?,5493,/blog/best-linkedin-automation-tools|/blog/is-dropshipping-worth-it|/blog/linkedin-account-restricted|/blog/linkedin-multiple-accounts|/blog/linkedin-weekly-invitation-limit|/blog/multiple-social-media-accounts|/blog/the-easiest-way-to-run-multiple-discord-accounts|/blog/what-is-canvas-fingerprinting|/blog/what-is-lead-generation,2025-05-31
How to Use TikTok Web Login: 2026 Guide & Tools,https://gologin.com/blog/how-to-use-tiktok-web-login/,multi-accounting,how to use tiktok web login,how-to,What Is TikTok Web Login and Why Use It in 2026?|How to Access TikTok Web Without Logging In|How to Log in to the TikTok Web Version|Navigating the TikTok Web Interface – What You Can Do|Managing Multiple TikTok Accounts Using Gologin|Your TikTok Web Login Toolkit for 2026|TikTok Web FAQ (Real Questions I’ve Answered)|What You Can Do Without Logging In:|What You Need to Log In For:|Step-by-Step Login Instructions:|Search for Creators or Hashtags|Go LIVE or Watch Live Streams on TikTok Web|Upload and Edit Videos Directly from TikTok Web|Gologin Quick Start Guide for TikTok|Can I watch TikTok without logging in?|Can I use TikTok Web without the mobile app?|Is TikTok Web safe to use?|Can I log into multiple TikTok accounts on the same browser?|Can I use a proxy for TikTok?|Can I upload videos from TikTok Web?,2002,/blog/multiple-tiktok-accounts,2025-05-26
Can I Have Multiple Bluesky Accounts? Best 2026 Guide,https://gologin.com/blog/can-i-have-multiple-bluesky-accounts/,general,can i have multiple bluesky accounts,commercial,What Is Bluesky?|Does Bluesky Allow Multiple Accounts?|Managing Multiple Bluesky Accounts Safely with Gologin|How to Use Gologin for Multiple Bluesky Accounts (Step-by-Step)|Final Thoughts|FAQs|What does that mean in practice?|Step #1: Install Gologin and Create an Account|Step #2: Create a New Browser Profile|Step #3: Run the Profile|Step #4: Log in to Your Bluesky Account|Step #5: Repeat for Additional Accounts|Step #6: Simultaneous Management & Organization|Organize Your Profiles|Visual Walkthrough|Q: Can I have more than one Bluesky account?|Q: What’s the best way to manage multiple Bluesky accounts?|Q: How can I keep multiple Bluesky accounts separate and secure?|Read other posts about multiple accounting:,1625,/blog/buy-twitter-x-accounts|/blog/can-you-have-2-fanduel-accounts|/blog/can-you-have-multiple-snapchat-accounts|/blog/can-you-have-multiple-whatsapp-accounts|/blog/how-to-run-multiple-coinbase-accounts|/blog/how-to-run-multiple-etsy-shops|/blog/how-to-run-multiple-telegram-accounts|/blog/linkedin-multiple-accounts|/blog/logii-browser-vs-gologin-honest-review|/blog/manage-multiple-google-accounts|/blog/multiple-accounts-on-facebook|/blog/multiple-airbnb-accounts|/blog/multiple-amazon-accounts|/blog/multiple-craigslist-login|/blog/multiple-ebay-accounts|/blog/multiple-gmail-accounts|/blog/multiple-google-ads-accounts|/blog/multiple-instagram-accounts|/blog/multiple-prizepicks-accounts|/blog/multiple-reddit-accounts|/blog/multiple-social-media-accounts|/blog/multiple-tiktok-accounts|/blog/multiple-twitter-accounts|/blog/multiple-zillow-agent-login|/blog/the-easiest-way-to-run-multiple-discord-accounts|/blog/what-is-antidetect-browser,2025-05-22
How To Use Telegram Web Login: 2025 Guide & Tools,https://gologin.com/blog/how-to-use-telegram-web-login/,multi-accounting,how to use telegram web login,how-to,What Is Telegram Web Login?|Why use Telegram Web in 2025?|How to Log in to Telegram Web by Phone Number or QR Code|Navigating the Telegram Web Interface – What You Can Do|How to Manage Multiple Telegram Accounts in One Browser|Common Telegram Web Login Issues (And How I Fixed Them)|Your Telegram Web Toolkit for 2025 and Beyond|Telegram Web FAQ (Real Questions I’ve Answered)|What Telegram Web Supports:|What Telegram Web Doesn’t Support:|Login Code Not Received|QR Code Not Scanning|Web Not Syncing with Mobile|Fixes That Worked for Me|How secure is Telegram Web?|Can I use secret chats in Telegram Web?|How many logins are allowed in Telegram?,1909,/blog/anti-fingerprinting-browser|/blog/how-to-run-multiple-telegram-accounts|/blog/telegram-account-banned,2025-05-21
How to Use WhatsApp Web Login: 2025 Guide & Tools,https://gologin.com/blog/how-to-use-whatsapp-web-login/,multi-accounting,how to use whatsapp web login,how-to,How to Set Up WhatsApp Web Login Step by Step (2025 Update)|How to Manage Multiple WhatsApp Accounts in One Browser (Tested with Gologin)|What Are the Common WhatsApp Web Login Errors — and How I Fixed Them|Ready to Take Control of Your WhatsApp Workflow?|FAQ – Quick Answers to User Questions|Instructions for WhatsApp Web Login on Your PC|WhatsApp Web Login Steps for iPhone Users|WhatsApp Web Login Steps for Android Users|QR Code Not Scanning|Session Expired|&#8220;Phone Not Connected&#8221; Error|My Fixes That Worked Every Time|How to log in to WhatsApp web?|Can I log in to WhatsApp with just my phone number?|Is there a limit to multiple WhatsApp accounts?|Is WhatsApp Web safe?,1748,/blog/whatsapp-account-banned-or-suspended,2025-05-20
How To Easily Share Your Ahrefs Account? 2026 Guide & Tools,https://gologin.com/blog/how-to-easily-share-your-ahrefs-account/,general,how to easily share your ahrefs,how-to,Why People Share Ahrefs Accounts|Ahrefs Pricing and Account Sharing Rules 2026|5 Common Ways to Share Ahrefs Account|How I Can Share My Ahrefs Account Using Gologin: Guide 2026|Other Accounts You Can Safely Share Using Gologin|Conclusion|Managing Multiple Clients (Freelancers/Agencies)|Solo Freelancers Collaborating|Saving on User Add-Ons|1. Invite Users via Ahrefs Team Feature (Official Way)|2. Sharing Ahrefs Login Credentials (Not Recommended)|3. Same IP or VPN Trick for Ahrefs Account|4. Remote Desktop Approach for Sharing Ahrefs|5. Gologin (Share One or Multiple Ahrefs Accounts),1769,/blog/frequently-asked-questions|/blog/multiple-social-media-accounts|/blog/what-is-canvas-fingerprinting,2025-05-15
Why Is My Instagram Account Suspended? | Gologin,https://gologin.com/blog/why-is-my-instagram-account-suspended/,multi-accounting,why is my instagram account suspended,troubleshooting,Why is My Instagram Account Suspended? 5 Common Reasons|How Long is Instagram Suspension?|How to Appeal Instagram Account Suspension: 5 Simple Steps|How Long Do Instagram Appeals Take?|Tips to Avoid Instagram Account Suspension|Prevent Account Suspension in The First Place Using Gologin|FAQs|1. Community Guidelines Violation|2. Data Scraping or Bot Behavior|3. Impersonation|4. Mistake on Instagram’s Part|5. Account Safety|Step 1: Check If You Can Log In|Step 2: Submit an Official Appeal|Step 3: Verify Your Identity (If Required)|Step 4: Follow Up If You Hear Nothing|Step 5: Accept the Outcome|Follow Instagram’s Rules (Like Your Account Depends on It)|Manage Multiple Accounts Safely|Step 1: Download & Set Up Gologin|Step 2: Create a Secure Browser Profile|Step 3: Log In & Secure Your Account|Step 4: Scale Up Without Getting Flagged|1. How do I unsuspend my Instagram account?|2. Why does my Instagram account get suspended for no reason?|3. How long is an Instagram account suspended for?|4. What to do if Instagram disables your account?|5. Can I manage multiple Instagram accounts on the same device without risking a suspension?|Read other posts about account suspended:,2526,/blog/anti-fingerprinting-browser|/blog/banned-from-facebook|/blog/best-secure-browsers|/blog/device-fingerprinting|/blog/ebay-account-suspended|/blog/etsy-account-suspended|/blog/facebook-account-restricted|/blog/facebook-ad-account-disabled|/blog/reddit-account-suspended|/blog/shadowbanned-on-tiktok|/blog/twitter-account-suspended|/blog/what-instagram-account-can-be-banned|/blog/what-is-antidetect-browser|/blog/why-is-my-amazon-account-suspended|/blog/why-is-my-coinbase-account-restricted|/blog/why-is-my-tiktok-account-suspended|/blog/why-was-my-tiktok-account-banned,2025-05-14
Can You Have Multiple PrizePicks Accounts? 2026 Guide & Tools,https://gologin.com/blog/multiple-prizepicks-accounts/,betting,can you have multiple prizepicks accounts,informational,PrizePicks Terms of Service and Legal Policies|How PrizePicks Detects Multiple Accounts|What Happens If You Break PrizePicks’ Rules?|How to Run Multiple PrizePicks Accounts|How to Manage Multiple PrizePicks Accounts with a Multi-Accounting Browser|Final Thoughts|FAQs About Multiple PrizePicks Accounts/Logins|PrizePicks’ One-Account Rule|PrizePicks’ Licensing and Geo-Location Requirements|Option #1: VPN Services|Option #2: Dedicated Devices & Separate Accounts|Option #3: Multi-Accounting Software|Can I Have Two PrizePicks Accounts?|Can Two People In the Same Household Use PrizePicks?|What Happens If PrizePicks Detects Multiple Accounts?|Does PrizePicks Ask for SSN?|How many PrizePicks accounts can you have?|Can I delete my PrizePicks account and make a new one?|How can I safely manage multiple PrizePicks accounts?|Read other posts about multiple accounting:,2390,/blog/can-i-have-multiple-bluesky-accounts|/blog/can-you-have-2-fanduel-accounts|/blog/can-you-have-multiple-snapchat-accounts|/blog/can-you-have-multiple-whatsapp-accounts|/blog/guide-to-geolocation-spoofing|/blog/how-to-run-multiple-coinbase-accounts|/blog/how-to-run-multiple-etsy-shops|/blog/how-to-run-multiple-telegram-accounts|/blog/manage-multiple-google-accounts|/blog/multiple-accounts-on-facebook|/blog/multiple-airbnb-accounts|/blog/multiple-amazon-accounts|/blog/multiple-craigslist-login|/blog/multiple-ebay-accounts|/blog/multiple-gmail-accounts|/blog/multiple-google-ads-accounts|/blog/multiple-instagram-accounts|/blog/multiple-reddit-accounts|/blog/multiple-social-media-accounts|/blog/multiple-tiktok-accounts|/blog/multiple-twitter-accounts|/blog/multiple-zillow-agent-login|/blog/the-easiest-way-to-run-multiple-discord-accounts|/blog/what-is-canvas-fingerprinting,2025-05-10
Can You Have 2 FanDuel Accounts? 2026 Guide & Tools,https://gologin.com/blog/can-you-have-2-fanduel-accounts/,betting,can you have 2 fanduel accounts,informational,FanDuel Terms of Service and Legal Policies|How FanDuel Detects Multiple Accounts|What Happens If You Break FanDuel’s Rules?|How to Run Multiple FanDuel Accounts|How to Manage Multiple FanDuel Accounts with a Multi-Accounting Browser|Final Thoughts|FAQs About Multiple FanDuel Accounts/Logins|FanDuel’s One-Account Rule|FanDuel’s Licensing and GeoLocation Requirements|VPN Services|Dedicated Devices|Multi-Accounting Browser/Software|How Many Accounts Can You Have on FanDuel?|Can I Delete My FanDuel Account and Create a New One?|Can My Wife and I Both Have FanDuel Accounts?|Can FanDuel Suspend Me for Having Multiple Accounts?|How can I use multiple FanDuel accounts safely?|Read other posts about multiple accounting:,2288,/blog/can-i-have-multiple-bluesky-accounts|/blog/can-you-have-multiple-snapchat-accounts|/blog/can-you-have-multiple-whatsapp-accounts|/blog/guide-to-geolocation-spoofing|/blog/how-to-run-multiple-coinbase-accounts|/blog/how-to-run-multiple-etsy-shops|/blog/how-to-run-multiple-telegram-accounts|/blog/manage-multiple-google-accounts|/blog/multiple-accounts-on-facebook|/blog/multiple-airbnb-accounts|/blog/multiple-amazon-accounts|/blog/multiple-craigslist-login|/blog/multiple-ebay-accounts|/blog/multiple-gmail-accounts|/blog/multiple-google-ads-accounts|/blog/multiple-instagram-accounts|/blog/multiple-prizepicks-accounts|/blog/multiple-reddit-accounts|/blog/multiple-social-media-accounts|/blog/multiple-tiktok-accounts|/blog/multiple-twitter-accounts|/blog/multiple-zillow-agent-login|/blog/the-easiest-way-to-run-multiple-discord-accounts|/blog/what-is-canvas-fingerprinting|/blog/what-is-fingerprint-browser-top-choices,2025-05-05
Can I Run Multiple Craigslist Login? Guide to Scale Business,https://gologin.com/blog/multiple-craigslist-login/,general,can i run multiple craigslist login,informational,Benefits Of Multiple Craigslist Accounts|What Are The Limitations Of Having Multiple Craigslist Accounts Login?|4 Ways To Safely Manage Multiple Craigslist Account Login|How Does Gologin work?|How To Run Multiple Craigslist Account Logins With Multiple Account Browser|Frequently Asked Questions About Multiple Craigslist Account Login|What Is Digital Identity Or Digital Fingerprints?|Make Use Of A Proxy Or VPN|Create Multiple Chrome Profiles For Each Craigslist Account|Own Separate Devices For Each Craigslist Account|Leverage A Multi Accounting Browser|Wrapping Up|How Many Craigslist Accounts Can I Have?|Is It Advisable To Use Different IPs And Locations For Each Craigslist Account Login?|How Can I Prevent My Craigslist Ad From Getting Flagged Or Ghosted?|What Should I Do If My Craigslist IP Is Blocked?|How can I manage multiple Craigslist accounts without getting banned?|Read other posts about multiple accounting:,2236,/blog/can-i-have-multiple-bluesky-accounts|/blog/can-you-have-2-fanduel-accounts|/blog/can-you-have-multiple-snapchat-accounts|/blog/can-you-have-multiple-whatsapp-accounts|/blog/craigslist-account-suspended|/blog/how-to-run-multiple-coinbase-accounts|/blog/how-to-run-multiple-etsy-shops|/blog/how-to-run-multiple-telegram-accounts|/blog/manage-multiple-google-accounts|/blog/multiple-accounts-on-facebook|/blog/multiple-airbnb-accounts|/blog/multiple-amazon-accounts|/blog/multiple-ebay-accounts|/blog/multiple-gmail-accounts|/blog/multiple-google-ads-accounts|/blog/multiple-instagram-accounts|/blog/multiple-prizepicks-accounts|/blog/multiple-reddit-accounts|/blog/multiple-social-media-accounts|/blog/multiple-tiktok-accounts|/blog/multiple-twitter-accounts|/blog/multiple-zillow-agent-login|/blog/the-easiest-way-to-run-multiple-discord-accounts|/blog/top-10-mobile-proxy-providers-technical-testing-and-comparison|/blog/what-is-a-digital-footprint,2025-05-01
Multiple Zillow Agent Login: Guide to Scale Your Business [Update 2026],https://gologin.com/blog/multiple-zillow-agent-login/,ecommerce,multiple zillow agent login to scale,informational,Problems with Zillow at scale|Managing multiple profiles|How to have a multiple Zillow realtor login safely|Multi accounting browsers|How to use a multi-accounting browser for multiple Zillow rental manager login|FAQ: Managing Multiple Zillow Agent Logins|Wrapping up|1. Can I have more than one Zillow Premier Agent account?|2. Does Zillow allow the same agent to list under multiple brokerages?|3. What happens if Zillow detects duplicate listings across multiple accounts?|4. Can I use one CRM to manage leads from multiple Zillow agent logins?|5. How can I manage multiple Zillow accounts securely on one device?|Read other posts about multiple accounting:,2156,/blog/can-i-have-multiple-bluesky-accounts|/blog/can-you-have-2-fanduel-accounts|/blog/can-you-have-multiple-snapchat-accounts|/blog/can-you-have-multiple-whatsapp-accounts|/blog/how-to-run-multiple-coinbase-accounts|/blog/how-to-run-multiple-etsy-shops|/blog/how-to-run-multiple-telegram-accounts|/blog/manage-multiple-google-accounts|/blog/multiple-accounts-on-facebook|/blog/multiple-airbnb-accounts|/blog/multiple-amazon-accounts|/blog/multiple-craigslist-login|/blog/multiple-ebay-accounts|/blog/multiple-gmail-accounts|/blog/multiple-google-ads-accounts|/blog/multiple-instagram-accounts|/blog/multiple-prizepicks-accounts|/blog/multiple-reddit-accounts|/blog/multiple-social-media-accounts|/blog/multiple-tiktok-accounts|/blog/multiple-twitter-accounts|/blog/the-easiest-way-to-run-multiple-discord-accounts|/blog/zillow-account-suspended,2025-05-01
2 Top Ways To Manage (MCC) Multiple Google Ads Accounts Easy in 2026 in 2024,https://gologin.com/blog/multiple-google-ads-accounts/,general,2 top ways to manage mcc,informational,Why Have Multiple Google Ads Accounts?|1 Way: Managing Multiple Accounts With Google Ads MCC|What Is MCC in Google Ads?|2 Way: Using Multi-Accounting Browser For Better Safety|Google Ads Accounts Manager Vs. Multi-accounting Browser|How to Manage Multiple Google Ads Accounts with Multi-Accounting Browser|Frequently Asked Questions About Multiple Google Ads Accounts|Explainer: What Proxy Type Do I Need?|Wrapping up|Can You Have Multiple Google Ads Accounts?|How Many Google Ads Accounts Can I Have?|Can Having Multiple Google Ad Accounts Get You Banned?|How Do I Deal With A Permanent Ban On Google Ads?|How Do You Manage 2 Google Ads Accounts On Your Desktop?|Is it possible to create more than one Google Ads account using the same payment details?|How do Manager Accounts (MCC) help manage multiple Google Ads accounts?|Is it against Google policy to run the same ads from different Google Ads accounts?|What’s a common mistake advertisers make when managing multiple Google Ads accounts?|How does AI impact managing Google Ads campaigns in 2025?|Read other posts about multiple accounting:,2039,/blog/can-i-have-multiple-bluesky-accounts|/blog/can-you-have-2-fanduel-accounts|/blog/can-you-have-multiple-snapchat-accounts|/blog/can-you-have-multiple-whatsapp-accounts|/blog/google-ads-account-suspended|/blog/how-to-run-multiple-coinbase-accounts|/blog/how-to-run-multiple-etsy-shops|/blog/how-to-run-multiple-telegram-accounts|/blog/linkedin-multiple-accounts|/blog/manage-multiple-google-accounts|/blog/multiple-accounts-on-facebook|/blog/multiple-airbnb-accounts|/blog/multiple-amazon-accounts|/blog/multiple-craigslist-login|/blog/multiple-ebay-accounts|/blog/multiple-gmail-accounts|/blog/multiple-instagram-accounts|/blog/multiple-prizepicks-accounts|/blog/multiple-reddit-accounts|/blog/multiple-social-media-accounts|/blog/multiple-tiktok-accounts|/blog/multiple-twitter-accounts|/blog/multiple-zillow-agent-login|/blog/the-easiest-way-to-run-multiple-discord-accounts,2025-04-30
Managing Multiple Reddit Accounts Without Banned in 2026,https://gologin.com/blog/multiple-reddit-accounts/,multi-accounting,managing multiple reddit accounts without banned,troubleshooting,Using Reddit app multiple accounts|Why does Reddit Ban Accounts?|Types of Reddit Ban|Ways to avoid bans when managing Reddit multiple accounts|How to run multiple Reddit accounts with Gologin|Wrapping up|Frequently asked questions about multiple Reddit accounts|Managing multiple accounts in the Reddit app: what are the options and limitations?|Switching between multiple Reddit accounts|Most Effective Techniques for Account Farming|Employ a proxy or VPN|Extra Reddit Tip: respect community rules|How to get Reddit karma?|Can you have multiple Reddit accounts?|Can I create two Reddit accounts with one email?|How do I deal with a permanent ban on Reddit?|Does Reddit detect VPNs?|Can I access Reddit using a VPN if I’m banned?|How to make a new Reddit account after being banned?|Read other posts about multiple accounting:,3326,/blog/best-vpn-service|/blog/can-i-have-multiple-bluesky-accounts|/blog/can-you-have-2-fanduel-accounts|/blog/can-you-have-multiple-snapchat-accounts|/blog/can-you-have-multiple-whatsapp-accounts|/blog/how-to-run-multiple-coinbase-accounts|/blog/how-to-run-multiple-etsy-shops|/blog/how-to-run-multiple-telegram-accounts|/blog/linkedin-multiple-accounts|/blog/manage-multiple-google-accounts|/blog/multiple-accounts-on-facebook|/blog/multiple-airbnb-accounts|/blog/multiple-amazon-accounts|/blog/multiple-craigslist-login|/blog/multiple-ebay-accounts|/blog/multiple-gmail-accounts|/blog/multiple-google-ads-accounts|/blog/multiple-instagram-accounts|/blog/multiple-prizepicks-accounts|/blog/multiple-social-media-accounts|/blog/multiple-tiktok-accounts|/blog/multiple-twitter-accounts|/blog/multiple-zillow-agent-login|/blog/technical-comparison-of-the-top-10-residential-proxy-providers|/blog/the-easiest-way-to-run-multiple-discord-accounts,2025-04-21
How to manage multiple Chrome profiles and not be detected in 2026,https://gologin.com/blog/multiple-chrome-profiles/,general,how to manage multiple chrome profiles,how-to,Cases When People Turn To Multiple Chrome Profiles|Why People Seek Alternatives To Multiple Chrome Profiles For Managing Multiple Accounts|The Hidden Risk: Why Multiple Chrome Profiles Don’t Protect Your Privacy|What Is Digital Identity Or Digital Fingerprints?|Alternative Ways To Manage Multiple Accounts|How Does Gologin Work?|How to Manage Multiple Chrome Profiles With A Multi-Accounting Browser|Wrapping Up: What Method is For You|Frequently Asked Questions About Multiple Chrome Profiles|Google Chrome Architecture Update 2026|Can You Have Multiple Chrome Profiles?|What Are The Benefits Of Multiple Chrome Profiles?|How To Create Multiple Chrome Profiles?|Does Chrome Sync All Profiles?|Are Chrome Profiles Isolated?,2038,/blog/best-virtual-browser|/blog/how-to-run-multiple-youtube-accounts|/blog/linkedin-multiple-accounts|/blog/multiple-gmail-accounts|/blog/multiple-reddit-accounts|/blog/multiple-social-media-accounts|/blog/technical-comparison-of-the-top-10-residential-proxy-providers|/blog/top-10-mobile-proxy-providers-technical-testing-and-comparison,2025-04-03
GoLogin vs. BrowserJet – Which One Should You Pick?,https://gologin.com/blog/gologin-vs-browserjet-review/,competitor-comparison,gologin vs browserjet which one should,comparison,Gologin vs. BrowserJet: Step-by-Step Comparison|Pros/Cons & Trustworthiness|Pricing and Plans|Final Verdict|Supported Platforms & Devices|Registration & Initial Setup|Setting Up Custom Profiles|Prominent Features|Read other posts about Reviews of browsers:,1922,/blog/accovod-vs-gologin|/blog/adspower-browser-vs-gologin|/blog/aezakmi-browser-vs-gologin-honest-review|/blog/antidetect-browser-review|/blog/antikbrowser-vs-gologin-review|/blog/aqum-browser-vs-gologin-honest-review|/blog/best-proxy-browser|/blog/best-virtual-browser|/blog/bitbrowser-review|/blog/camoufox-vs-gologin-honest-review|/blog/che-browser-vs-gologin|/blog/dicloak-online-browser|/blog/dolphin-anty-vs-gologin|/blog/fingerprintswitcher-a-worthwhile-alternative-to-anti-detect-browsers|/blog/geelark-review|/blog/genlogin-browser-alternative-honest-review-2024|/blog/gologin-vs-hidemium-which-one-is-better|/blog/gologin-vs-identory|/blog/gologin-vs-maskfog-review|/blog/gologin-vs-switch-antidetect|/blog/gologin-vs-swspybrowser-review|/blog/gologin-vs-yunlark-review|/blog/hidemyacc-browser-alternative-honest-review|/blog/hydraheaders-browser-tool-review|/blog/incogniton-vs-gologin|/blog/indigo-browser-vs-gologin-honest-comparison|/blog/insomniac-browser-review|/blog/kameleo-browser-alternative-review|/blog/lalicat-browser-vs-gologin-honest-review|/blog/lauth-vs-gologin-honest-review|/blog/linken-sphere-browser-alternative-review|/blog/logii-browser-vs-gologin-honest-review|/blog/loginways-vs-gologin-honest-review|/blog/marketerbrowser-vs-gologin-review|/blog/masq-antidetect-vs-gologin-honest-review|/blog/morelogin-browser-alternative|/blog/mulogin-vs-gologin-honest-review|/blog/multibrowser-review|/blog/multilogin-chrome-browser|/blog/nstbrowser-vs-gologin-honest-review|/blog/octo-browser-gologin|/blog/rebrowser-vs-gologin-honest-review|/blog/roxybrowser-vs-gologin-review|/blog/session-box-vs-gologin|/blog/surfinite-vs-gologin-honest-review|/blog/ultimate-orb-vs-gologin-review|/blog/undetectable-browser-vs-gologin|/blog/vision-browser-review|/blog/vmlogin-browser-alternative-honest-review-2024|/blog/vmmask-anti-detect-browser|/blog/wade-browser-review|/blog/what-is-a-user-agent|/blog/what-is-canvas-fingerprinting|/blog/x-browser-alternative-review-2023|/blog/xlogin-vs-gologin-review|/blog/xpass-browser-alternative,2025-04-02
RoxyBrowser vs GoLogin: Honest Review 2025,https://gologin.com/blog/roxybrowser-vs-gologin-review/,competitor-comparison,roxybrowser vs gologin,comparison,RoxyBrowser - The Innovative Upstart|Gologin – The Consistent Anti-Detect Browser Mainstay|RoxyBrowser vs Gologin – Pricing|RoxyBrowser vs Gologin – The Verdict|First Impressions and UI|Profile Creation|Extensions and Synchronization|Fingerprint Masking|Reputation & Customer Service|User Experience|Teamwork Features|Platform Support|Trials & Free Plans|Paid Plans|RoxyBrowser|Gologin|Read other posts about Reviews of browsers:,2127,/blog/accovod-vs-gologin|/blog/adspower-browser-vs-gologin|/blog/aezakmi-browser-vs-gologin-honest-review|/blog/antidetect-browser-review|/blog/antikbrowser-vs-gologin-review|/blog/aqum-browser-vs-gologin-honest-review|/blog/best-proxy-browser|/blog/best-virtual-browser|/blog/bitbrowser-review|/blog/camoufox-vs-gologin-honest-review|/blog/che-browser-vs-gologin|/blog/dicloak-online-browser|/blog/dolphin-anty-vs-gologin|/blog/fingerprintswitcher-a-worthwhile-alternative-to-anti-detect-browsers|/blog/geelark-review|/blog/genlogin-browser-alternative-honest-review-2024|/blog/gologin-vs-browserjet-review|/blog/gologin-vs-hidemium-which-one-is-better|/blog/gologin-vs-identory|/blog/gologin-vs-maskfog-review|/blog/gologin-vs-switch-antidetect|/blog/gologin-vs-swspybrowser-review|/blog/gologin-vs-yunlark-review|/blog/hidemyacc-browser-alternative-honest-review|/blog/how-to-pass-iphey|/blog/how-to-pass-pixelscan|/blog/hydraheaders-browser-tool-review|/blog/incogniton-vs-gologin|/blog/indigo-browser-vs-gologin-honest-comparison|/blog/insomniac-browser-review|/blog/kameleo-browser-alternative-review|/blog/lalicat-browser-vs-gologin-honest-review|/blog/lauth-vs-gologin-honest-review|/blog/linken-sphere-browser-alternative-review|/blog/logii-browser-vs-gologin-honest-review|/blog/loginways-vs-gologin-honest-review|/blog/marketerbrowser-vs-gologin-review|/blog/masq-antidetect-vs-gologin-honest-review|/blog/morelogin-browser-alternative|/blog/mulogin-vs-gologin-honest-review|/blog/multibrowser-review|/blog/multilogin-chrome-browser|/blog/multiple-social-media-accounts|/blog/nstbrowser-vs-gologin-honest-review|/blog/octo-browser-gologin|/blog/rebrowser-vs-gologin-honest-review|/blog/session-box-vs-gologin|/blog/surfinite-vs-gologin-honest-review|/blog/ultimate-orb-vs-gologin-review|/blog/undetectable-browser-vs-gologin|/blog/vision-browser-review|/blog/vmlogin-browser-alternative-honest-review-2024|/blog/vmmask-anti-detect-browser|/blog/wade-browser-review|/blog/what-is-canvas-fingerprinting|/blog/x-browser-alternative-review-2023|/blog/xlogin-vs-gologin-review|/blog/xpass-browser-alternative|/blog/youtube-account-suspended-or-banned,2025-03-31
Hidemium Browser vs Gologin: Best alternative for managing multiple accounts?,https://gologin.com/blog/gologin-vs-hidemium-which-one-is-better/,competitor-comparison,hidemium browser vs gologin best alternative,comparison,Gologin vs. Hidemium – In-Depth Comparison|Pros/Cons & Trustworthiness|Pricing and Plans|Final Verdict|Supported Platforms & Devices|Registration and Initial Setup|Setting Up Custom Profiles|Prominent Features|Read other posts about Reviews of browsers:,2031,/blog/accovod-vs-gologin|/blog/adspower-browser-vs-gologin|/blog/aezakmi-browser-vs-gologin-honest-review|/blog/anti-fingerprinting-browser|/blog/antidetect-browser-review|/blog/antikbrowser-vs-gologin-review|/blog/aqum-browser-vs-gologin-honest-review|/blog/best-proxy-browser|/blog/best-virtual-browser|/blog/bitbrowser-review|/blog/camoufox-vs-gologin-honest-review|/blog/che-browser-vs-gologin|/blog/dicloak-online-browser|/blog/dolphin-anty-vs-gologin|/blog/fingerprintswitcher-a-worthwhile-alternative-to-anti-detect-browsers|/blog/geelark-review|/blog/genlogin-browser-alternative-honest-review-2024|/blog/gologin-vs-browserjet-review|/blog/gologin-vs-identory|/blog/gologin-vs-maskfog-review|/blog/gologin-vs-switch-antidetect|/blog/gologin-vs-swspybrowser-review|/blog/gologin-vs-yunlark-review|/blog/hidemyacc-browser-alternative-honest-review|/blog/hydraheaders-browser-tool-review|/blog/incogniton-vs-gologin|/blog/indigo-browser-vs-gologin-honest-comparison|/blog/insomniac-browser-review|/blog/kameleo-browser-alternative-review|/blog/lalicat-browser-vs-gologin-honest-review|/blog/lauth-vs-gologin-honest-review|/blog/linken-sphere-browser-alternative-review|/blog/logii-browser-vs-gologin-honest-review|/blog/loginways-vs-gologin-honest-review|/blog/marketerbrowser-vs-gologin-review|/blog/masq-antidetect-vs-gologin-honest-review|/blog/morelogin-browser-alternative|/blog/mulogin-vs-gologin-honest-review|/blog/multibrowser-review|/blog/multilogin-chrome-browser|/blog/multiple-social-media-accounts|/blog/nstbrowser-vs-gologin-honest-review|/blog/octo-browser-gologin|/blog/rebrowser-vs-gologin-honest-review|/blog/roxybrowser-vs-gologin-review|/blog/session-box-vs-gologin|/blog/surfinite-vs-gologin-honest-review|/blog/ultimate-orb-vs-gologin-review|/blog/undetectable-browser-vs-gologin|/blog/vision-browser-review|/blog/vmlogin-browser-alternative-honest-review-2024|/blog/vmmask-anti-detect-browser|/blog/wade-browser-review|/blog/what-is-fingerprint-browser-top-choices|/blog/x-browser-alternative-review-2023|/blog/xlogin-vs-gologin-review|/blog/xpass-browser-alternative,2025-03-28
GoLogin vs. swSpyBrowser – Which One Works Better?,https://gologin.com/blog/gologin-vs-swspybrowser-review/,competitor-comparison,gologin vs swspybrowser which one works,comparison,Gologin vs. swSpyBrowser – Head-to-Head Comparison|Pros/Cons & Trustworthiness|Pricing and Plans|Final Verdict|Supported Platforms & Devices|Registration and Initial Setup|Setting Up Custom Profiles|Prominent Features|Read other posts about Reviews of browsers:,1915,/blog/accovod-vs-gologin|/blog/adspower-browser-vs-gologin|/blog/aezakmi-browser-vs-gologin-honest-review|/blog/antidetect-browser-review|/blog/antikbrowser-vs-gologin-review|/blog/aqum-browser-vs-gologin-honest-review|/blog/best-proxy-browser|/blog/best-virtual-browser|/blog/bitbrowser-review|/blog/camoufox-vs-gologin-honest-review|/blog/che-browser-vs-gologin|/blog/dicloak-online-browser|/blog/dolphin-anty-vs-gologin|/blog/fingerprintswitcher-a-worthwhile-alternative-to-anti-detect-browsers|/blog/geelark-review|/blog/genlogin-browser-alternative-honest-review-2024|/blog/gologin-vs-browserjet-review|/blog/gologin-vs-hidemium-which-one-is-better|/blog/gologin-vs-identory|/blog/gologin-vs-maskfog-review|/blog/gologin-vs-switch-antidetect|/blog/gologin-vs-yunlark-review|/blog/guide-to-geolocation-spoofing|/blog/hidemyacc-browser-alternative-honest-review|/blog/hydraheaders-browser-tool-review|/blog/incogniton-vs-gologin|/blog/indigo-browser-vs-gologin-honest-comparison|/blog/insomniac-browser-review|/blog/kameleo-browser-alternative-review|/blog/lalicat-browser-vs-gologin-honest-review|/blog/lauth-vs-gologin-honest-review|/blog/linken-sphere-browser-alternative-review|/blog/logii-browser-vs-gologin-honest-review|/blog/loginways-vs-gologin-honest-review|/blog/marketerbrowser-vs-gologin-review|/blog/masq-antidetect-vs-gologin-honest-review|/blog/morelogin-browser-alternative|/blog/mulogin-vs-gologin-honest-review|/blog/multibrowser-review|/blog/multilogin-chrome-browser|/blog/nstbrowser-vs-gologin-honest-review|/blog/octo-browser-gologin|/blog/rebrowser-vs-gologin-honest-review|/blog/roxybrowser-vs-gologin-review|/blog/session-box-vs-gologin|/blog/surfinite-vs-gologin-honest-review|/blog/ultimate-orb-vs-gologin-review|/blog/undetectable-browser-vs-gologin|/blog/vision-browser-review|/blog/vmlogin-browser-alternative-honest-review-2024|/blog/vmmask-anti-detect-browser|/blog/wade-browser-review|/blog/what-is-a-user-agent|/blog/what-is-canvas-fingerprinting|/blog/x-browser-alternative-review-2023|/blog/xlogin-vs-gologin-review|/blog/xpass-browser-alternative,2025-03-24
Insomniac Browser Review – Should You Be Using It in 2025?,https://gologin.com/blog/insomniac-browser-review/,general,insomniac browser should you be using,commercial,Insomniac Browser – Ticket Scalping Made Easy|Gologin – The Trusted Multi-Account Management Frontrunner|Conclusion – Is Insomniac Browser Worth It in 2025?|What Is Insomniac Browser?|Who Is Insomniac Browser For?|Pricing|Online Reputation|What Use Cases Does Gologin Cover?|How Much Does It Cost?|Can You Trust Gologin?|Read other posts about Reviews of browsers:,1334,/blog/accovod-vs-gologin|/blog/adspower-browser-vs-gologin|/blog/aezakmi-browser-vs-gologin-honest-review|/blog/antidetect-browser-review|/blog/antikbrowser-vs-gologin-review|/blog/aqum-browser-vs-gologin-honest-review|/blog/best-proxy-browser|/blog/best-virtual-browser|/blog/bitbrowser-review|/blog/camoufox-vs-gologin-honest-review|/blog/che-browser-vs-gologin|/blog/dicloak-online-browser|/blog/dolphin-anty-vs-gologin|/blog/fingerprintswitcher-a-worthwhile-alternative-to-anti-detect-browsers|/blog/geelark-review|/blog/genlogin-browser-alternative-honest-review-2024|/blog/gologin-vs-browserjet-review|/blog/gologin-vs-hidemium-which-one-is-better|/blog/gologin-vs-identory|/blog/gologin-vs-maskfog-review|/blog/gologin-vs-switch-antidetect|/blog/gologin-vs-swspybrowser-review|/blog/gologin-vs-yunlark-review|/blog/hidemyacc-browser-alternative-honest-review|/blog/hydraheaders-browser-tool-review|/blog/incogniton-vs-gologin|/blog/indigo-browser-vs-gologin-honest-comparison|/blog/kameleo-browser-alternative-review|/blog/lalicat-browser-vs-gologin-honest-review|/blog/lauth-vs-gologin-honest-review|/blog/linken-sphere-browser-alternative-review|/blog/logii-browser-vs-gologin-honest-review|/blog/loginways-vs-gologin-honest-review|/blog/marketerbrowser-vs-gologin-review|/blog/masq-antidetect-vs-gologin-honest-review|/blog/morelogin-browser-alternative|/blog/mulogin-vs-gologin-honest-review|/blog/multibrowser-review|/blog/multilogin-chrome-browser|/blog/multiple-social-media-accounts|/blog/nstbrowser-vs-gologin-honest-review|/blog/octo-browser-gologin|/blog/rebrowser-vs-gologin-honest-review|/blog/roxybrowser-vs-gologin-review|/blog/session-box-vs-gologin|/blog/surfinite-vs-gologin-honest-review|/blog/ultimate-orb-vs-gologin-review|/blog/undetectable-browser-vs-gologin|/blog/vision-browser-review|/blog/vmlogin-browser-alternative-honest-review-2024|/blog/vmmask-anti-detect-browser|/blog/wade-browser-review|/blog/x-browser-alternative-review-2023|/blog/xlogin-vs-gologin-review|/blog/xpass-browser-alternative,2025-03-24
Xlogin vs GoLogin: Honest Review 2025,https://gologin.com/blog/xlogin-vs-gologin-review/,competitor-comparison,xlogin vs gologin,comparison,Gologin – The Safe & Effective Anti-Detect Standard|Xlogin Browser vs Gologin – Pricing|Xlogin vs Gologin – The Verdict|First Impressions|Dashboard & Customization|Profile Creation and Fingerprints|Proxies and Profile Viability|Reputation and Customer Support|User Experience & Customization|Collaboration Features|Multi-Platform Support|Anti-Detect Performance and Customer Service|Trials & Free Plans|Paid Plans|Read other posts about Reviews of browsers:,2079,/blog/accovod-vs-gologin|/blog/adspower-browser-vs-gologin|/blog/aezakmi-browser-vs-gologin-honest-review|/blog/antidetect-browser-review|/blog/antikbrowser-vs-gologin-review|/blog/aqum-browser-vs-gologin-honest-review|/blog/best-proxy-browser|/blog/best-virtual-browser|/blog/bitbrowser-review|/blog/buy-facebook-accounts|/blog/camoufox-vs-gologin-honest-review|/blog/che-browser-vs-gologin|/blog/dicloak-online-browser|/blog/dolphin-anty-vs-gologin|/blog/fingerprintswitcher-a-worthwhile-alternative-to-anti-detect-browsers|/blog/geelark-review|/blog/genlogin-browser-alternative-honest-review-2024|/blog/gologin-vs-browserjet-review|/blog/gologin-vs-hidemium-which-one-is-better|/blog/gologin-vs-identory|/blog/gologin-vs-maskfog-review|/blog/gologin-vs-switch-antidetect|/blog/gologin-vs-swspybrowser-review|/blog/gologin-vs-yunlark-review|/blog/hidemyacc-browser-alternative-honest-review|/blog/how-to-pass-iphey|/blog/hydraheaders-browser-tool-review|/blog/incogniton-vs-gologin|/blog/indigo-browser-vs-gologin-honest-comparison|/blog/insomniac-browser-review|/blog/kameleo-browser-alternative-review|/blog/lalicat-browser-vs-gologin-honest-review|/blog/lauth-vs-gologin-honest-review|/blog/linken-sphere-browser-alternative-review|/blog/logii-browser-vs-gologin-honest-review|/blog/loginways-vs-gologin-honest-review|/blog/marketerbrowser-vs-gologin-review|/blog/masq-antidetect-vs-gologin-honest-review|/blog/morelogin-browser-alternative|/blog/mulogin-vs-gologin-honest-review|/blog/multibrowser-review|/blog/multilogin-chrome-browser|/blog/multiple-social-media-accounts|/blog/nstbrowser-vs-gologin-honest-review|/blog/octo-browser-gologin|/blog/rebrowser-vs-gologin-honest-review|/blog/roxybrowser-vs-gologin-review|/blog/session-box-vs-gologin|/blog/surfinite-vs-gologin-honest-review|/blog/ultimate-orb-vs-gologin-review|/blog/undetectable-browser-vs-gologin|/blog/vision-browser-review|/blog/vmlogin-browser-alternative-honest-review-2024|/blog/vmmask-anti-detect-browser|/blog/wade-browser-review|/blog/what-is-a-user-agent|/blog/what-is-canvas-fingerprinting|/blog/x-browser-alternative-review-2023|/blog/xpass-browser-alternative,2025-03-24
Gologin vs. YunLark – Which Anti-Detect Browser Is Better?,https://gologin.com/blog/gologin-vs-yunlark-review/,competitor-comparison,gologin vs yunlark which anti detect,comparison,Gologin vs. YunLark – In-Depth Comparison|Pros/Cons & Trustworthiness|Pricing and Plans|Final Verdict|Supported Platforms & Devices|Registration and Initial Setup|Setting Up Custom Profiles|Prominent Features|Read other posts about Reviews of browsers:,2514,/blog/accovod-vs-gologin|/blog/adspower-browser-vs-gologin|/blog/aezakmi-browser-vs-gologin-honest-review|/blog/anti-fingerprinting-browser|/blog/antidetect-browser-review|/blog/antikbrowser-vs-gologin-review|/blog/aqum-browser-vs-gologin-honest-review|/blog/best-proxy-browser|/blog/best-virtual-browser|/blog/bitbrowser-review|/blog/camoufox-vs-gologin-honest-review|/blog/che-browser-vs-gologin|/blog/dicloak-online-browser|/blog/dolphin-anty-vs-gologin|/blog/fingerprintswitcher-a-worthwhile-alternative-to-anti-detect-browsers|/blog/geelark-review|/blog/genlogin-browser-alternative-honest-review-2024|/blog/gologin-vs-browserjet-review|/blog/gologin-vs-hidemium-which-one-is-better|/blog/gologin-vs-identory|/blog/gologin-vs-maskfog-review|/blog/gologin-vs-switch-antidetect|/blog/gologin-vs-swspybrowser-review|/blog/guide-to-geolocation-spoofing|/blog/hidemyacc-browser-alternative-honest-review|/blog/hydraheaders-browser-tool-review|/blog/incogniton-vs-gologin|/blog/indigo-browser-vs-gologin-honest-comparison|/blog/insomniac-browser-review|/blog/kameleo-browser-alternative-review|/blog/lalicat-browser-vs-gologin-honest-review|/blog/lauth-vs-gologin-honest-review|/blog/linken-sphere-browser-alternative-review|/blog/logii-browser-vs-gologin-honest-review|/blog/loginways-vs-gologin-honest-review|/blog/marketerbrowser-vs-gologin-review|/blog/masq-antidetect-vs-gologin-honest-review|/blog/morelogin-browser-alternative|/blog/mulogin-vs-gologin-honest-review|/blog/multibrowser-review|/blog/multilogin-chrome-browser|/blog/nstbrowser-vs-gologin-honest-review|/blog/octo-browser-gologin|/blog/rebrowser-vs-gologin-honest-review|/blog/roxybrowser-vs-gologin-review|/blog/session-box-vs-gologin|/blog/surfinite-vs-gologin-honest-review|/blog/ultimate-orb-vs-gologin-review|/blog/undetectable-browser-vs-gologin|/blog/vision-browser-review|/blog/vmlogin-browser-alternative-honest-review-2024|/blog/vmmask-anti-detect-browser|/blog/wade-browser-review|/blog/x-browser-alternative-review-2023|/blog/xlogin-vs-gologin-review|/blog/xpass-browser-alternative,2025-03-21
HydraHeaders Browser Tool Review 2026: What Is It Used For?,https://gologin.com/blog/hydraheaders-browser-tool-review/,general,hydraheaders browser tool what is it,informational,Hydraheaders – A Barebones Proxy Switching Assistant|How Effective Is Hydraheaders?|User-Friendly Experience|Collaboration Features|Advanced Fingerprint Masking|Diverse Access Options|The Hidden Cost of a &#8220;Free&#8221; Tool|Free Options & Pricing|Customer Support & Reputation|HydraHeaders Browser Review Recap|Summary comparison table for two browsers:|What Is Hydraheaders?|Conclusion – Is Hydraheaders Worth it in 2026?|Read other posts about Reviews of browsers:,2211,/blog/accovod-vs-gologin|/blog/adspower-browser-vs-gologin|/blog/aezakmi-browser-vs-gologin-honest-review|/blog/antidetect-browser-review|/blog/antikbrowser-vs-gologin-review|/blog/aqum-browser-vs-gologin-honest-review|/blog/best-proxy-browser|/blog/best-virtual-browser|/blog/bitbrowser-review|/blog/camoufox-vs-gologin-honest-review|/blog/che-browser-vs-gologin|/blog/dicloak-online-browser|/blog/dolphin-anty-vs-gologin|/blog/fingerprintswitcher-a-worthwhile-alternative-to-anti-detect-browsers|/blog/geelark-review|/blog/genlogin-browser-alternative-honest-review-2024|/blog/gologin-vs-browserjet-review|/blog/gologin-vs-hidemium-which-one-is-better|/blog/gologin-vs-identory|/blog/gologin-vs-maskfog-review|/blog/gologin-vs-switch-antidetect|/blog/gologin-vs-swspybrowser-review|/blog/gologin-vs-yunlark-review|/blog/hidemyacc-browser-alternative-honest-review|/blog/incogniton-vs-gologin|/blog/indigo-browser-vs-gologin-honest-comparison|/blog/insomniac-browser-review|/blog/kameleo-browser-alternative-review|/blog/lalicat-browser-vs-gologin-honest-review|/blog/lauth-vs-gologin-honest-review|/blog/linken-sphere-browser-alternative-review|/blog/logii-browser-vs-gologin-honest-review|/blog/loginways-vs-gologin-honest-review|/blog/marketerbrowser-vs-gologin-review|/blog/masq-antidetect-vs-gologin-honest-review|/blog/morelogin-browser-alternative|/blog/mulogin-vs-gologin-honest-review|/blog/multibrowser-review|/blog/multilogin-chrome-browser|/blog/nstbrowser-vs-gologin-honest-review|/blog/octo-browser-gologin|/blog/rebrowser-vs-gologin-honest-review|/blog/roxybrowser-vs-gologin-review|/blog/session-box-vs-gologin|/blog/surfinite-vs-gologin-honest-review|/blog/technical-comparison-of-the-top-10-residential-proxy-providers|/blog/ultimate-orb-vs-gologin-review|/blog/undetectable-browser-vs-gologin|/blog/vision-browser-review|/blog/vmlogin-browser-alternative-honest-review-2024|/blog/vmmask-anti-detect-browser|/blog/wade-browser-review|/blog/what-is-an-ip-leak|/blog/x-browser-alternative-review-2023|/blog/xlogin-vs-gologin-review|/blog/xpass-browser-alternative,2025-03-17
Loginways vs Gologin: Honest Review Update 2026,https://gologin.com/blog/loginways-vs-gologin-honest-review/,competitor-comparison,loginways vs gologin update,comparison,How a Large User Base Contributes to Product Evolution|Greater Data Set Supports Continuous Improvement|Specific Advantages of Established Secure Browser|Feature and Product Overview|50 Ft. View: Gologin vs. Loginways|So Which One Is Best for You?|Gologin vs Loginways: Expert Verdict|Pricing Comparison|Use Cases|Secure Browser's Evolution: The Long View|Read other posts about Reviews of browsers:,1701,/blog/accovod-vs-gologin|/blog/adspower-browser-vs-gologin|/blog/aezakmi-browser-vs-gologin-honest-review|/blog/antidetect-browser-review|/blog/antikbrowser-vs-gologin-review|/blog/aqum-browser-vs-gologin-honest-review|/blog/best-proxy-browser|/blog/best-secure-browsers|/blog/best-virtual-browser|/blog/bitbrowser-review|/blog/camoufox-vs-gologin-honest-review|/blog/che-browser-vs-gologin|/blog/dicloak-online-browser|/blog/dolphin-anty-vs-gologin|/blog/fingerprintswitcher-a-worthwhile-alternative-to-anti-detect-browsers|/blog/geelark-review|/blog/genlogin-browser-alternative-honest-review-2024|/blog/gologin-vs-browserjet-review|/blog/gologin-vs-hidemium-which-one-is-better|/blog/gologin-vs-identory|/blog/gologin-vs-maskfog-review|/blog/gologin-vs-switch-antidetect|/blog/gologin-vs-swspybrowser-review|/blog/gologin-vs-yunlark-review|/blog/hidemyacc-browser-alternative-honest-review|/blog/hydraheaders-browser-tool-review|/blog/incogniton-vs-gologin|/blog/indigo-browser-vs-gologin-honest-comparison|/blog/insomniac-browser-review|/blog/kameleo-browser-alternative-review|/blog/lalicat-browser-vs-gologin-honest-review|/blog/lauth-vs-gologin-honest-review|/blog/linken-sphere-browser-alternative-review|/blog/logii-browser-vs-gologin-honest-review|/blog/marketerbrowser-vs-gologin-review|/blog/masq-antidetect-vs-gologin-honest-review|/blog/morelogin-browser-alternative|/blog/mulogin-vs-gologin-honest-review|/blog/multibrowser-review|/blog/multilogin-chrome-browser|/blog/multiple-social-media-accounts|/blog/nstbrowser-vs-gologin-honest-review|/blog/octo-browser-gologin|/blog/rebrowser-vs-gologin-honest-review|/blog/roxybrowser-vs-gologin-review|/blog/session-box-vs-gologin|/blog/surfinite-vs-gologin-honest-review|/blog/ultimate-orb-vs-gologin-review|/blog/undetectable-browser-vs-gologin|/blog/vision-browser-review|/blog/vmlogin-browser-alternative-honest-review-2024|/blog/vmmask-anti-detect-browser|/blog/wade-browser-review|/blog/x-browser-alternative-review-2023|/blog/xlogin-vs-gologin-review|/blog/xpass-browser-alternative,2025-03-17
Nstbrowser vs Gologin: Honest Review Update 2026,https://gologin.com/blog/nstbrowser-vs-gologin-honest-review/,competitor-comparison,nstbrowser vs gologin update,comparison,Nstbrowser - Multi-Accounting on Rails|Gologin – The Trusted Alternative for Teams & Users of All Experience Levels|Nstbrowser vs Gologin – Pricing Comparison|Nstbrowser vs Gologin – Final Thoughts|Homepage & Installation|Profile Creation & Management|Proxy Setup & Fingerprint Masking|Automation Features|Nstbrowser reviews|User Experience|Reputation & Customer Support|Trials & Free Plans|Paid Tiers|Nstbrowser|Gologin|Read other posts about Reviews of browsers:,2563,/blog/accovod-vs-gologin|/blog/adspower-browser-vs-gologin|/blog/aezakmi-browser-vs-gologin-honest-review|/blog/antidetect-browser-review|/blog/antikbrowser-vs-gologin-review|/blog/aqum-browser-vs-gologin-honest-review|/blog/best-proxy-browser|/blog/best-virtual-browser|/blog/bitbrowser-review|/blog/camoufox-vs-gologin-honest-review|/blog/che-browser-vs-gologin|/blog/dicloak-online-browser|/blog/dolphin-anty-vs-gologin|/blog/fingerprintswitcher-a-worthwhile-alternative-to-anti-detect-browsers|/blog/geelark-review|/blog/genlogin-browser-alternative-honest-review-2024|/blog/gologin-vs-browserjet-review|/blog/gologin-vs-hidemium-which-one-is-better|/blog/gologin-vs-identory|/blog/gologin-vs-maskfog-review|/blog/gologin-vs-switch-antidetect|/blog/gologin-vs-swspybrowser-review|/blog/gologin-vs-yunlark-review|/blog/hidemyacc-browser-alternative-honest-review|/blog/how-to-pass-iphey|/blog/how-to-run-multiple-youtube-accounts|/blog/hydraheaders-browser-tool-review|/blog/incogniton-vs-gologin|/blog/indigo-browser-vs-gologin-honest-comparison|/blog/insomniac-browser-review|/blog/kameleo-browser-alternative-review|/blog/lalicat-browser-vs-gologin-honest-review|/blog/lauth-vs-gologin-honest-review|/blog/linken-sphere-browser-alternative-review|/blog/logii-browser-vs-gologin-honest-review|/blog/loginways-vs-gologin-honest-review|/blog/marketerbrowser-vs-gologin-review|/blog/masq-antidetect-vs-gologin-honest-review|/blog/morelogin-browser-alternative|/blog/mulogin-vs-gologin-honest-review|/blog/multibrowser-review|/blog/multilogin-chrome-browser|/blog/octo-browser-gologin|/blog/rebrowser-vs-gologin-honest-review|/blog/roxybrowser-vs-gologin-review|/blog/session-box-vs-gologin|/blog/surfinite-vs-gologin-honest-review|/blog/ultimate-orb-vs-gologin-review|/blog/undetectable-browser-vs-gologin|/blog/vision-browser-review|/blog/vmlogin-browser-alternative-honest-review-2024|/blog/vmmask-anti-detect-browser|/blog/wade-browser-review|/blog/x-browser-alternative-review-2023|/blog/xlogin-vs-gologin-review|/blog/xpass-browser-alternative,2025-03-17
Gologin vs. Maskfog – Review & Comparison Update 2026,https://gologin.com/blog/gologin-vs-maskfog-review/,competitor-comparison,gologin vs maskfog comparison update,comparison,Gologin vs. Maskfog – Which One Should You Pick?|Pros/Cons & Trustworthiness|Pricing and Plans|Final Verdict|Supported Platforms & Devices|Registration and Initial Setup|Setting Up Custom Profiles|Prominent Features|Read other posts about Reviews of browsers:,2682,/blog/accovod-vs-gologin|/blog/adspower-browser-vs-gologin|/blog/aezakmi-browser-vs-gologin-honest-review|/blog/antidetect-browser-review|/blog/antikbrowser-vs-gologin-review|/blog/aqum-browser-vs-gologin-honest-review|/blog/best-proxy-browser|/blog/best-virtual-browser|/blog/bitbrowser-review|/blog/camoufox-vs-gologin-honest-review|/blog/che-browser-vs-gologin|/blog/dicloak-online-browser|/blog/dolphin-anty-vs-gologin|/blog/fingerprintswitcher-a-worthwhile-alternative-to-anti-detect-browsers|/blog/geelark-review|/blog/genlogin-browser-alternative-honest-review-2024|/blog/gologin-vs-browserjet-review|/blog/gologin-vs-hidemium-which-one-is-better|/blog/gologin-vs-identory|/blog/gologin-vs-switch-antidetect|/blog/gologin-vs-swspybrowser-review|/blog/gologin-vs-yunlark-review|/blog/hidemyacc-browser-alternative-honest-review|/blog/hydraheaders-browser-tool-review|/blog/incogniton-vs-gologin|/blog/indigo-browser-vs-gologin-honest-comparison|/blog/insomniac-browser-review|/blog/kameleo-browser-alternative-review|/blog/lalicat-browser-vs-gologin-honest-review|/blog/lauth-vs-gologin-honest-review|/blog/linken-sphere-browser-alternative-review|/blog/logii-browser-vs-gologin-honest-review|/blog/loginways-vs-gologin-honest-review|/blog/marketerbrowser-vs-gologin-review|/blog/masq-antidetect-vs-gologin-honest-review|/blog/morelogin-browser-alternative|/blog/mulogin-vs-gologin-honest-review|/blog/multibrowser-review|/blog/multilogin-chrome-browser|/blog/nstbrowser-vs-gologin-honest-review|/blog/octo-browser-gologin|/blog/rebrowser-vs-gologin-honest-review|/blog/roxybrowser-vs-gologin-review|/blog/session-box-vs-gologin|/blog/surfinite-vs-gologin-honest-review|/blog/ultimate-orb-vs-gologin-review|/blog/undetectable-browser-vs-gologin|/blog/vision-browser-review|/blog/vmlogin-browser-alternative-honest-review-2024|/blog/vmmask-anti-detect-browser|/blog/wade-browser-review|/blog/x-browser-alternative-review-2023|/blog/xlogin-vs-gologin-review|/blog/xpass-browser-alternative,2025-03-14
Ultimate Orb vs. Gologin: Antidetect Browser Comparison,https://gologin.com/blog/ultimate-orb-vs-gologin-review/,competitor-comparison,orb vs gologin antidetect browser comparison,comparison,Ultimate Orb Review|Gologin: A Strong Alternative to Ultimate Orb|Pricing and Plans|Recap & Author’s Verdict|Key Features Making Ultimate Orb Stand Out|Pros & Cons|Common Use Cases for Ultimate Orb|Key Features Making Gologin Stand Out|Gologin Key features:|Pros&Cons of Gologin|Common Use Cases for Gologin|Gologin Pricing|Read other posts about Reviews of browsers:,1989,/blog/accovod-vs-gologin|/blog/adspower-browser-vs-gologin|/blog/aezakmi-browser-vs-gologin-honest-review|/blog/antidetect-browser-review|/blog/antikbrowser-vs-gologin-review|/blog/aqum-browser-vs-gologin-honest-review|/blog/best-proxy-browser|/blog/best-virtual-browser|/blog/bitbrowser-review|/blog/browser-session-management|/blog/camoufox-vs-gologin-honest-review|/blog/che-browser-vs-gologin|/blog/dicloak-online-browser|/blog/dolphin-anty-vs-gologin|/blog/fingerprintswitcher-a-worthwhile-alternative-to-anti-detect-browsers|/blog/geelark-review|/blog/genlogin-browser-alternative-honest-review-2024|/blog/gologin-vs-browserjet-review|/blog/gologin-vs-hidemium-which-one-is-better|/blog/gologin-vs-identory|/blog/gologin-vs-maskfog-review|/blog/gologin-vs-switch-antidetect|/blog/gologin-vs-swspybrowser-review|/blog/gologin-vs-yunlark-review|/blog/hidemyacc-browser-alternative-honest-review|/blog/hydraheaders-browser-tool-review|/blog/incogniton-vs-gologin|/blog/indigo-browser-vs-gologin-honest-comparison|/blog/insomniac-browser-review|/blog/kameleo-browser-alternative-review|/blog/lalicat-browser-vs-gologin-honest-review|/blog/lauth-vs-gologin-honest-review|/blog/linken-sphere-browser-alternative-review|/blog/logii-browser-vs-gologin-honest-review|/blog/loginways-vs-gologin-honest-review|/blog/marketerbrowser-vs-gologin-review|/blog/masq-antidetect-vs-gologin-honest-review|/blog/morelogin-browser-alternative|/blog/mulogin-vs-gologin-honest-review|/blog/multibrowser-review|/blog/multilogin-chrome-browser|/blog/multiple-social-media-accounts|/blog/nstbrowser-vs-gologin-honest-review|/blog/octo-browser-gologin|/blog/rebrowser-vs-gologin-honest-review|/blog/roxybrowser-vs-gologin-review|/blog/session-box-vs-gologin|/blog/surfinite-vs-gologin-honest-review|/blog/undetectable-browser-vs-gologin|/blog/vision-browser-review|/blog/vmlogin-browser-alternative-honest-review-2024|/blog/vmmask-anti-detect-browser|/blog/wade-browser-review|/blog/what-is-fingerprint-browser-top-choices|/blog/x-browser-alternative-review-2023|/blog/xlogin-vs-gologin-review|/blog/xpass-browser-alternative,2025-03-12
VMLogin Alternative For Multi-Accounting: Honest Review 2026,https://gologin.com/blog/vmlogin-browser-alternative-honest-review-2024/,competitor-comparison,vmlogin alternative for multi accounting,comparison,VMLogin: Features And Usage Nuances|Gologin As The Best Alternative To VMLogin|VMLogin vs Gologin – Pricing|VMLogin vs Gologin: Recap|VMLogin: Registering And Onboarding|First Launch And Comfort Of Use|Fingerprints And Checkers|Teamwork|Use Cases and Reviews|Customer Support at VMLogin|VMLogin Updates|Registering And Onboarding|Features And Comfort Of Use|Common Use Cases|Support Quality|Updates frequency|Gologin Paid Plans|Read other posts about Reviews of browsers:,2934,/blog/accovod-vs-gologin|/blog/adspower-browser-vs-gologin|/blog/aezakmi-browser-vs-gologin-honest-review|/blog/antidetect-browser-review|/blog/antikbrowser-vs-gologin-review|/blog/aqum-browser-vs-gologin-honest-review|/blog/best-proxy-browser|/blog/best-virtual-browser|/blog/bitbrowser-review|/blog/buy-amazon-seller-accounts|/blog/camoufox-vs-gologin-honest-review|/blog/che-browser-vs-gologin|/blog/dicloak-online-browser|/blog/dolphin-anty-vs-gologin|/blog/fingerprintswitcher-a-worthwhile-alternative-to-anti-detect-browsers|/blog/geelark-review|/blog/genlogin-browser-alternative-honest-review-2024|/blog/gologin-vs-browserjet-review|/blog/gologin-vs-hidemium-which-one-is-better|/blog/gologin-vs-identory|/blog/gologin-vs-maskfog-review|/blog/gologin-vs-switch-antidetect|/blog/gologin-vs-swspybrowser-review|/blog/gologin-vs-yunlark-review|/blog/hidemyacc-browser-alternative-honest-review|/blog/hydraheaders-browser-tool-review|/blog/incogniton-vs-gologin|/blog/indigo-browser-vs-gologin-honest-comparison|/blog/insomniac-browser-review|/blog/kameleo-browser-alternative-review|/blog/lalicat-browser-vs-gologin-honest-review|/blog/lauth-vs-gologin-honest-review|/blog/linken-sphere-browser-alternative-review|/blog/logii-browser-vs-gologin-honest-review|/blog/loginways-vs-gologin-honest-review|/blog/marketerbrowser-vs-gologin-review|/blog/masq-antidetect-vs-gologin-honest-review|/blog/morelogin-browser-alternative|/blog/mulogin-vs-gologin-honest-review|/blog/multibrowser-review|/blog/multilogin-chrome-browser|/blog/multiple-tiktok-accounts|/blog/nstbrowser-vs-gologin-honest-review|/blog/octo-browser-gologin|/blog/rebrowser-vs-gologin-honest-review|/blog/roxybrowser-vs-gologin-review|/blog/session-box-vs-gologin|/blog/surfinite-vs-gologin-honest-review|/blog/ultimate-orb-vs-gologin-review|/blog/undetectable-browser-vs-gologin|/blog/vision-browser-review|/blog/vmmask-anti-detect-browser|/blog/wade-browser-review|/blog/what-is-a-user-agent|/blog/x-browser-alternative-review-2023|/blog/xlogin-vs-gologin-review|/blog/xpass-browser-alternative,2025-03-12
AntikBrowser vs GoLogin – Review & Comparison 2025,https://gologin.com/blog/antikbrowser-vs-gologin-review/,competitor-comparison,antikbrowser vs gologin comparison,comparison,AntikBrowser Overview|Gologin as an Alternative to AntikBrowser|Pricing and Plans|Authors Verdict|Key Features|Pros and Cons|Common Use Cases|AntikBrowser Pricing|Gologin Pricing|Read other posts about Reviews of browsers:,1664,/blog/accovod-vs-gologin|/blog/adspower-browser-vs-gologin|/blog/aezakmi-browser-vs-gologin-honest-review|/blog/antidetect-browser-review|/blog/aqum-browser-vs-gologin-honest-review|/blog/best-proxy-browser|/blog/best-virtual-browser|/blog/bitbrowser-review|/blog/camoufox-vs-gologin-honest-review|/blog/che-browser-vs-gologin|/blog/dicloak-online-browser|/blog/dolphin-anty-vs-gologin|/blog/fingerprintswitcher-a-worthwhile-alternative-to-anti-detect-browsers|/blog/geelark-review|/blog/genlogin-browser-alternative-honest-review-2024|/blog/gologin-vs-browserjet-review|/blog/gologin-vs-hidemium-which-one-is-better|/blog/gologin-vs-identory|/blog/gologin-vs-maskfog-review|/blog/gologin-vs-switch-antidetect|/blog/gologin-vs-swspybrowser-review|/blog/gologin-vs-yunlark-review|/blog/hidemyacc-browser-alternative-honest-review|/blog/hydraheaders-browser-tool-review|/blog/incogniton-vs-gologin|/blog/indigo-browser-vs-gologin-honest-comparison|/blog/insomniac-browser-review|/blog/kameleo-browser-alternative-review|/blog/lalicat-browser-vs-gologin-honest-review|/blog/lauth-vs-gologin-honest-review|/blog/linken-sphere-browser-alternative-review|/blog/logii-browser-vs-gologin-honest-review|/blog/loginways-vs-gologin-honest-review|/blog/marketerbrowser-vs-gologin-review|/blog/masq-antidetect-vs-gologin-honest-review|/blog/morelogin-browser-alternative|/blog/mulogin-vs-gologin-honest-review|/blog/multibrowser-review|/blog/multilogin-chrome-browser|/blog/multiple-social-media-accounts|/blog/nstbrowser-vs-gologin-honest-review|/blog/octo-browser-gologin|/blog/rebrowser-vs-gologin-honest-review|/blog/roxybrowser-vs-gologin-review|/blog/session-box-vs-gologin|/blog/surfinite-vs-gologin-honest-review|/blog/ultimate-orb-vs-gologin-review|/blog/undetectable-browser-vs-gologin|/blog/vision-browser-review|/blog/vmlogin-browser-alternative-honest-review-2024|/blog/vmmask-anti-detect-browser|/blog/wade-browser-review|/blog/x-browser-alternative-review-2023|/blog/xlogin-vs-gologin-review|/blog/xpass-browser-alternative,2025-03-11
Gologin vs. Identory: Review & Comparison Update 2026,https://gologin.com/blog/gologin-vs-identory/,competitor-comparison,gologin vs identory comparison update,comparison,Comparing Two Software Options: Gologin vs. Identory|101: What Is Browser Fingerprinting?|Trust Through Transparency: Gologin's Review Presence Outshines Identory|Pricing & Plans: Gologin vs. Identory|Final Verdict: Which One Should You Choose?|How Browser Fingerprinting Works|Gologin Vs. Identory Feature Comparison|Gologin's SaaS Model vs. Identory's Local Software Approach|Gologin: Subscription-Based Flexibility|Final Thoughts|Read other posts about Reviews of browsers:,1608,/blog/accovod-vs-gologin|/blog/adspower-browser-vs-gologin|/blog/aezakmi-browser-vs-gologin-honest-review|/blog/antidetect-browser-review|/blog/antikbrowser-vs-gologin-review|/blog/aqum-browser-vs-gologin-honest-review|/blog/best-proxy-browser|/blog/best-virtual-browser|/blog/bitbrowser-review|/blog/camoufox-vs-gologin-honest-review|/blog/che-browser-vs-gologin|/blog/dicloak-online-browser|/blog/dolphin-anty-vs-gologin|/blog/fingerprintswitcher-a-worthwhile-alternative-to-anti-detect-browsers|/blog/geelark-review|/blog/genlogin-browser-alternative-honest-review-2024|/blog/gologin-vs-browserjet-review|/blog/gologin-vs-hidemium-which-one-is-better|/blog/gologin-vs-maskfog-review|/blog/gologin-vs-switch-antidetect|/blog/gologin-vs-swspybrowser-review|/blog/gologin-vs-yunlark-review|/blog/hidemyacc-browser-alternative-honest-review|/blog/hydraheaders-browser-tool-review|/blog/incogniton-vs-gologin|/blog/indigo-browser-vs-gologin-honest-comparison|/blog/insomniac-browser-review|/blog/kameleo-browser-alternative-review|/blog/lalicat-browser-vs-gologin-honest-review|/blog/lauth-vs-gologin-honest-review|/blog/linken-sphere-browser-alternative-review|/blog/logii-browser-vs-gologin-honest-review|/blog/loginways-vs-gologin-honest-review|/blog/marketerbrowser-vs-gologin-review|/blog/masq-antidetect-vs-gologin-honest-review|/blog/morelogin-browser-alternative|/blog/mulogin-vs-gologin-honest-review|/blog/multibrowser-review|/blog/multilogin-chrome-browser|/blog/multiple-accounts-on-facebook|/blog/multiple-ebay-accounts|/blog/nstbrowser-vs-gologin-honest-review|/blog/octo-browser-gologin|/blog/rebrowser-vs-gologin-honest-review|/blog/roxybrowser-vs-gologin-review|/blog/session-box-vs-gologin|/blog/surfinite-vs-gologin-honest-review|/blog/ultimate-orb-vs-gologin-review|/blog/undetectable-browser-vs-gologin|/blog/vision-browser-review|/blog/vmlogin-browser-alternative-honest-review-2024|/blog/vmmask-anti-detect-browser|/blog/wade-browser-review|/blog/what-is-browser-fingerprinting|/blog/x-browser-alternative-review-2023|/blog/xlogin-vs-gologin-review|/blog/xpass-browser-alternative,2025-03-11
Gologin vs. Switch Antidetect – Which One Should You Trust?,https://gologin.com/blog/gologin-vs-switch-antidetect/,competitor-comparison,gologin vs switch antidetect which one,comparison,Gologin vs. Switch Antidetect – The Ultimate Comparison|Pros/Cons & Trustworthiness|Pricing and Plans|Final Verdict|Supported Platforms & Devices|Registration and Initial Setup|Setting Up Custom Profiles|Prominent Features|Read other posts about Reviews of browsers:,2094,/blog/accovod-vs-gologin|/blog/adspower-browser-vs-gologin|/blog/aezakmi-browser-vs-gologin-honest-review|/blog/anti-fingerprinting-browser|/blog/antidetect-browser-review|/blog/antikbrowser-vs-gologin-review|/blog/aqum-browser-vs-gologin-honest-review|/blog/best-proxy-browser|/blog/best-virtual-browser|/blog/bitbrowser-review|/blog/camoufox-vs-gologin-honest-review|/blog/che-browser-vs-gologin|/blog/dicloak-online-browser|/blog/dolphin-anty-vs-gologin|/blog/fingerprintswitcher-a-worthwhile-alternative-to-anti-detect-browsers|/blog/geelark-review|/blog/genlogin-browser-alternative-honest-review-2024|/blog/gologin-vs-browserjet-review|/blog/gologin-vs-hidemium-which-one-is-better|/blog/gologin-vs-identory|/blog/gologin-vs-maskfog-review|/blog/gologin-vs-swspybrowser-review|/blog/gologin-vs-yunlark-review|/blog/hidemyacc-browser-alternative-honest-review|/blog/hydraheaders-browser-tool-review|/blog/incogniton-vs-gologin|/blog/indigo-browser-vs-gologin-honest-comparison|/blog/insomniac-browser-review|/blog/kameleo-browser-alternative-review|/blog/lalicat-browser-vs-gologin-honest-review|/blog/lauth-vs-gologin-honest-review|/blog/linken-sphere-browser-alternative-review|/blog/logii-browser-vs-gologin-honest-review|/blog/loginways-vs-gologin-honest-review|/blog/marketerbrowser-vs-gologin-review|/blog/masq-antidetect-vs-gologin-honest-review|/blog/morelogin-browser-alternative|/blog/mulogin-vs-gologin-honest-review|/blog/multibrowser-review|/blog/multilogin-chrome-browser|/blog/nstbrowser-vs-gologin-honest-review|/blog/octo-browser-gologin|/blog/rebrowser-vs-gologin-honest-review|/blog/roxybrowser-vs-gologin-review|/blog/session-box-vs-gologin|/blog/surfinite-vs-gologin-honest-review|/blog/ultimate-orb-vs-gologin-review|/blog/undetectable-browser-vs-gologin|/blog/vision-browser-review|/blog/vmlogin-browser-alternative-honest-review-2024|/blog/vmmask-anti-detect-browser|/blog/wade-browser-review|/blog/what-is-a-user-agent|/blog/x-browser-alternative-review-2023|/blog/xlogin-vs-gologin-review|/blog/xpass-browser-alternative,2025-03-11
Camoufox vs GoLogin: Honest Review 2025,https://gologin.com/blog/camoufox-vs-gologin-honest-review/,competitor-comparison,camoufox vs gologin,comparison,Gologin vs. Camoufox – Head-to-Head Comparison|Pros/Cons & Trustworthiness|Pricing and Plans|Final Verdict|Supported Platforms & Devices|Registration and Initial Setup|Setting Up Custom Profiles|Prominent Features|Read other posts about Reviews of browsers:,1925,/blog/accovod-vs-gologin|/blog/adspower-browser-vs-gologin|/blog/aezakmi-browser-vs-gologin-honest-review|/blog/anti-fingerprinting-browser|/blog/antidetect-browser-review|/blog/antikbrowser-vs-gologin-review|/blog/aqum-browser-vs-gologin-honest-review|/blog/best-proxy-browser|/blog/best-virtual-browser|/blog/bitbrowser-review|/blog/che-browser-vs-gologin|/blog/device-fingerprinting-in-web-scraping|/blog/dicloak-online-browser|/blog/dolphin-anty-vs-gologin|/blog/fingerprintswitcher-a-worthwhile-alternative-to-anti-detect-browsers|/blog/geelark-review|/blog/genlogin-browser-alternative-honest-review-2024|/blog/gologin-vs-browserjet-review|/blog/gologin-vs-hidemium-which-one-is-better|/blog/gologin-vs-identory|/blog/gologin-vs-maskfog-review|/blog/gologin-vs-switch-antidetect|/blog/gologin-vs-swspybrowser-review|/blog/gologin-vs-yunlark-review|/blog/guide-to-geolocation-spoofing|/blog/hidemyacc-browser-alternative-honest-review|/blog/hydraheaders-browser-tool-review|/blog/incogniton-vs-gologin|/blog/indigo-browser-vs-gologin-honest-comparison|/blog/insomniac-browser-review|/blog/kameleo-browser-alternative-review|/blog/lalicat-browser-vs-gologin-honest-review|/blog/lauth-vs-gologin-honest-review|/blog/linken-sphere-browser-alternative-review|/blog/logii-browser-vs-gologin-honest-review|/blog/loginways-vs-gologin-honest-review|/blog/marketerbrowser-vs-gologin-review|/blog/masq-antidetect-vs-gologin-honest-review|/blog/morelogin-browser-alternative|/blog/mulogin-vs-gologin-honest-review|/blog/multibrowser-review|/blog/multilogin-chrome-browser|/blog/nstbrowser-vs-gologin-honest-review|/blog/octo-browser-gologin|/blog/rebrowser-vs-gologin-honest-review|/blog/roxybrowser-vs-gologin-review|/blog/session-box-vs-gologin|/blog/surfinite-vs-gologin-honest-review|/blog/ultimate-orb-vs-gologin-review|/blog/undetectable-browser-vs-gologin|/blog/vision-browser-review|/blog/vmlogin-browser-alternative-honest-review-2024|/blog/vmmask-anti-detect-browser|/blog/wade-browser-review|/blog/what-is-browser-fingerprinting|/blog/x-browser-alternative-review-2023|/blog/xlogin-vs-gologin-review|/blog/xpass-browser-alternative,2025-03-10
DICloak Online Browser - 2025 Review,https://gologin.com/blog/dicloak-online-browser/,general,dicloak online browser,commercial,"Key features|Pros & Cons Of DICloak|Common Use Cases, based on online mentions and website|Pricing and Plans|Is the DICloak Browser Worth Downloading?|Recap & Author Verdict on Review|Gologin vs DICloak: Comparison Table|Multi-account and profile management|Cloud infrastructure|Invisible browser fingerprint|Support for different platforms|Pros|Cons|Read other posts about Reviews of browsers:",1809,/blog/accovod-vs-gologin|/blog/adspower-browser-vs-gologin|/blog/aezakmi-browser-vs-gologin-honest-review|/blog/antidetect-browser-review|/blog/antikbrowser-vs-gologin-review|/blog/aqum-browser-vs-gologin-honest-review|/blog/best-proxy-browser|/blog/best-virtual-browser|/blog/bitbrowser-review|/blog/camoufox-vs-gologin-honest-review|/blog/che-browser-vs-gologin|/blog/dolphin-anty-vs-gologin|/blog/fingerprintswitcher-a-worthwhile-alternative-to-anti-detect-browsers|/blog/geelark-review|/blog/genlogin-browser-alternative-honest-review-2024|/blog/gologin-vs-browserjet-review|/blog/gologin-vs-hidemium-which-one-is-better|/blog/gologin-vs-identory|/blog/gologin-vs-maskfog-review|/blog/gologin-vs-switch-antidetect|/blog/gologin-vs-swspybrowser-review|/blog/gologin-vs-yunlark-review|/blog/hidemyacc-browser-alternative-honest-review|/blog/hydraheaders-browser-tool-review|/blog/incogniton-vs-gologin|/blog/indigo-browser-vs-gologin-honest-comparison|/blog/insomniac-browser-review|/blog/kameleo-browser-alternative-review|/blog/lalicat-browser-vs-gologin-honest-review|/blog/lauth-vs-gologin-honest-review|/blog/linken-sphere-browser-alternative-review|/blog/logii-browser-vs-gologin-honest-review|/blog/loginways-vs-gologin-honest-review|/blog/marketerbrowser-vs-gologin-review|/blog/masq-antidetect-vs-gologin-honest-review|/blog/morelogin-browser-alternative|/blog/mulogin-vs-gologin-honest-review|/blog/multibrowser-review|/blog/multilogin-chrome-browser|/blog/multiple-social-media-accounts|/blog/nstbrowser-vs-gologin-honest-review|/blog/octo-browser-gologin|/blog/rebrowser-vs-gologin-honest-review|/blog/roxybrowser-vs-gologin-review|/blog/session-box-vs-gologin|/blog/surfinite-vs-gologin-honest-review|/blog/ultimate-orb-vs-gologin-review|/blog/undetectable-browser-vs-gologin|/blog/vision-browser-review|/blog/vmlogin-browser-alternative-honest-review-2024|/blog/vmmask-anti-detect-browser|/blog/wade-browser-review|/blog/what-is-canvas-fingerprinting|/blog/x-browser-alternative-review-2023|/blog/xlogin-vs-gologin-review|/blog/xpass-browser-alternative,2025-03-08
VMMask Anti-Detect Browser: Honest Opinion in 2026,https://gologin.com/blog/vmmask-anti-detect-browser/,antidetect-browsers,vmmask anti detect browser opinion in,informational,Features of VMMask|Gologin as a Perfect Alternative to VMMask in 2026|Pricing Plans at Gologin and VMMask|Gologin vs. VMMask: Final Verdict|Starting with VMMask and Overall Usage Experience|Updates of VMMask|Common Use Cases|Security Measures|Customer Support for Users|Registration and Interface|Comfort for Different User Types|Fingerprint Protection and Security Tools|Gologin Updates|Customer Support|Free Options|Pain Plans at VMMask|Pricing Plans at Gologin|Read other posts about Reviews of browsers:,1844,/blog/accovod-vs-gologin|/blog/adspower-browser-vs-gologin|/blog/aezakmi-browser-vs-gologin-honest-review|/blog/antidetect-browser-review|/blog/antikbrowser-vs-gologin-review|/blog/aqum-browser-vs-gologin-honest-review|/blog/best-proxy-browser|/blog/best-virtual-browser|/blog/bitbrowser-review|/blog/buy-reddit-accounts|/blog/camoufox-vs-gologin-honest-review|/blog/che-browser-vs-gologin|/blog/dicloak-online-browser|/blog/dolphin-anty-vs-gologin|/blog/fingerprintswitcher-a-worthwhile-alternative-to-anti-detect-browsers|/blog/geelark-review|/blog/genlogin-browser-alternative-honest-review-2024|/blog/gologin-vs-browserjet-review|/blog/gologin-vs-hidemium-which-one-is-better|/blog/gologin-vs-identory|/blog/gologin-vs-maskfog-review|/blog/gologin-vs-switch-antidetect|/blog/gologin-vs-swspybrowser-review|/blog/gologin-vs-yunlark-review|/blog/hidemyacc-browser-alternative-honest-review|/blog/how-to-run-multiple-youtube-accounts|/blog/hydraheaders-browser-tool-review|/blog/incogniton-vs-gologin|/blog/indigo-browser-vs-gologin-honest-comparison|/blog/insomniac-browser-review|/blog/kameleo-browser-alternative-review|/blog/lalicat-browser-vs-gologin-honest-review|/blog/lauth-vs-gologin-honest-review|/blog/linken-sphere-browser-alternative-review|/blog/logii-browser-vs-gologin-honest-review|/blog/loginways-vs-gologin-honest-review|/blog/marketerbrowser-vs-gologin-review|/blog/masq-antidetect-vs-gologin-honest-review|/blog/morelogin-browser-alternative|/blog/mulogin-vs-gologin-honest-review|/blog/multibrowser-review|/blog/multilogin-chrome-browser|/blog/multiple-ebay-accounts|/blog/multiple-tiktok-accounts|/blog/nstbrowser-vs-gologin-honest-review|/blog/octo-browser-gologin|/blog/rebrowser-vs-gologin-honest-review|/blog/roxybrowser-vs-gologin-review|/blog/session-box-vs-gologin|/blog/surfinite-vs-gologin-honest-review|/blog/ultimate-orb-vs-gologin-review|/blog/undetectable-browser-vs-gologin|/blog/vision-browser-review|/blog/vmlogin-browser-alternative-honest-review-2024|/blog/wade-browser-review|/blog/what-is-a-webrtc-leak|/blog/x-browser-alternative-review-2023|/blog/xlogin-vs-gologin-review|/blog/xpass-browser-alternative,2025-03-08
Hidemyacc Browser Alternative: Honest 2025 Review,https://gologin.com/blog/hidemyacc-browser-alternative-honest-review/,competitor-comparison,hidemyacc browser alternative,comparison,"Hidemyacc: First Impressions, Download & Install|Gologin : The Good Quality Hidemyacc Browser Alternative|Hidemyacc Browser vs Gologin: Counting Costs|Hidemyacc Browser: Review Recap|Registering & App Interface|Creating New Profiles & Proxy Management|Launching Profiles & Mass Actions|Team Options|OS Support & Updates|Passing Fingerprint Checkers|Reviews & Reputation|Features & Comfort Of Use|Mobile App & Web Version|Support Quality|Updates & Fingerprint Checkers|Read other posts about Reviews of browsers:",3204,/blog/accovod-vs-gologin|/blog/adspower-browser-vs-gologin|/blog/aezakmi-browser-vs-gologin-honest-review|/blog/anti-fingerprinting-browser|/blog/antidetect-browser-review|/blog/antikbrowser-vs-gologin-review|/blog/aqum-browser-vs-gologin-honest-review|/blog/best-proxy-browser|/blog/best-virtual-browser|/blog/bitbrowser-review|/blog/browser-session-management|/blog/camoufox-vs-gologin-honest-review|/blog/che-browser-vs-gologin|/blog/dicloak-online-browser|/blog/dolphin-anty-vs-gologin|/blog/fingerprintswitcher-a-worthwhile-alternative-to-anti-detect-browsers|/blog/geelark-review|/blog/genlogin-browser-alternative-honest-review-2024|/blog/gologin-vs-browserjet-review|/blog/gologin-vs-hidemium-which-one-is-better|/blog/gologin-vs-identory|/blog/gologin-vs-maskfog-review|/blog/gologin-vs-switch-antidetect|/blog/gologin-vs-swspybrowser-review|/blog/gologin-vs-yunlark-review|/blog/how-to-pass-pixelscan|/blog/hydraheaders-browser-tool-review|/blog/incogniton-vs-gologin|/blog/indigo-browser-vs-gologin-honest-comparison|/blog/insomniac-browser-review|/blog/kameleo-browser-alternative-review|/blog/lalicat-browser-vs-gologin-honest-review|/blog/lauth-vs-gologin-honest-review|/blog/linken-sphere-browser-alternative-review|/blog/logii-browser-vs-gologin-honest-review|/blog/loginways-vs-gologin-honest-review|/blog/marketerbrowser-vs-gologin-review|/blog/masq-antidetect-vs-gologin-honest-review|/blog/morelogin-browser-alternative|/blog/mulogin-vs-gologin-honest-review|/blog/multibrowser-review|/blog/multilogin-chrome-browser|/blog/multiple-social-media-accounts|/blog/nstbrowser-vs-gologin-honest-review|/blog/octo-browser-gologin|/blog/rebrowser-vs-gologin-honest-review|/blog/roxybrowser-vs-gologin-review|/blog/session-box-vs-gologin|/blog/surfinite-vs-gologin-honest-review|/blog/ultimate-orb-vs-gologin-review|/blog/undetectable-browser-vs-gologin|/blog/vision-browser-review|/blog/vmlogin-browser-alternative-honest-review-2024|/blog/vmmask-anti-detect-browser|/blog/wade-browser-review|/blog/x-browser-alternative-review-2023|/blog/xlogin-vs-gologin-review|/blog/xpass-browser-alternative,2025-03-07
Rebrowser vs GoLogin: Honest Review 2025,https://gologin.com/blog/rebrowser-vs-gologin-honest-review/,competitor-comparison,rebrowser vs gologin,comparison,Rebrowser: 2025 Features|What is Rebrowser?|Gologin: 2025 Features|Rebrowser vs Gologin: Review Recap|Features of Rebrowser|Pros and Cons of Rebrowser|Use Cases|Pricing and Plans|Features of Gologin|Team Collaboration and Account Sharing|Pros and Cons of Gologin|Read other posts about Reviews of browsers:,1882,/blog/15-best-scraping-browsers-tools|/blog/accovod-vs-gologin|/blog/adspower-browser-vs-gologin|/blog/aezakmi-browser-vs-gologin-honest-review|/blog/antidetect-browser-review|/blog/antikbrowser-vs-gologin-review|/blog/aqum-browser-vs-gologin-honest-review|/blog/best-proxy-browser|/blog/best-virtual-browser|/blog/bitbrowser-review|/blog/camoufox-vs-gologin-honest-review|/blog/che-browser-vs-gologin|/blog/dicloak-online-browser|/blog/dolphin-anty-vs-gologin|/blog/fingerprintswitcher-a-worthwhile-alternative-to-anti-detect-browsers|/blog/geelark-review|/blog/genlogin-browser-alternative-honest-review-2024|/blog/gologin-vs-browserjet-review|/blog/gologin-vs-hidemium-which-one-is-better|/blog/gologin-vs-identory|/blog/gologin-vs-maskfog-review|/blog/gologin-vs-switch-antidetect|/blog/gologin-vs-swspybrowser-review|/blog/gologin-vs-yunlark-review|/blog/hidemyacc-browser-alternative-honest-review|/blog/hydraheaders-browser-tool-review|/blog/incogniton-vs-gologin|/blog/indigo-browser-vs-gologin-honest-comparison|/blog/insomniac-browser-review|/blog/kameleo-browser-alternative-review|/blog/lalicat-browser-vs-gologin-honest-review|/blog/lauth-vs-gologin-honest-review|/blog/linken-sphere-browser-alternative-review|/blog/logii-browser-vs-gologin-honest-review|/blog/loginways-vs-gologin-honest-review|/blog/marketerbrowser-vs-gologin-review|/blog/masq-antidetect-vs-gologin-honest-review|/blog/morelogin-browser-alternative|/blog/mulogin-vs-gologin-honest-review|/blog/multibrowser-review|/blog/multilogin-chrome-browser|/blog/multiple-social-media-accounts|/blog/nstbrowser-vs-gologin-honest-review|/blog/octo-browser-gologin|/blog/roxybrowser-vs-gologin-review|/blog/session-box-vs-gologin|/blog/surfinite-vs-gologin-honest-review|/blog/ultimate-orb-vs-gologin-review|/blog/undetectable-browser-vs-gologin|/blog/vision-browser-review|/blog/vmlogin-browser-alternative-honest-review-2024|/blog/vmmask-anti-detect-browser|/blog/wade-browser-review|/blog/what-is-fingerprint-browser-top-choices|/blog/x-browser-alternative-review-2023|/blog/xlogin-vs-gologin-review|/blog/xpass-browser-alternative,2025-03-07
Session Box Extension for Chrome: 2026 Update Review | SessionBox alternative,https://gologin.com/blog/session-box-vs-gologin/,competitor-comparison,session box extension for chrome update,comparison,"SessionBox: First Impressions|Session Box Legacy Extension|New Session Box One Extension|Session Box One Workstation Browser|Session Box Browser Compatibility and Passing Checkers|Gologin as great SessionBox alternative|Session Box vs Gologin - Pricing|Session Box vs Gologin: Summary|FAQ|Can I use Sessionbox Firefox or Sessionbox Edge for multiple login?|Can I use Sessionbox Opera for multiple accounts?|Is Session Box safe?|Mobile Devices, Teamwork and Quick Recap|Features and Comfort of Use|Teamwork|Mobile app and web version|Support and Updates|Top tier plans|Read other posts about Reviews of browsers:",3558,/blog/accovod-vs-gologin|/blog/adspower-browser-vs-gologin|/blog/aezakmi-browser-vs-gologin-honest-review|/blog/antidetect-browser-review|/blog/antikbrowser-vs-gologin-review|/blog/aqum-browser-vs-gologin-honest-review|/blog/best-antidetect-browsers|/blog/best-browser-for-privacy|/blog/best-proxy-browser|/blog/best-virtual-browser|/blog/bitbrowser-review|/blog/camoufox-vs-gologin-honest-review|/blog/che-browser-vs-gologin|/blog/dicloak-online-browser|/blog/dolphin-anty-vs-gologin|/blog/fingerprintswitcher-a-worthwhile-alternative-to-anti-detect-browsers|/blog/geelark-review|/blog/genlogin-browser-alternative-honest-review-2024|/blog/gologin-vs-browserjet-review|/blog/gologin-vs-hidemium-which-one-is-better|/blog/gologin-vs-identory|/blog/gologin-vs-maskfog-review|/blog/gologin-vs-switch-antidetect|/blog/gologin-vs-swspybrowser-review|/blog/gologin-vs-yunlark-review|/blog/hidemyacc-browser-alternative-honest-review|/blog/hydraheaders-browser-tool-review|/blog/incogniton-vs-gologin|/blog/indigo-browser-vs-gologin-honest-comparison|/blog/insomniac-browser-review|/blog/is-your-apple-id-suspended-or-banned|/blog/kameleo-browser-alternative-review|/blog/lalicat-browser-vs-gologin-honest-review|/blog/lauth-vs-gologin-honest-review|/blog/linken-sphere-browser-alternative-review|/blog/logii-browser-vs-gologin-honest-review|/blog/loginways-vs-gologin-honest-review|/blog/marketerbrowser-vs-gologin-review|/blog/masq-antidetect-vs-gologin-honest-review|/blog/morelogin-browser-alternative|/blog/mulogin-vs-gologin-honest-review|/blog/multibrowser-review|/blog/multilogin-chrome-browser|/blog/nstbrowser-vs-gologin-honest-review|/blog/octo-browser-gologin|/blog/rebrowser-vs-gologin-honest-review|/blog/roxybrowser-vs-gologin-review|/blog/surfinite-vs-gologin-honest-review|/blog/ultimate-orb-vs-gologin-review|/blog/undetectable-browser-vs-gologin|/blog/vision-browser-review|/blog/vmlogin-browser-alternative-honest-review-2024|/blog/vmmask-anti-detect-browser|/blog/wade-browser-review|/blog/what-is-canvas-fingerprinting|/blog/x-browser-alternative-review-2023|/blog/xlogin-vs-gologin-review|/blog/xpass-browser-alternative,2025-03-07
MultiBrowser Alternative: Updated Review 2026,https://gologin.com/blog/multibrowser-review/,competitor-comparison,multibrowser alternative,comparison,Gologin vs. MultiBrowser: Different Goals|Pros/Cons & Trustworthiness|Pricing and Plans|Final Verdict|Supported Platforms & Devices|Registration and Initial Setup|Setting Up Custom Profiles|Prominent Features|Read other posts about Reviews of browsers:,2106,/blog/accovod-vs-gologin|/blog/adspower-browser-vs-gologin|/blog/aezakmi-browser-vs-gologin-honest-review|/blog/antidetect-browser-review|/blog/antikbrowser-vs-gologin-review|/blog/aqum-browser-vs-gologin-honest-review|/blog/best-proxy-browser|/blog/best-virtual-browser|/blog/bitbrowser-review|/blog/camoufox-vs-gologin-honest-review|/blog/che-browser-vs-gologin|/blog/dicloak-online-browser|/blog/dolphin-anty-vs-gologin|/blog/fingerprintswitcher-a-worthwhile-alternative-to-anti-detect-browsers|/blog/geelark-review|/blog/genlogin-browser-alternative-honest-review-2024|/blog/gologin-vs-browserjet-review|/blog/gologin-vs-hidemium-which-one-is-better|/blog/gologin-vs-identory|/blog/gologin-vs-maskfog-review|/blog/gologin-vs-switch-antidetect|/blog/gologin-vs-swspybrowser-review|/blog/gologin-vs-yunlark-review|/blog/hidemyacc-browser-alternative-honest-review|/blog/hydraheaders-browser-tool-review|/blog/incogniton-vs-gologin|/blog/indigo-browser-vs-gologin-honest-comparison|/blog/insomniac-browser-review|/blog/kameleo-browser-alternative-review|/blog/lalicat-browser-vs-gologin-honest-review|/blog/lauth-vs-gologin-honest-review|/blog/linken-sphere-browser-alternative-review|/blog/logii-browser-vs-gologin-honest-review|/blog/loginways-vs-gologin-honest-review|/blog/marketerbrowser-vs-gologin-review|/blog/masq-antidetect-vs-gologin-honest-review|/blog/morelogin-browser-alternative|/blog/mulogin-vs-gologin-honest-review|/blog/multilogin-chrome-browser|/blog/nstbrowser-vs-gologin-honest-review|/blog/octo-browser-gologin|/blog/rebrowser-vs-gologin-honest-review|/blog/roxybrowser-vs-gologin-review|/blog/session-box-vs-gologin|/blog/surfinite-vs-gologin-honest-review|/blog/ultimate-orb-vs-gologin-review|/blog/undetectable-browser-vs-gologin|/blog/vision-browser-review|/blog/vmlogin-browser-alternative-honest-review-2024|/blog/vmmask-anti-detect-browser|/blog/wade-browser-review|/blog/x-browser-alternative-review-2023|/blog/xlogin-vs-gologin-review|/blog/xpass-browser-alternative,2025-03-06
Accovod vs. Gologin: Fair Reviews and Browser Comparison in 2026,https://gologin.com/blog/accovod-vs-gologin/,competitor-comparison,accovod vs gologin fair reviews and,comparison,Main Features of the Accovod Browser|Gologin: The Most Trusted Alternative to Accovod|Support & Reviews|Pricing: Gologin vs. Accovod|Final Verdict on Gologin vs. Accovod|UI and Usage Comfort|Launching Accovod|Common Use Cases|Account Security|Pros & Cons of Accovod|UI Features|Protection against Fingerprinting|Use Cases|Security Measures|Accovod Pricing Plans|Gologin Pricing|Read other posts about Reviews of browsers:,1934,/blog/adspower-browser-vs-gologin|/blog/aezakmi-browser-vs-gologin-honest-review|/blog/antidetect-browser-review|/blog/antikbrowser-vs-gologin-review|/blog/aqum-browser-vs-gologin-honest-review|/blog/best-proxy-browser|/blog/best-social-media-management-tools-for-agencies|/blog/best-virtual-browser|/blog/bitbrowser-review|/blog/camoufox-vs-gologin-honest-review|/blog/che-browser-vs-gologin|/blog/device-fingerprinting-in-web-scraping|/blog/dicloak-online-browser|/blog/dolphin-anty-vs-gologin|/blog/fingerprintswitcher-a-worthwhile-alternative-to-anti-detect-browsers|/blog/geelark-review|/blog/genlogin-browser-alternative-honest-review-2024|/blog/gologin-vs-browserjet-review|/blog/gologin-vs-hidemium-which-one-is-better|/blog/gologin-vs-identory|/blog/gologin-vs-maskfog-review|/blog/gologin-vs-switch-antidetect|/blog/gologin-vs-swspybrowser-review|/blog/gologin-vs-yunlark-review|/blog/hidemyacc-browser-alternative-honest-review|/blog/hydraheaders-browser-tool-review|/blog/incogniton-vs-gologin|/blog/indigo-browser-vs-gologin-honest-comparison|/blog/insomniac-browser-review|/blog/kameleo-browser-alternative-review|/blog/lalicat-browser-vs-gologin-honest-review|/blog/lauth-vs-gologin-honest-review|/blog/linken-sphere-browser-alternative-review|/blog/logii-browser-vs-gologin-honest-review|/blog/loginways-vs-gologin-honest-review|/blog/marketerbrowser-vs-gologin-review|/blog/masq-antidetect-vs-gologin-honest-review|/blog/morelogin-browser-alternative|/blog/mulogin-vs-gologin-honest-review|/blog/multibrowser-review|/blog/multilogin-chrome-browser|/blog/multiple-ebay-accounts|/blog/nstbrowser-vs-gologin-honest-review|/blog/octo-browser-gologin|/blog/rebrowser-vs-gologin-honest-review|/blog/roxybrowser-vs-gologin-review|/blog/session-box-vs-gologin|/blog/surfinite-vs-gologin-honest-review|/blog/ultimate-orb-vs-gologin-review|/blog/undetectable-browser-vs-gologin|/blog/vision-browser-review|/blog/vmlogin-browser-alternative-honest-review-2024|/blog/vmmask-anti-detect-browser|/blog/wade-browser-review|/blog/web-scraping-tools-antidetect|/blog/what-is-browser-fingerprinting|/blog/whatsapp-account-banned-or-suspended|/blog/x-browser-alternative-review-2023|/blog/xlogin-vs-gologin-review|/blog/xpass-browser-alternative,2025-03-05
Undetectable Browser vs Gologin: 2026 Updated Review,https://gologin.com/blog/undetectable-browser-vs-gologin/,competitor-comparison,undetectable browser vs gologin,comparison,Undetectable Browser: What's Changed In 2026?|Gologin: What's New In 2026?|Undetectable Browser vs Gologin - Pricing|Undetectable Browser vs Gologin: 2026 Summary|Comfort of Use: Manual Flight Mode|Mobile devices and fingerprints|Support and updates|Features and comfort of use|Mobile app and web version|Support Quality & Reviews|Updates frequency|Free plans and trial periods|Paid plans: Personal use|Top tier plans|Read other posts about Reviews of browsers:,2591,/blog/accovod-vs-gologin|/blog/adspower-browser-vs-gologin|/blog/aezakmi-browser-vs-gologin-honest-review|/blog/antidetect-browser-review|/blog/antikbrowser-vs-gologin-review|/blog/aqum-browser-vs-gologin-honest-review|/blog/best-antidetect-browser-for-android|/blog/best-antidetect-browsers|/blog/best-proxy-browser|/blog/best-virtual-browser|/blog/bitbrowser-review|/blog/camoufox-vs-gologin-honest-review|/blog/che-browser-vs-gologin|/blog/device-fingerprinting-in-web-scraping|/blog/dicloak-online-browser|/blog/dolphin-anty-vs-gologin|/blog/fingerprintswitcher-a-worthwhile-alternative-to-anti-detect-browsers|/blog/geelark-review|/blog/genlogin-browser-alternative-honest-review-2024|/blog/gologin-vs-browserjet-review|/blog/gologin-vs-hidemium-which-one-is-better|/blog/gologin-vs-identory|/blog/gologin-vs-maskfog-review|/blog/gologin-vs-switch-antidetect|/blog/gologin-vs-swspybrowser-review|/blog/gologin-vs-yunlark-review|/blog/hidemyacc-browser-alternative-honest-review|/blog/hydraheaders-browser-tool-review|/blog/incogniton-vs-gologin|/blog/indigo-browser-vs-gologin-honest-comparison|/blog/insomniac-browser-review|/blog/kameleo-browser-alternative-review|/blog/lalicat-browser-vs-gologin-honest-review|/blog/lauth-vs-gologin-honest-review|/blog/linken-sphere-browser-alternative-review|/blog/logii-browser-vs-gologin-honest-review|/blog/loginways-vs-gologin-honest-review|/blog/marketerbrowser-vs-gologin-review|/blog/masq-antidetect-vs-gologin-honest-review|/blog/morelogin-browser-alternative|/blog/mulogin-vs-gologin-honest-review|/blog/multibrowser-review|/blog/multilogin-chrome-browser|/blog/nstbrowser-vs-gologin-honest-review|/blog/octo-browser-gologin|/blog/rebrowser-vs-gologin-honest-review|/blog/roxybrowser-vs-gologin-review|/blog/session-box-vs-gologin|/blog/surfinite-vs-gologin-honest-review|/blog/technical-comparison-of-the-top-10-residential-proxy-providers|/blog/ultimate-orb-vs-gologin-review|/blog/vision-browser-review|/blog/vmlogin-browser-alternative-honest-review-2024|/blog/vmmask-anti-detect-browser|/blog/wade-browser-review|/blog/whatsapp-account-banned-or-suspended|/blog/x-browser-alternative-review-2023|/blog/xlogin-vs-gologin-review|/blog/xpass-browser-alternative,2025-03-05
BitBrowser Review 2026: Is It Worth Buying For Business?,https://gologin.com/blog/bitbrowser-review/,general,bitbrowser is it worth buying for,commercial,"BitBrowser: A Rocket Ship, But It's Only $10?|BitBrowser: UI & Features|Gologin As A Trusted & Easy To Use Antidetect Browser|Some Pros Of Gologin For Business|BitBrowser 2026 Review Recap|Proxy Integrations|BitBrowser Pricing|BitBrowser: Recap|Support & Reviews|Gologin Pricing|Read other posts about Reviews of browsers:",1891,/blog/accovod-vs-gologin|/blog/adspower-browser-vs-gologin|/blog/aezakmi-browser-vs-gologin-honest-review|/blog/antidetect-browser-review|/blog/antikbrowser-vs-gologin-review|/blog/aqum-browser-vs-gologin-honest-review|/blog/best-proxy-browser|/blog/best-virtual-browser|/blog/camoufox-vs-gologin-honest-review|/blog/che-browser-vs-gologin|/blog/dicloak-online-browser|/blog/dolphin-anty-vs-gologin|/blog/fingerprintswitcher-a-worthwhile-alternative-to-anti-detect-browsers|/blog/geelark-review|/blog/genlogin-browser-alternative-honest-review-2024|/blog/gologin-vs-browserjet-review|/blog/gologin-vs-hidemium-which-one-is-better|/blog/gologin-vs-identory|/blog/gologin-vs-maskfog-review|/blog/gologin-vs-switch-antidetect|/blog/gologin-vs-swspybrowser-review|/blog/gologin-vs-yunlark-review|/blog/hidemyacc-browser-alternative-honest-review|/blog/hydraheaders-browser-tool-review|/blog/incogniton-vs-gologin|/blog/indigo-browser-vs-gologin-honest-comparison|/blog/insomniac-browser-review|/blog/kameleo-browser-alternative-review|/blog/lalicat-browser-vs-gologin-honest-review|/blog/lauth-vs-gologin-honest-review|/blog/linken-sphere-browser-alternative-review|/blog/logii-browser-vs-gologin-honest-review|/blog/loginways-vs-gologin-honest-review|/blog/marketerbrowser-vs-gologin-review|/blog/masq-antidetect-vs-gologin-honest-review|/blog/morelogin-browser-alternative|/blog/mulogin-vs-gologin-honest-review|/blog/multibrowser-review|/blog/multilogin-chrome-browser|/blog/nstbrowser-vs-gologin-honest-review|/blog/octo-browser-gologin|/blog/rebrowser-vs-gologin-honest-review|/blog/roxybrowser-vs-gologin-review|/blog/session-box-vs-gologin|/blog/surfinite-vs-gologin-honest-review|/blog/technical-comparison-of-the-top-10-residential-proxy-providers|/blog/ultimate-orb-vs-gologin-review|/blog/undetectable-browser-vs-gologin|/blog/vision-browser-review|/blog/vmlogin-browser-alternative-honest-review-2024|/blog/vmmask-anti-detect-browser|/blog/wade-browser-review|/blog/x-browser-alternative-review-2023|/blog/xlogin-vs-gologin-review|/blog/xpass-browser-alternative,2025-03-04
FingerprintSwitcher – A Worthwhile Alternative to AntiDetect Browsers in 2026?,https://gologin.com/blog/fingerprintswitcher-a-worthwhile-alternative-to-anti-detect-browsers/,browser-fingerprinting,fingerprintswitcher a worthwhile alternative to antidetect,comparison,What is FingerprintSwitcher?|Who Would Benefit Most from It?|How Does FingerprintSwitcher Work?|How Much Does FingerprintSwitcher Cost?|How Does FingerprintSwitcher Compare to Anti-Detect Browsers?|Conclusion – Is FingerprintSwitcher Worth It?|Read other posts about Reviews of browsers:,1128,/blog/accovod-vs-gologin|/blog/adspower-browser-vs-gologin|/blog/aezakmi-browser-vs-gologin-honest-review|/blog/anti-fingerprint-browser-list-2023|/blog/antidetect-browser-review|/blog/antikbrowser-vs-gologin-review|/blog/aqum-browser-vs-gologin-honest-review|/blog/best-proxy-browser|/blog/best-social-media-management-tools-for-agencies|/blog/best-virtual-browser|/blog/bitbrowser-review|/blog/browser-automation-with-selenium|/blog/camoufox-vs-gologin-honest-review|/blog/che-browser-vs-gologin|/blog/dicloak-online-browser|/blog/dolphin-anty-vs-gologin|/blog/geelark-review|/blog/genlogin-browser-alternative-honest-review-2024|/blog/gologin-vs-browserjet-review|/blog/gologin-vs-hidemium-which-one-is-better|/blog/gologin-vs-identory|/blog/gologin-vs-maskfog-review|/blog/gologin-vs-switch-antidetect|/blog/gologin-vs-swspybrowser-review|/blog/gologin-vs-yunlark-review|/blog/hidemyacc-browser-alternative-honest-review|/blog/hydraheaders-browser-tool-review|/blog/incogniton-vs-gologin|/blog/indigo-browser-vs-gologin-honest-comparison|/blog/insomniac-browser-review|/blog/kameleo-browser-alternative-review|/blog/lalicat-browser-vs-gologin-honest-review|/blog/lauth-vs-gologin-honest-review|/blog/linken-sphere-browser-alternative-review|/blog/logii-browser-vs-gologin-honest-review|/blog/loginways-vs-gologin-honest-review|/blog/marketerbrowser-vs-gologin-review|/blog/masq-antidetect-vs-gologin-honest-review|/blog/morelogin-browser-alternative|/blog/mulogin-vs-gologin-honest-review|/blog/multibrowser-review|/blog/multilogin-chrome-browser|/blog/nstbrowser-vs-gologin-honest-review|/blog/octo-browser-gologin|/blog/rebrowser-vs-gologin-honest-review|/blog/roxybrowser-vs-gologin-review|/blog/session-box-vs-gologin|/blog/surfinite-vs-gologin-honest-review|/blog/ultimate-orb-vs-gologin-review|/blog/undetectable-browser-vs-gologin|/blog/vision-browser-review|/blog/vmlogin-browser-alternative-honest-review-2024|/blog/vmmask-anti-detect-browser|/blog/wade-browser-review|/blog/web-scraping-tools-antidetect|/blog/x-browser-alternative-review-2023|/blog/xlogin-vs-gologin-review|/blog/xpass-browser-alternative,2025-03-04
AEZAKMI Browser vs GoLogin: Honest Review 2026,https://gologin.com/blog/aezakmi-browser-vs-gologin-honest-review/,competitor-comparison,aezakmi browser vs gologin,comparison,"AEZAKMI Browser – The Cheat Code for Your Multi-Account Success?|Reputation & Updates|Gologin – The Industry-Standard, Persistently Cutting-Edge Alternative|AEZAKMI vs Gologin – Price Comparison|AEZAKMI vs Gologin – The Verdict|First Impressions & Setup|Layout & Profile Creation|Profile launch handling|Extra features|Proxy Use & Fingerprint Management|User Experience|Anti-Detect Features & Updates|Platform Support|Trials & Free Plans|Paid Plans|Read other posts about Reviews of browsers:",2041,/blog/accovod-vs-gologin|/blog/adspower-browser-vs-gologin|/blog/antidetect-browser-review|/blog/antikbrowser-vs-gologin-review|/blog/aqum-browser-vs-gologin-honest-review|/blog/best-proxy-browser|/blog/best-virtual-browser|/blog/bitbrowser-review|/blog/camoufox-vs-gologin-honest-review|/blog/che-browser-vs-gologin|/blog/dicloak-online-browser|/blog/dolphin-anty-vs-gologin|/blog/fingerprintswitcher-a-worthwhile-alternative-to-anti-detect-browsers|/blog/geelark-review|/blog/genlogin-browser-alternative-honest-review-2024|/blog/gologin-vs-browserjet-review|/blog/gologin-vs-hidemium-which-one-is-better|/blog/gologin-vs-identory|/blog/gologin-vs-maskfog-review|/blog/gologin-vs-switch-antidetect|/blog/gologin-vs-swspybrowser-review|/blog/gologin-vs-yunlark-review|/blog/hidemyacc-browser-alternative-honest-review|/blog/hydraheaders-browser-tool-review|/blog/incogniton-vs-gologin|/blog/indigo-browser-vs-gologin-honest-comparison|/blog/insomniac-browser-review|/blog/kameleo-browser-alternative-review|/blog/lalicat-browser-vs-gologin-honest-review|/blog/lauth-vs-gologin-honest-review|/blog/linken-sphere-browser-alternative-review|/blog/logii-browser-vs-gologin-honest-review|/blog/loginways-vs-gologin-honest-review|/blog/marketerbrowser-vs-gologin-review|/blog/masq-antidetect-vs-gologin-honest-review|/blog/morelogin-browser-alternative|/blog/mulogin-vs-gologin-honest-review|/blog/multibrowser-review|/blog/multilogin-chrome-browser|/blog/nstbrowser-vs-gologin-honest-review|/blog/octo-browser-gologin|/blog/rebrowser-vs-gologin-honest-review|/blog/roxybrowser-vs-gologin-review|/blog/session-box-vs-gologin|/blog/surfinite-vs-gologin-honest-review|/blog/ultimate-orb-vs-gologin-review|/blog/undetectable-browser-vs-gologin|/blog/vision-browser-review|/blog/vmlogin-browser-alternative-honest-review-2024|/blog/vmmask-anti-detect-browser|/blog/wade-browser-review|/blog/x-browser-alternative-review-2023|/blog/xlogin-vs-gologin-review|/blog/xpass-browser-alternative,2025-03-03
MarketerBrowser vs Gologin: Review Update 2026,https://gologin.com/blog/marketerbrowser-vs-gologin-review/,competitor-comparison,marketerbrowser vs gologin update,comparison,Gologin vs. MarketerBrowser – In-Depth Comparison|Pros/Cons & Trustworthiness|Pricing and Plans|Final Verdict|Supported Platforms & Devices|Registration and Initial Setup|Setting Up Custom Profiles|Prominent Features|Read other posts about Reviews of browsers:,2016,/blog/accovod-vs-gologin|/blog/adspower-browser-vs-gologin|/blog/aezakmi-browser-vs-gologin-honest-review|/blog/antidetect-browser-review|/blog/antikbrowser-vs-gologin-review|/blog/aqum-browser-vs-gologin-honest-review|/blog/best-proxy-browser|/blog/best-virtual-browser|/blog/bitbrowser-review|/blog/camoufox-vs-gologin-honest-review|/blog/che-browser-vs-gologin|/blog/dicloak-online-browser|/blog/dolphin-anty-vs-gologin|/blog/fingerprintswitcher-a-worthwhile-alternative-to-anti-detect-browsers|/blog/geelark-review|/blog/genlogin-browser-alternative-honest-review-2024|/blog/gologin-vs-browserjet-review|/blog/gologin-vs-hidemium-which-one-is-better|/blog/gologin-vs-identory|/blog/gologin-vs-maskfog-review|/blog/gologin-vs-switch-antidetect|/blog/gologin-vs-swspybrowser-review|/blog/gologin-vs-yunlark-review|/blog/guide-to-geolocation-spoofing|/blog/hidemyacc-browser-alternative-honest-review|/blog/hydraheaders-browser-tool-review|/blog/incogniton-vs-gologin|/blog/indigo-browser-vs-gologin-honest-comparison|/blog/insomniac-browser-review|/blog/kameleo-browser-alternative-review|/blog/lalicat-browser-vs-gologin-honest-review|/blog/lauth-vs-gologin-honest-review|/blog/linken-sphere-browser-alternative-review|/blog/logii-browser-vs-gologin-honest-review|/blog/loginways-vs-gologin-honest-review|/blog/masq-antidetect-vs-gologin-honest-review|/blog/morelogin-browser-alternative|/blog/mulogin-vs-gologin-honest-review|/blog/multibrowser-review|/blog/multilogin-chrome-browser|/blog/nstbrowser-vs-gologin-honest-review|/blog/octo-browser-gologin|/blog/rebrowser-vs-gologin-honest-review|/blog/roxybrowser-vs-gologin-review|/blog/session-box-vs-gologin|/blog/surfinite-vs-gologin-honest-review|/blog/telegram-account-banned|/blog/ultimate-orb-vs-gologin-review|/blog/undetectable-browser-vs-gologin|/blog/vision-browser-review|/blog/vmlogin-browser-alternative-honest-review-2024|/blog/vmmask-anti-detect-browser|/blog/wade-browser-review|/blog/x-browser-alternative-review-2023|/blog/xlogin-vs-gologin-review|/blog/xpass-browser-alternative,2025-03-03
GenLogin Browser Alternative For Business: Update Review 2026,https://gologin.com/blog/genlogin-browser-alternative-honest-review-2024/,competitor-comparison,genlogin browser alternative for business update,comparison,GenLogin: Features And Usage Nuances|Gologin As Better Alternative To GenLogin|GenLogin vs Gologin – Pricing|GenLogin vs Gologin: Recap|First Use And Browser Profile Launch|Protection Against Fingerprinting|GenLogin Automation and GenMarket|Support Quality|Registering And Onboarding|Features And Comfort Of Use|Browser Profile Launch|Fingerprints And Checkers|Free Plans & Trial Periods|Paid Plans: Personal Use|Team Plans|Read other posts about Reviews of browsers:,2978,/blog/accovod-vs-gologin|/blog/adspower-browser-vs-gologin|/blog/aezakmi-browser-vs-gologin-honest-review|/blog/antidetect-browser-review|/blog/antikbrowser-vs-gologin-review|/blog/aqum-browser-vs-gologin-honest-review|/blog/best-proxy-browser|/blog/best-virtual-browser|/blog/bitbrowser-review|/blog/camoufox-vs-gologin-honest-review|/blog/che-browser-vs-gologin|/blog/dicloak-online-browser|/blog/dolphin-anty-vs-gologin|/blog/fingerprintswitcher-a-worthwhile-alternative-to-anti-detect-browsers|/blog/geelark-review|/blog/gologin-vs-browserjet-review|/blog/gologin-vs-hidemium-which-one-is-better|/blog/gologin-vs-identory|/blog/gologin-vs-maskfog-review|/blog/gologin-vs-switch-antidetect|/blog/gologin-vs-swspybrowser-review|/blog/gologin-vs-yunlark-review|/blog/hidemyacc-browser-alternative-honest-review|/blog/hydraheaders-browser-tool-review|/blog/incogniton-vs-gologin|/blog/indigo-browser-vs-gologin-honest-comparison|/blog/insomniac-browser-review|/blog/kameleo-browser-alternative-review|/blog/lalicat-browser-vs-gologin-honest-review|/blog/lauth-vs-gologin-honest-review|/blog/linken-sphere-browser-alternative-review|/blog/logii-browser-vs-gologin-honest-review|/blog/loginways-vs-gologin-honest-review|/blog/marketerbrowser-vs-gologin-review|/blog/masq-antidetect-vs-gologin-honest-review|/blog/morelogin-browser-alternative|/blog/mulogin-vs-gologin-honest-review|/blog/multibrowser-review|/blog/multilogin-chrome-browser|/blog/nstbrowser-vs-gologin-honest-review|/blog/octo-browser-gologin|/blog/rebrowser-vs-gologin-honest-review|/blog/roxybrowser-vs-gologin-review|/blog/session-box-vs-gologin|/blog/surfinite-vs-gologin-honest-review|/blog/ultimate-orb-vs-gologin-review|/blog/undetectable-browser-vs-gologin|/blog/vision-browser-review|/blog/vmlogin-browser-alternative-honest-review-2024|/blog/vmmask-anti-detect-browser|/blog/wade-browser-review|/blog/x-browser-alternative-review-2023|/blog/xlogin-vs-gologin-review|/blog/xpass-browser-alternative,2025-03-02
Linken Sphere Browser Alternative: Update Review 2026,https://gologin.com/blog/linken-sphere-browser-alternative-review/,competitor-comparison,linken sphere browser alternative update,comparison,"Gologin : A Safe Linken Sphere Browser Alternative|Linken Sphere Browser vs Gologin: Counting Costs|Linken Sphere Browser: Review Recap|The Dark Background Of Linken Sphere Browser|First Impressions & Interface|Team Options & Mass Operations|Mobile App, OS Support & Updates|Some Extras|Features & Comfort Of Use|Mobile App & Web Version|Support Quality|Updates frequency|Gologin pricing:|Read other posts about Reviews of browsers:",2423,/blog/accovod-vs-gologin|/blog/adspower-browser-vs-gologin|/blog/aezakmi-browser-vs-gologin-honest-review|/blog/anti-fingerprinting-browser|/blog/antidetect-browser-review|/blog/antikbrowser-vs-gologin-review|/blog/aqum-browser-vs-gologin-honest-review|/blog/best-proxy-browser|/blog/best-virtual-browser|/blog/bitbrowser-review|/blog/camoufox-vs-gologin-honest-review|/blog/che-browser-vs-gologin|/blog/dicloak-online-browser|/blog/dolphin-anty-vs-gologin|/blog/fingerprintswitcher-a-worthwhile-alternative-to-anti-detect-browsers|/blog/geelark-review|/blog/genlogin-browser-alternative-honest-review-2024|/blog/gologin-vs-browserjet-review|/blog/gologin-vs-hidemium-which-one-is-better|/blog/gologin-vs-identory|/blog/gologin-vs-maskfog-review|/blog/gologin-vs-switch-antidetect|/blog/gologin-vs-swspybrowser-review|/blog/gologin-vs-yunlark-review|/blog/hidemyacc-browser-alternative-honest-review|/blog/how-to-pass-pixelscan|/blog/hydraheaders-browser-tool-review|/blog/incogniton-vs-gologin|/blog/indigo-browser-vs-gologin-honest-comparison|/blog/insomniac-browser-review|/blog/kameleo-browser-alternative-review|/blog/lalicat-browser-vs-gologin-honest-review|/blog/lauth-vs-gologin-honest-review|/blog/logii-browser-vs-gologin-honest-review|/blog/loginways-vs-gologin-honest-review|/blog/marketerbrowser-vs-gologin-review|/blog/masq-antidetect-vs-gologin-honest-review|/blog/morelogin-browser-alternative|/blog/mulogin-vs-gologin-honest-review|/blog/multibrowser-review|/blog/multilogin-chrome-browser|/blog/nstbrowser-vs-gologin-honest-review|/blog/octo-browser-gologin|/blog/rebrowser-vs-gologin-honest-review|/blog/roxybrowser-vs-gologin-review|/blog/session-box-vs-gologin|/blog/surfinite-vs-gologin-honest-review|/blog/ultimate-orb-vs-gologin-review|/blog/undetectable-browser-vs-gologin|/blog/vision-browser-review|/blog/vmlogin-browser-alternative-honest-review-2024|/blog/vmmask-anti-detect-browser|/blog/wade-browser-review|/blog/what-is-fingerprint-browser-top-choices|/blog/x-browser-alternative-review-2023|/blog/xlogin-vs-gologin-review|/blog/xpass-browser-alternative,2025-03-01
Indigo Browser vs Gologin: Updated Review in 2026 | Indigo Alternative,https://gologin.com/blog/indigo-browser-vs-gologin-honest-comparison/,competitor-comparison,indigo browser vs gologin in indigo,comparison,What's New in Indigo Browser? Features and UI|Gologin - Best Indigo Alternative|Indigo Browser vs Gologin - Pricing|Indigo Browser vs Gologin: Summary|Comfort of use: no changes whatsoever|Mobile devices and fingerprints|Support and updates|Features and UI: What's New in 2026|Proxy Integrations|Mobile app and web version|Support quality|Updates frequency|Paid plans|Read other posts about Reviews of browsers:,2359,/blog/accovod-vs-gologin|/blog/adspower-browser-vs-gologin|/blog/aezakmi-browser-vs-gologin-honest-review|/blog/anti-fingerprinting-browser|/blog/antidetect-browser-review|/blog/antikbrowser-vs-gologin-review|/blog/aqum-browser-vs-gologin-honest-review|/blog/best-antidetect-browsers|/blog/best-proxy-browser|/blog/best-virtual-browser|/blog/bitbrowser-review|/blog/camoufox-vs-gologin-honest-review|/blog/che-browser-vs-gologin|/blog/dicloak-online-browser|/blog/dolphin-anty-vs-gologin|/blog/fingerprintswitcher-a-worthwhile-alternative-to-anti-detect-browsers|/blog/geelark-review|/blog/genlogin-browser-alternative-honest-review-2024|/blog/gologin-vs-browserjet-review|/blog/gologin-vs-hidemium-which-one-is-better|/blog/gologin-vs-identory|/blog/gologin-vs-maskfog-review|/blog/gologin-vs-switch-antidetect|/blog/gologin-vs-swspybrowser-review|/blog/gologin-vs-yunlark-review|/blog/hidemyacc-browser-alternative-honest-review|/blog/how-to-run-multiple-telegram-accounts|/blog/hydraheaders-browser-tool-review|/blog/incogniton-vs-gologin|/blog/insomniac-browser-review|/blog/kameleo-browser-alternative-review|/blog/lalicat-browser-vs-gologin-honest-review|/blog/lauth-vs-gologin-honest-review|/blog/linken-sphere-browser-alternative-review|/blog/logii-browser-vs-gologin-honest-review|/blog/loginways-vs-gologin-honest-review|/blog/marketerbrowser-vs-gologin-review|/blog/masq-antidetect-vs-gologin-honest-review|/blog/morelogin-browser-alternative|/blog/mulogin-vs-gologin-honest-review|/blog/multibrowser-review|/blog/multilogin-chrome-browser|/blog/nstbrowser-vs-gologin-honest-review|/blog/octo-browser-gologin|/blog/rebrowser-vs-gologin-honest-review|/blog/roxybrowser-vs-gologin-review|/blog/session-box-vs-gologin|/blog/surfinite-vs-gologin-honest-review|/blog/ultimate-orb-vs-gologin-review|/blog/undetectable-browser-vs-gologin|/blog/vision-browser-review|/blog/vmlogin-browser-alternative-honest-review-2024|/blog/vmmask-anti-detect-browser|/blog/wade-browser-review|/blog/x-browser-alternative-review-2023|/blog/xlogin-vs-gologin-review|/blog/xpass-browser-alternative,2025-02-28
WADE X Browser vs Gologin: Honest Review Update 2026,https://gologin.com/blog/wade-browser-review/,competitor-comparison,wade x browser vs gologin update,comparison,What Is Wade Browser About?|Wade Browser: Key Features|The Pros and Cons of Wade Browser|Common Use Cases|Pricing and Plans|What Are People Saying?|Recap and Verdict|Gologin browser - trusted alternative to Wade browser|Wade Browser vs Gologin: Summary|Useful Layout|Distinct Fingerprints|Passing Checkers|Teamwork & Sharing|Category Creation|Compatibility|Customer Support|Pros|Cons|Affiliate Marketing|Dropshipping|Web Scraping|Free Trial|Features and comfort of use: what's changed|Proxy Integrations|Mobile app and web version|Support quality|Read other posts about Reviews of browsers:,2249,/blog/accovod-vs-gologin|/blog/adspower-browser-vs-gologin|/blog/aezakmi-browser-vs-gologin-honest-review|/blog/anti-fingerprinting-browser|/blog/antidetect-browser-review|/blog/antikbrowser-vs-gologin-review|/blog/aqum-browser-vs-gologin-honest-review|/blog/best-proxy-browser|/blog/best-virtual-browser|/blog/bitbrowser-review|/blog/browserleaks-review-fingerprint-testing|/blog/camoufox-vs-gologin-honest-review|/blog/che-browser-vs-gologin|/blog/dicloak-online-browser|/blog/dolphin-anty-vs-gologin|/blog/fingerprintswitcher-a-worthwhile-alternative-to-anti-detect-browsers|/blog/geelark-review|/blog/genlogin-browser-alternative-honest-review-2024|/blog/gologin-vs-browserjet-review|/blog/gologin-vs-hidemium-which-one-is-better|/blog/gologin-vs-identory|/blog/gologin-vs-maskfog-review|/blog/gologin-vs-switch-antidetect|/blog/gologin-vs-swspybrowser-review|/blog/gologin-vs-yunlark-review|/blog/hidemyacc-browser-alternative-honest-review|/blog/hydraheaders-browser-tool-review|/blog/incogniton-vs-gologin|/blog/indigo-browser-vs-gologin-honest-comparison|/blog/insomniac-browser-review|/blog/kameleo-browser-alternative-review|/blog/lalicat-browser-vs-gologin-honest-review|/blog/lauth-vs-gologin-honest-review|/blog/linken-sphere-browser-alternative-review|/blog/logii-browser-vs-gologin-honest-review|/blog/loginways-vs-gologin-honest-review|/blog/marketerbrowser-vs-gologin-review|/blog/masq-antidetect-vs-gologin-honest-review|/blog/morelogin-browser-alternative|/blog/mulogin-vs-gologin-honest-review|/blog/multibrowser-review|/blog/multilogin-chrome-browser|/blog/nstbrowser-vs-gologin-honest-review|/blog/octo-browser-gologin|/blog/rebrowser-vs-gologin-honest-review|/blog/roxybrowser-vs-gologin-review|/blog/session-box-vs-gologin|/blog/surfinite-vs-gologin-honest-review|/blog/ultimate-orb-vs-gologin-review|/blog/undetectable-browser-vs-gologin|/blog/vision-browser-review|/blog/vmlogin-browser-alternative-honest-review-2024|/blog/vmmask-anti-detect-browser|/blog/what-is-antidetect-browser|/blog/x-browser-alternative-review-2023|/blog/xlogin-vs-gologin-review|/blog/xpass-browser-alternative,2025-02-27
XPASS Browser Tool Review 2025: What Is It Used For?,https://gologin.com/blog/xpass-browser-alternative/,competitor-comparison,xpass browser tool what is it,comparison,XPASS Browser: Is It A Browser At All?|Gologin As A Safe Xpass Browser Alternative|Some Pros Of Gologin For Business Teams|XPASS Browser Review Recap|Fingerprints And Checkers|Support & Reputation|Read other posts about Reviews of browsers:,1098,/blog/accovod-vs-gologin|/blog/adspower-browser-vs-gologin|/blog/aezakmi-browser-vs-gologin-honest-review|/blog/antidetect-browser-review|/blog/antikbrowser-vs-gologin-review|/blog/aqum-browser-vs-gologin-honest-review|/blog/best-proxy-browser|/blog/best-virtual-browser|/blog/bitbrowser-review|/blog/camoufox-vs-gologin-honest-review|/blog/che-browser-vs-gologin|/blog/dicloak-online-browser|/blog/dolphin-anty-vs-gologin|/blog/fingerprintswitcher-a-worthwhile-alternative-to-anti-detect-browsers|/blog/geelark-review|/blog/genlogin-browser-alternative-honest-review-2024|/blog/gologin-vs-browserjet-review|/blog/gologin-vs-hidemium-which-one-is-better|/blog/gologin-vs-identory|/blog/gologin-vs-maskfog-review|/blog/gologin-vs-switch-antidetect|/blog/gologin-vs-swspybrowser-review|/blog/gologin-vs-yunlark-review|/blog/hidemyacc-browser-alternative-honest-review|/blog/hydraheaders-browser-tool-review|/blog/incogniton-vs-gologin|/blog/indigo-browser-vs-gologin-honest-comparison|/blog/insomniac-browser-review|/blog/kameleo-browser-alternative-review|/blog/lalicat-browser-vs-gologin-honest-review|/blog/lauth-vs-gologin-honest-review|/blog/linken-sphere-browser-alternative-review|/blog/logii-browser-vs-gologin-honest-review|/blog/loginways-vs-gologin-honest-review|/blog/manage-multiple-google-accounts|/blog/marketerbrowser-vs-gologin-review|/blog/masq-antidetect-vs-gologin-honest-review|/blog/morelogin-browser-alternative|/blog/mulogin-vs-gologin-honest-review|/blog/multibrowser-review|/blog/multilogin-chrome-browser|/blog/nstbrowser-vs-gologin-honest-review|/blog/octo-browser-gologin|/blog/rebrowser-vs-gologin-honest-review|/blog/roxybrowser-vs-gologin-review|/blog/session-box-vs-gologin|/blog/surfinite-vs-gologin-honest-review|/blog/ultimate-orb-vs-gologin-review|/blog/undetectable-browser-vs-gologin|/blog/vision-browser-review|/blog/vmlogin-browser-alternative-honest-review-2024|/blog/vmmask-anti-detect-browser|/blog/wade-browser-review|/blog/x-browser-alternative-review-2023|/blog/xlogin-vs-gologin-review,2025-02-27
Lalicat Browser vs Gologin: Honest Review Update 2026,https://gologin.com/blog/lalicat-browser-vs-gologin-honest-review/,competitor-comparison,lalicat browser vs gologin update,comparison,In-Depth Comparison of Gologin and Lalicat browser|Prominent Features|Pros/Cons & Trustworthiness|Pricing and Plans|Final Verdict|Supported Platforms & Devices|Registration and Initial Setup|Setting Up Custom Profiles|Read other posts about Reviews of browsers:,2085,/blog/accovod-vs-gologin|/blog/adspower-browser-vs-gologin|/blog/aezakmi-browser-vs-gologin-honest-review|/blog/antidetect-browser-review|/blog/antikbrowser-vs-gologin-review|/blog/aqum-browser-vs-gologin-honest-review|/blog/best-proxy-browser|/blog/best-virtual-browser|/blog/bitbrowser-review|/blog/browsers-battle-comparison|/blog/camoufox-vs-gologin-honest-review|/blog/che-browser-vs-gologin|/blog/dicloak-online-browser|/blog/dolphin-anty-vs-gologin|/blog/fingerprintswitcher-a-worthwhile-alternative-to-anti-detect-browsers|/blog/geelark-review|/blog/genlogin-browser-alternative-honest-review-2024|/blog/gologin-vs-browserjet-review|/blog/gologin-vs-hidemium-which-one-is-better|/blog/gologin-vs-identory|/blog/gologin-vs-maskfog-review|/blog/gologin-vs-switch-antidetect|/blog/gologin-vs-swspybrowser-review|/blog/gologin-vs-yunlark-review|/blog/hidemyacc-browser-alternative-honest-review|/blog/hydraheaders-browser-tool-review|/blog/incogniton-vs-gologin|/blog/indigo-browser-vs-gologin-honest-comparison|/blog/insomniac-browser-review|/blog/kameleo-browser-alternative-review|/blog/lauth-vs-gologin-honest-review|/blog/linken-sphere-browser-alternative-review|/blog/logii-browser-vs-gologin-honest-review|/blog/loginways-vs-gologin-honest-review|/blog/marketerbrowser-vs-gologin-review|/blog/masq-antidetect-vs-gologin-honest-review|/blog/morelogin-browser-alternative|/blog/mulogin-vs-gologin-honest-review|/blog/multibrowser-review|/blog/multilogin-chrome-browser|/blog/nstbrowser-vs-gologin-honest-review|/blog/octo-browser-gologin|/blog/rebrowser-vs-gologin-honest-review|/blog/roxybrowser-vs-gologin-review|/blog/session-box-vs-gologin|/blog/surfinite-vs-gologin-honest-review|/blog/technical-comparison-of-the-top-10-residential-proxy-providers|/blog/ultimate-orb-vs-gologin-review|/blog/undetectable-browser-vs-gologin|/blog/vision-browser-review|/blog/vmlogin-browser-alternative-honest-review-2024|/blog/vmmask-anti-detect-browser|/blog/wade-browser-review|/blog/what-is-browser-fingerprinting|/blog/what-is-fingerprint-browser-top-choices|/blog/x-browser-alternative-review-2023|/blog/xlogin-vs-gologin-review|/blog/xpass-browser-alternative,2025-02-25
Surfinite vs Gologin: Honest Review Update 2026,https://gologin.com/blog/surfinite-vs-gologin-honest-review/,competitor-comparison,surfinite vs gologin update,comparison,Head-to-Head Comparison of Gologin and Surfinite|Prominent Features|Pros/Cons & Trustworthiness|Pricing and Plans|Final Verdict|Supported Platforms & Devices|Registration and Initial Setup|Setting Up Custom Profiles|Read other posts about Reviews of browsers:,2005,/blog/accovod-vs-gologin|/blog/adspower-browser-vs-gologin|/blog/aezakmi-browser-vs-gologin-honest-review|/blog/antidetect-browser-review|/blog/antikbrowser-vs-gologin-review|/blog/aqum-browser-vs-gologin-honest-review|/blog/best-proxy-browser|/blog/best-virtual-browser|/blog/bitbrowser-review|/blog/camoufox-vs-gologin-honest-review|/blog/che-browser-vs-gologin|/blog/dicloak-online-browser|/blog/dolphin-anty-vs-gologin|/blog/fingerprintswitcher-a-worthwhile-alternative-to-anti-detect-browsers|/blog/geelark-review|/blog/genlogin-browser-alternative-honest-review-2024|/blog/gologin-vs-browserjet-review|/blog/gologin-vs-hidemium-which-one-is-better|/blog/gologin-vs-identory|/blog/gologin-vs-maskfog-review|/blog/gologin-vs-switch-antidetect|/blog/gologin-vs-swspybrowser-review|/blog/gologin-vs-yunlark-review|/blog/hidemyacc-browser-alternative-honest-review|/blog/how-to-run-multiple-telegram-accounts|/blog/hydraheaders-browser-tool-review|/blog/incogniton-vs-gologin|/blog/indigo-browser-vs-gologin-honest-comparison|/blog/insomniac-browser-review|/blog/kameleo-browser-alternative-review|/blog/lalicat-browser-vs-gologin-honest-review|/blog/lauth-vs-gologin-honest-review|/blog/linken-sphere-browser-alternative-review|/blog/logii-browser-vs-gologin-honest-review|/blog/loginways-vs-gologin-honest-review|/blog/marketerbrowser-vs-gologin-review|/blog/masq-antidetect-vs-gologin-honest-review|/blog/morelogin-browser-alternative|/blog/mulogin-vs-gologin-honest-review|/blog/multibrowser-review|/blog/multilogin-chrome-browser|/blog/multiple-social-media-accounts|/blog/nstbrowser-vs-gologin-honest-review|/blog/octo-browser-gologin|/blog/rebrowser-vs-gologin-honest-review|/blog/roxybrowser-vs-gologin-review|/blog/session-box-vs-gologin|/blog/telegram-account-banned|/blog/ultimate-orb-vs-gologin-review|/blog/undetectable-browser-vs-gologin|/blog/vision-browser-review|/blog/vmlogin-browser-alternative-honest-review-2024|/blog/vmmask-anti-detect-browser|/blog/wade-browser-review|/blog/web-scraping-service-cloudflare-bypass|/blog/what-is-a-user-agent|/blog/what-is-fingerprint-browser-top-choices|/blog/x-browser-alternative-review-2023|/blog/xlogin-vs-gologin-review|/blog/xpass-browser-alternative,2025-02-25
Web Scraping with Python: A Complete Step-by-Step Guide 2025 + Code,https://gologin.com/blog/web-scraping-with-python/,web-scraping,web scraping with python a step,how-to,Overview of Web Scraping and How it Works|Some 2025 Considerations & Scraping Trends To Follow|Types of Data That Can Be Extracted From Websites Using Data Scraping|Overview of Tools and Libraries Available for Web Scraping|How To Set Up a Development Environment for Web Scraping With Python|How to Send HTTP Requests to a Website and Handle Responses using Python|Introduction to parsing HTML using Beautiful Soup and extracting data from HTML tags|How To Save Extracted Data to a File|Tips and Best Practices for Developing Robust and Scalable Web Scraping Applications|Web Scraping Frameworks|Overview of Gologin as a powerful anti-detect browser for web scraping|How To Set Up Gologin and Use Its Proxy Manager and Fingerprint Manager|Which tools should I use to safely scrape the web?|Is web scraping a part of data science in a global sense?|How can AI be used in web scraping?|How to save scraped data as a CSV file using Scrapy?|How do I scrape data through Python?|How do I turn my Python web scraping skills into an income?|How can I protect my scraper from anti-bot measures?|Conclusion|Beautiful Soup|Scrapy|Selenium|Octoparse|ParseHub|LXML|Step 1. Install Python|Step 2. Install a Text Editor or Integrated Development Environment (IDE)|Step 3. Install the Necessary Libraries|Step 4. Install a web driver|(Optional) Step 5. Create a Virtual Environment|Step 1: Installing Beautiful Soup|Step 2: Importing Beautiful Soup|Step 3: Parsing HTML Content|Step 4: Extracting Data From HTML Tags|Step 5: Using BeautifulSoup Functions|Overview of using regular expressions to extract data from web pages|Step 1: Install the Appropriate Libraries|Step 2: Understanding Regular Expressions|Step 3: Finding the Pattern|Step 4: Writing the Regular Expression|Step 1: Scrape and Organize the Data|Step 2: Choose a File Format|Step 3: Save Data to a CSV File|Step 4: Save Data to a JSON File|1. Respect Website Terms of Service and Copyright Laws|2. Understand the Website’s Structure and APIs|3. Handle Errors Gracefully|4. Test Your Code Thoroughly|5. Use Appropriate Web Scraping Tools|6. Avoid Detection by Websites|7. Manage Your Codebase and Handle Large Volumes of Data|8. Introduction to Scraping Websites That Require Authentication|Web Automation Tools|Automating web scraping tasks using Gologin's API|Frequently Asked Questions|References:,6401,/blog/15-best-scraping-browsers-tools|/blog/best-browser-for-privacy|/blog/how-to-easily-share-your-chatgpt-account|/blog/multiple-upwork-accounts|/blog/web-scraping-tools-services|/blog/what-is-a-user-agent|/blog/what-is-a-webrtc-leak,2025-01-20
Web Scraping Twitter with Python: Full 2025 Guide With Code,https://gologin.com/blog/web-scraping-twitter-with-python/,web-scraping,web scraping twitter with python full,informational,Understanding Twitter's Anti-Scraping Measures|Introduction to Gologin|Some Updates & Trends To Follow In 2025|Conclusion|FAQ|1. Is web scraping allowed on Twitter?|2. Does Twitter ban scraping?|3. What is the best tool for scraping Twitter?|4. How to scrape Twitter without API?|Installing and Setting up Gologin|Setting up the Python Environment|Authenticating with Twitter's API using Gologin|Scraping Twitter Data using Python and Gologin|Advanced Twitter Scraping Techniques with Gologin and Python|Best Practices for Twitter Scraping with Multi Accounting Browsers|Some X Updates To Check Out In 2025,4084,/blog/15-best-scraping-browsers-tools|/blog/best-anti-detect-browsers-for-web-scraping|/blog/best-secure-browsers|/blog/buy-twitter-x-accounts|/blog/multiple-twitter-accounts|/blog/scraping-data-from-linkedin|/blog/technical-comparison-of-the-top-10-residential-proxy-providers|/blog/web-scraping-reddit|/blog/web-scraping-with-python,2025-01-19
Best Web Scraping Tools Open Source: 2025 Python Starter Toolkit,https://gologin.com/blog/web-scraping-tools-open-source-dev-kit/,web-scraping,best web scraping tools open source,commercial,Scrapy|Advanced Scrapy Proxies|Scrapy Splash|Microsoft Playwright|Wappalyzer Python|AI Powered Scraping Tools: Necessity In 2025?|Some More Scraping Trends To Follow In 2025,1183,/blog/15-best-scraping-browsers-tools|/blog/web-scraping-tools-services|/blog/web-scraping-with-python,2025-01-18
How to Bypass Cloudflare Bot Protection? Web Scraping Service in 2026,https://gologin.com/blog/web-scraping-service-cloudflare-bypass/,web-scraping,how to bypass cloudflare bot protection,how-to,"Are Common Web Scraping Tools Still Effective In 2025?|What is Cloudflare Bot Management?|Is Bypassing Cloudflare Really That Difficult?|How does Cloudflare detect bots?|Cloudflare active bot detection techniques|Way 1: bypass Cloudflare CDN by calling the origin server|Way 2: override Cloudflare waiting room|Way 3: Use Cloudflare solvers|Way 4: Leverage headless browsers|Way 5: Leverage a smart proxy to bypass Cloudflare|Way 6: Scrape Google cache|Way 7: Cloudflare CAPTCHA bypass|Way 8: Privacy Browsers For Web Scraping Protection|Some Considerations for Effective Web Scraping in 2025|Bypassing Cloudflare In 2025: Emerging Tools and Methods|Final tips on bypassing Cloudflare passive and active bot detection|Environment API Querying: unique, but normal|Everything Matters|How long does it take to bypass Cloudflare waiting room?|Reverse engineering the Cloudflare JavaScript challenge|Headless browsers: pros and cons|What Are Privacy Browsers?|Gologin|The Configuration|Bypassing Cloudflare Passive Bot Detection|Bypassing Cloudflare Active Bot Detection:|Recap FAQ|References:",6571,/blog/15-best-scraping-browsers-tools|/blog/logii-browser-vs-gologin-honest-review|/blog/web-scraping-tools-services|/blog/what-is-canvas-fingerprinting,2025-01-17
Web scraping Linkedin 2025: Pro Scraper's Guide + Code,https://gologin.com/blog/scraping-data-from-linkedin/,web-scraping,web scraping linkedin pro scraper 039,informational,"Scraping data from LinkedIn profiles - is it along with the law or not?|Scraping Data From LinkedIn with Python|Using Gologin for Safe Work|How to set up and use Gologin for web scraping?|Tips for Safe Scraping Data From LinkedIn|Top 7 LinkedIn scrapers to try out in 2025|FAQ|Using Selenium for Scraping Data From LinkedIn|Set Up Selenium On Your Computer|Importing Driver|1. Cognism|2. Gologin|3. Apollo.io|4. Lusha|5. UpLead|6. Waalaxy|7. Evaboot|How do I scrape LinkedIn data for free?|Can I use Gologin for LinkedIn lead generation?|Can I use VPN, proxies or Chrome extensions to safely scrape LinkedIn?|What is the best tool for scraping LinkedIn?|Can you scrape LinkedIn with Python?|References:",3544,/blog/linkedin-multiple-accounts,2025-01-10
GoLogin Teams Up with GetSales for Safer LinkedIn Automation,https://gologin.com/blog/gologin-getsales-integration/,multi-accounting,gologin teams up with getsales for,informational,Exactly How Is Automation Safer Now?,375,/blog/what-is-canvas-fingerprinting|/blog/what-is-fingerprint-browser-top-choices,2024-10-24
Top 5 Confirmed Crypto Airdrops in 2024 + Bonus Guide,https://gologin.com/blog/crypto-airdrops-in-2024/,crypto,top 5 confirmed crypto airdrops in,commercial,What Are Crypto Airdrops?|Example of a Crypto Airdrop|What is the Importance of Crypto Airdrops?|List Of Top Crypto Airdrops in 2024|1. Aria Airdrop|2. Rhino.fi Airdrop|3. Harmonix Airdrop|4. Zircuit Airdrop|5. Blast Airdrop|Top Crypto Airdrops in 2024: Recap Chart|Bonus Guide: Claim Same Airdrop Multiple Times With Gologin|Some FAQs on Top Crypto Airdrops in 2024|Steps to Participate in Aria Airdrop|Aria Earning Potential and Community Strength|Steps to Participate in Rhino.fi Airdrop|Rhino.fi Earning Potential and Community Strength|Steps to Participate in the Harmonix Airdrop|Harmonix Earning Potential and Community Strength|Zircuit Platform and Earning Potential|Steps to Participate in the Zircuit Airdrop|Zircuit Community Strength and Future Airdrop Potential|What Blast is About and Who Backs the Project|Steps to Participate in the Blast Airdrop|Blast Airdrop Earning Potential and Community Strength|How To Use Gologin Browser To Claim Same Airdrop Multiple Times|How do I claim airdrops?|Why are crypto projects and ICOs giving away coins for free?|How to find potential airdrops early?,3314,/blog/best-secure-browsers|/blog/how-to-get-crypto-airdrops|/blog/how-to-run-multiple-telegram-accounts|/blog/multiple-binance-accounts|/blog/what-is-crypto-airdrop,2024-09-26
How to Get Crypto Airdrops in 2024 | Comprehensive Guide,https://gologin.com/blog/how-to-get-crypto-airdrops/,crypto,how to get crypto airdrops in,how-to,Explaining a Crypto Airdrop|The First Crypto Airdrop|What Are Different Types of Crypto Airdrops?|Challenges & Risks in Crypto Airdrops|How to Get Crypto Airdrops: Each Type Explained|The Tools Used to Get More Airdrops|Airdrop Community Engagement Tools|Airdrop Monitoring Platforms|Crypto Airdrops Challenges and How to Avoid Scams|Tools for Finding Legitimate Airdrops|Crypto Airdrops Tax Outlook|Conclusion on How To Get Crypto Airdrops In 2024|Difference from Initial Coin Offerings (ICO)|Benefits for Investors and Projects|1. Standard Airdrop|2. Bounty Airdrop|3. Holder Airdrop|4. Exclusive Airdrop|5. Raffle Airdrop|6. Surprise Airdrop|Eligibility Requirements|Scams and Fraudulent Projects|Market Volatility|Limited Availability|Complex Claiming Processes|Tax Implications|Lack of Liquidity|How to Participate in Standard Crypto Airdrops?|How to Participate in Bounty Crypto Airdrops|How to Participate in Holder Crypto Airdrops|How to Participate in Exclusive Crypto Airdrops|1. Airdrop Aggregators|2. Gologin Browser|3. Airdrop Alert|4. Coin Airdrops|5. Airdrop Checkers|6. AirDropBob|Telegram Bots (Cwallet)|Twitter Bots|DappRadar|KuCoin News|Fake Airdrops and Phishing Scams|Dusting Attacks|Rug Pull Scams|Best Practices for Avoiding Airdrop Scams|Tax Treatment of Airdrops|Tax Reporting Requirements|Common Tax Issues,3691,/blog/buy-twitter-x-accounts|/blog/multiple-social-media-accounts,2024-09-25
13 Best Unblocked Browsers To Bypass Blocked School Sites,https://gologin.com/blog/best-unblocked-browsers/,account-restrictions,13 best unblocked browsers to bypass,how-to,What Are Best Unblocked Browsers?|How To Choose An Unblocked Browser|Best Unblocked Browsers List|Summary On Best Unblocked Browsers|Frequently Asked Questions About Best Unblocked Browsers|1. Gologin|2. 1Browser|3. Tor Browser|4. Opera One|5. Epic Privacy Browser|6. Brave Browser|7. UR Browser|8. Aloha Browser|9. ProxyBoost.net|10. Avast Secure Browser PRO|11. Puffin Browser|12. Waterfox|13. Tenta|How Does An Unblocked Browser Work?|What’s The Difference Between VPNs And Unblocked Browsers?,2819,/blog/best-browser-for-privacy|/blog/multiple-paypal-accounts|/blog/multiple-social-media-accounts|/blog/what-is-antidetect-browser|/blog/what-is-canvas-fingerprinting|/blog/what-is-fingerprint-browser-top-choices,2024-09-10
How to Change MAC Address: A Step-by-Step 2024 Guide,https://gologin.com/blog/how-to-change-mac-address/,browser-fingerprinting,how to change mac address a,how-to,What is a MAC Address?|How Can a MAC Address Be a Security and Anonymity Threat?|Why Change the MAC Address?|How To Change MAC Address on Different Devices|How To Easily Change My MAC Address Using Gologin?|What is Gologin Antidetect Browser?|Enhancing Privacy|Avoiding Tracking|Bypassing Restrictions|Troubleshooting and Security|Windows 10|Windows 11|MacOS|Android|iOS|How Gologin Is Used For Marketing Businesses,3107,/blog/how-to-find-mac-address-windows-10|/blog/multiple-google-play-developer-accounts|/blog/multiple-social-media-accounts|/blog/what-is-a-digital-footprint|/blog/what-is-browser-fingerprinting,2024-09-03
MAC Address vs IP Address: Difference Explained,https://gologin.com/blog/mac-address-vs-ip-address/,browser-fingerprinting,mac address vs ip address difference,comparison,What is a MAC Address?|What is an IP Address?|What are the Differences Between MAC Address and IP Address?|Device Tracking Through MAC and IP Addresses|Reasons to Change MAC Address vs IP Address|Does a VPN Hide Your MAC Address? Why Some Sites and Social Networks See Through VPNs|Common Methods for Replacing MAC Address vs IP Address|The Modern Way Of Changing MAC and IP Safely: Antidetect Browsers|How Does Gologin Work?|Recap on MAC Address vs IP Address|Permanent Nature|Dynamic vs. Static IP Addresses|Tracking Through MAC Addresses|Tracking Through IP Addresses|1. Enhancing Privacy and Anonymity|2. Bypassing Network Restrictions and Blocks|3. Resolving Network Conflicts|4. Avoiding Targeted Attacks|5. Testing and Troubleshooting|6. Improving Device Security|Windows 11 and Windows 10|macOS|iOS|Android|How Gologin Is Used For Marketing Businesses,2961,/blog/best-browser-for-privacy|/blog/best-cookie-editor|/blog/device-fingerprinting|/blog/what-is-a-dns-leak|/blog/what-is-browser-fingerprinting,2024-09-03
"How to find MAC Address Windows 10, MacOS and Other Devices",https://gologin.com/blog/how-to-find-mac-address-windows-10/,browser-fingerprinting,how to find mac address windows,how-to,What is a MAC address?|How To Find MAC Address Windows 10|Find MAC Address on macOS|Find MAC Address on Other Devices|How a MAC Address Can Be a Security Threat|How To Change My MAC Address Using Gologin?|What is Gologin Antidetect Browser?|Option 1: Using the Command Prompt|Option 2: Through Network Connection Settings|Option 3: From the Taskbar|Finding the MAC Address on iOS Devices|How Gologin Is Used For Marketing Businesses,1759,/blog/multiple-social-media-accounts|/blog/what-is-a-digital-footprint|/blog/what-is-browser-fingerprinting,2024-09-02
What Is Browser Fingerprinting? 2024 Tools To Protect Yourself,https://gologin.com/blog/what-is-browser-fingerprinting/,browser-fingerprinting,what is browser fingerprinting tools to,informational,What is Browser Fingerprinting?|Which Data Is Collected?|Browser Fingerprinting vs. Device Fingerprinting|Examples of Browser Fingerprinting|How Does Browser Fingerprinting Work?|Top Browser Fingerprinting Techniques|How Browser Fingerprinting Can Help Detect Fraud?|Tools and Strategies to Protect Yourself|What is Gologin Antidetect Browser?|Recap on What Is Browser Fingerprinting|1. Installed Plugins|2. Unexpected Browser Version Age|3. Uncommon Screen Resolutions|4. Particularly Unusual Configurations|1. Data Collection|2. Data Analysis and Hashing|3. Tracking and Profiling|4. Continuous Updating|5. Fraud Detection and Security Applications|Canvas Fingerprinting|WebGL Fingerprinting|Media Device Fingerprinting|Mobile Device Fingerprinting|TLS Fingerprinting|Font Fingerprinting|Audio Fingerprinting|Identifying Fraudulent Behavior|Bypassing Traditional Concealment Techniques|Preventing Account Takeovers|Protecting Against Phishing Scams|Combating Brute Force and Bot Attacks|Avoid Unnecessary Plugins and Extensions|Use a Browser Fingerprint Checker|Use An Antidetect Browser|How Gologin Is Used For Marketing Businesses|Read other posts about fingerprinting:,3932,/blog/anti-fingerprint-browser-list-2023|/blog/best-cookie-editor|/blog/device-fingerprinting|/blog/device-fingerprinting-in-web-scraping|/blog/dicloak-online-browser|/blog/multiple-paypal-accounts|/blog/multiple-social-media-accounts|/blog/webgl-canvas-fingerprinting|/blog/what-is-a-digital-footprint|/blog/what-is-antidetect-browser|/blog/what-is-canvas-fingerprinting|/blog/what-is-fingerprint-browser-top-choices,2024-08-21
New Ways To Bypass LinkedIn Weekly Invitation Limit In 2024,https://gologin.com/blog/linkedin-weekly-invitation-limit/,multi-accounting,new ways to bypass linkedin weekly,how-to,What Is The LinkedIn Weekly Invitation Limit?|How Many LinkedIn Invites Can I Send Per Week?|How To Actually Send More Connection Requests on LinkedIn?|What To Do When You Reach the LinkedIn Weekly Connection Limit?|When Does the LinkedIn Weekly Invitation Limit Reset?|Actual Working Strategies: How To Bypass LinkedIn Invitation Limit|What is an Antidetect Browser?|Bonus Guide: How To Create & Run Multiple Accounts On LinkedIn With Gologin|Recap on Bypassing LinkedIn Weekly Invitation Limit in 2024|Frequently Asked Questions on LinkedIn Weekly Invitation Limit in 2024|Are LinkedIn Limits Fair?|What is LinkedIn Social Selling Index (SSI)?|1. Run multiple LinkedIn accounts|2. Run automation tools that cover other social media|Does LinkedIn Allow Automation Tools?|3. Connect with Open Profiles to not waste InMails|4. Personalize and tweak your messages to maximize the outcome|5. Raise your Social Selling Score (SSI)|6. Scrape emails and phones from LinkedIn contacts|1. What is the LinkedIn Weekly Invitation Limit in 2024?|2. Why does LinkedIn have a Weekly Invitation Limit?|3. How can I bypass the LinkedIn Weekly Invitation Limit?|4. What are the risks of bypassing LinkedIn's Weekly Invitation Limit?|5. Can a LinkedIn Premium account help me bypass the Weekly Invitation Limit?,3899,/blog/best-linkedin-automation-tools|/blog/how-to-get-linkedin-premium-for-free|/blog/linkedin-multiple-accounts|/blog/scraping-data-from-linkedin|/blog/the-easiest-way-to-run-multiple-discord-accounts|/blog/what-is-lead-generation,2024-07-25
Why is my Linkedin account restricted? Here's what you can do in 2026,https://gologin.com/blog/linkedin-account-restricted/,multi-accounting,why is my linkedin account restricted,informational,"Reasons & Types Of Linkedin Account Restricted|Common Reasons for Account Restrictions|LinkedIn Account Restricted? Here's How To Recover|Tips to Avoid Account Restrictions|Using Gologin to Avoid Account Restrictions, Even For New Created Accounts|Guide: How To Run Multiple LinkedIn Accounts With No Restrictions|Recap on LinkedIn Account Restricted In 2o24|FAQ: What To Do If Your LinkedIn Account Restricted in 2026|Warnings|Temporary Restriction|Permanent Restriction (Account Ban)|1. Too Many Connection Requests|2. Low Acceptance Rate|3. Too Many &#8216;I Don't Know This Person' Responses to Invitations|4. Using Automation Tools|5. Illegal or Spammy Activity From the Account|Recovering from a Temporary Ban|Recovering from a Permanent Ban|1. Choose Your LinkedIn Connections Wisely|2. Increase Your LinkedIn Activity Slowly|3. Always Customize and Personalize Connection Requests|4. Create Valuable Content to Demonstrate Authenticity|5. Use LinkedIn Tools Responsibly|6. Consider LinkedIn Premium|What is an Antidetect Browser?|The More Professional Way To Manage Accounts|1. What does it mean getting my LinkedIn account restricted?|2. What are some common reasons for my LinkedIn account restricted?|3. What happens when a LinkedIn account is temporarily restricted?|4. How is Permanently restricted different from Temporarily restricted?|5. How can I avoid LinkedIn account restrictions?|6. How can I recover a temporarily restricted LinkedIn account?|7. Can I recover a permanently restricted LinkedIn account?|8. What is Gologin and how can it help avoid LinkedIn account restrictions?|9. Is Gologin safe to use with LinkedIn?|10. How much does Gologin antidetect browser cost?",5010,/blog/best-linkedin-automation-tools|/blog/how-to-get-linkedin-premium-for-free|/blog/linkedin-multiple-accounts|/blog/linkedin-recruiter-cost|/blog/multiple-social-media-accounts|/blog/technical-comparison-of-the-top-10-residential-proxy-providers|/blog/the-easiest-way-to-run-multiple-discord-accounts|/blog/what-is-lead-generation,2024-07-24
How To Get LinkedIn Premium For Free: Ultimate 2024 Guide,https://gologin.com/blog/how-to-get-linkedin-premium-for-free/,multi-accounting,how to get linkedin premium for,how-to,Understanding LinkedIn Premium Plans|Why People Seek How To Get LinkedIn Premium For Free|LinkedIn Premium Free Trial|Bonus: LinkedIn Premium Discount 50% for 2 Months|Free LinkedIn Premium for Students|LinkedIn Premium Free from LinkedIn Employees|LinkedIn Premium Free for Military Veterans|LinkedIn Premium Free for Qualified Journalists|LinkedIn Premium Career Free for Visual Studio Users|LinkedIn Learning Free with Your Local Library Card|LinkedIn Sales Navigator Free via Referrals|Methods That No Longer Work|Gologin: Run Multiple LinkedIn Accounts Instead Of LinkedIn Premium|Guide: How To Save On LinkedIn Premium With Gologin|FAQ on How To Get LinkedIn Premium For Free in 2024|LinkedIn Sales Navigator|LinkedIn Premium Business|LinkedIn Premium Career|LinkedIn Recruiter|LinkedIn Learning|How to Start the Trial|Finding a LinkedIn Employee Offering Premium Coupons|Reaching Out to LinkedIn Employees|How to Apply:|Tips for a Successful Application|Qualifications|How to Apply|Benefits of the Offer:|How to Access LinkedIn Learning for Free:|How to Access LinkedIn Learning for Free with Your Library Card:|How to Get a Sales Navigator Referral|Conditions to Receive a 2-Month Free Sales Navigator Subscription|Six Months of Premium for Amazon Prime Student Members|What is an Antidetect Browser?|The More Professional Way To Manage Accounts|What is LinkedIn Premium?|How can I get LinkedIn Premium for free?|How can I maximize the benefits of LinkedIn Premium?|What is Gologin and how does it help save money on LinkedIn Premium?|How to get Gologin's free plan?|Is Gologin safe to use with LinkedIn?|How much does Gologin antidetect browser cost?,4554,/blog/dicloak-online-browser|/blog/linkedin-multiple-accounts|/blog/multiple-social-media-accounts|/blog/technical-comparison-of-the-top-10-residential-proxy-providers|/blog/the-easiest-way-to-run-multiple-discord-accounts|/blog/what-is-lead-generation,2024-07-23
Is LinkedIn Recruiter Cost Worth The Money In 2024?,https://gologin.com/blog/linkedin-recruiter-cost/,multi-accounting,is linkedin recruiter cost worth the,informational,What's LinkedIn Recruiter and Recruiter Lite?|LinkedIn Recruiter Cost Overview|LinkedIn Recruiter Lite|LinkedIn Recruiter Professional Services|LinkedIn Recruiter Corporate|Factors & Tips When Choosing a LinkedIn Recruiter Cost Plan|Gologin: New Alternative to Bypass LinkedIn Weekly Limits|Guide: How To Create & Run Multiple Accounts On LinkedIn With Gologin|Recap on LinkedIn Recruiter Cost in 2024|Frequently Asked Questions on LinkedIn Recruiter Cost in 2024|How to Get Started with LinkedIn Recruiter Lite|How to Get Started with LinkedIn Recruiter Professional|Cost-Benefit Analysis: Will It Pay Off?|What is an Antidetect Browser?|The More Professional Way To Manage Accounts|What Does Gologin Cost?|1. What are the three LinkedIn Recruiter cost plans?|2. What is LinkedIn Recruiter cost in 2024?|3. What is the Gologin antidetect browser?|4. How much does Gologin antidetect browser cost?|5. What factors should be considered when choosing a LinkedIn Recruiter plan?,3070,/blog/linkedin-multiple-accounts|/blog/the-easiest-way-to-run-multiple-discord-accounts|/blog/what-is-lead-generation,2024-07-19
Top 13 Cybersecurity Solutions for Small Businesses In 2024,https://gologin.com/blog/cybersecurity-solutions/,general,top 13 cybersecurity solutions for small,commercial,Why are Cybersecurity Solutions so Important for Small Businesses?|Top 13 Cybersecurity Solutions for Small Businesses|How to Choose the Right Cybersecurity Solutions for your SMB|Recap on Cybersecurity Solutions: Secure your SMB at every level|1. Antidetect Browser|2. Antivirus Software|3. Domain Name System (DNS) Protection|4. Threat Detection|5. Intrusion Detection and Prevention (IDS/IPS)|6. Next-Generation Firewalls (NGFW)|7. Cloud-based Security|8. Email Gateway Security|9. Enterprise Password Management (EPM) /Privileged Access Management (PAM)|10. Authentication Services/VPN|11. Endpoint Protection|12. Logging and Log Monitoring|13. System Recovery|Multi-Layered Defense|Automatic Updates|Easy Management|Data Backup & Recovery|Employee Training|Scalability|Device Coverage|Customer Reviews,2687,/blog/best-antidetect-browsers|/blog/best-browser-for-privacy|/blog/best-remote-access-software,2024-07-17
Is Dropshipping Legal? 2024 Guide For eCommerce Beginners,https://gologin.com/blog/is-dropshipping-legal/,ecommerce,is dropshipping legal for ecommerce beginners,informational,Legal Essentials For Dropshipping Entrepreneurs|Complying With Marketplace Rules|How To Minimize The Risk Of Losing Your Seller Accounts|Summary: Is Dropshipping Legal?|Frequently Asked Questions About Is Dropshipping Legal|Tax Laws|Licensing Laws|Corporate And Business Laws|Intellectual Property Laws|Consumer Protection Laws|Truth In Advertising Laws|Email Marketing Laws|Dropshipping Store Regulations|Risks Of Marketplace Policies|How Profitable Is Dropshipping?|How To Start A Dropshipping Business With No Money?,1786,/blog/anti-fingerprinting-browser|/blog/multiple-amazon-accounts|/blog/multiple-ebay-accounts|/blog/multiple-social-media-accounts,2024-05-28
Is Dropshipping Worth It in 2024? Unveiling the Potential,https://gologin.com/blog/is-dropshipping-worth-it/,ecommerce,is dropshipping worth it in unveiling,commercial,"What Is Dropshipping And How Does It Work?|Reasons Why People Start Dropshipping|Best Platforms for Dropshipping: Hosted eCommerce|1. Shopify|2. BigCommerce|3. Wix|Best Platforms for Dropshipping: Open-source|1. Adobe Commerce|2. WooCommerce|3. Drupal Commerce|4. OpenCart|Bonus: Gologin - Tool To Run Multiple Accounts Safely|Recap on Is Dropshipping Worth It In 2024|Is Dropshipping Legal & Profitable in 2024?|Minimal Upfront Investment|Flexibility and Freedom|Scalability|Access to Global Markets|Low Risk|Challenges of Dropshipping|Protecting Accounts, Streamlining Work",2511,/blog/best-browser-for-privacy|/blog/best-dropshipping-tools|/blog/best-remote-access-software|/blog/how-to-make-money-online|/blog/multiple-amazon-accounts|/blog/multiple-ebay-accounts|/blog/multiple-outlook-accounts|/blog/shopify-dropshipping|/blog/what-is-dropshipping,2024-05-24
Best Digital Marketing Tools To Start With: Top 70 In 2024,https://gologin.com/blog/best-digital-marketing-tools/,general,best digital marketing tools to start,commercial,Best Digital Marketing Tools: Managing Multiple Accounts Safely|1. Gologin|Best Digital Marketing Tools: Email Marketing|2. MailChimp|3. MailerLite|4. ActiveCampaign|5. Moosend|6. GetResponse|7. Klaviyo|Best Digital Marketing Tools: Analytics|8. Google Analytics|9. HotJar|10. Kissmetrics|Best Digital Marketing Tools: Ad Management|11. AdEspresso|12. Voluum|Best Digital Marketing Tools: Design|13. Canva|14. Relaythat|15. Stencil|16. Looka|17. Infogram|Best Digital Marketing Tools: Project Management|18. Trello|19. Asana|20. Basecamp|Best Digital Marketing Tools: Landing Page Builders|21. Shopify|22. Shoplazza|23. WIX|24. Unbounce|Best Digital Marketing Tools: SEO|25. Ahrefs|26. Semrush|27. SurferSEO|28. Screaming Frog SEO Spider|Best Digital Marketing Tools: Surveys|29. Score App|30. Pointerpro|31. Typeform|Best Digital Marketing Tools: Influencer Marketing|32. Creator.co|33. Grin|Best Digital Marketing Tools: Video Creation|34. Descript|35. Loom|36. Opus Clip|37. CapCut|38. Synthesia|Best Digital Marketing Tools: SMM|39. Hootsuite|40. Buffer|41. CoSchedule|42. Loomly|43. Sprinklr|44. PromoRepublic|45. Sprout Social|46. Later|47. Agorapulse|Best Digital Marketing Tools: Writing Assistants|48. Grammarly|49. Hemingway Editor|50. Jasper|51. Perplexity|Best Digital Marketing Tools: WordPress Plugins|52. Astra|53. Yoast SEO|54. RankMath|55. Elementor|56. Link Whisper|57. AAWP|58. ThirstyAffiliates|Best Digital Marketing Tools: All-In-One|59. Sales Master Hub|60. GoHighLevel|61. Plutio|62. BuzzSumo|63. Hubspot|Best Digital Marketing Tools: Miscellaneous|64. WPX : Hosting|65. Miro : Mind Maps|66. Livestorm : Webinars|67. Slack : Messenger|68. CrowdRiff : UGC Platform|69. Brandwatch : Benchmarking Tool|70. Manychat : Chatbots|Wrap Up On 70 Best Digital Marketing Tools,2926,/blog/what-is-dropshipping,2024-05-21
Best VPN Service Tools In 2024: Top 13 + Alternative,https://gologin.com/blog/best-vpn-service/,competitor-comparison,best vpn service tools in top,comparison,A Guide to Choosing the Right VPN for Your Needs|Gologin : An Innovative Alternative To VPNs|Best VPN Service Apps in 2024|1. ProtonVPN|2. SurfShark|3. NordVPN|4. CyberGhost|5. ExpressVPN|6. ZoogVPN|7. Mullvad VPN|8. Hotspot Shield|9. Windscribe VPN|10. Private Internet Access (PIA)|11. IP Vanish|12. TunnelBear VPN|13. Hide.me VPN|Summary On Best VPN Service Tools|1. Purpose of the VPN|2. Essential Security Features|3. Compatibility|4. Speed,2436,/blog/best-secure-browsers|/blog/what-is-a-dns-leak,2024-05-20
Best Dropshipping Suppliers In The USA: Top 20 In 2024,https://gologin.com/blog/best-dropshipping-suppliers-usa/,ecommerce,best dropshipping suppliers in the usa,commercial,"What to Consider When Choosing Best Dropshipping Suppliers USA?|Gologin: Best Tool To Protect Your Accounts From Blocks|Rating Of Best Dropshipping Suppliers USA|1. Spocket|2. AliExpress|3. Printful|4. Kimmy Shop|5. Printify|6. Doba|7. UNFI|8. AliDropship|9. Essendant|10. Dropified|11. D&H Distributing|12. Scents World|13. AppScenic|14. Petra Industries|15. FragranceX|16. TopDawg|17. Richard Cannon Jewelry|18. Importify|19. Mirage Pet Products|20. Tasha Apparel|Recap on Finding Top 20 Best Dropshipping Suppliers USA|Protecting Accounts, Streamlining Work",2190,/blog/best-dropshipping-tools|/blog/manage-multiple-google-accounts|/blog/multiple-amazon-accounts|/blog/multiple-ebay-accounts|/blog/shopify-dropshipping,2024-05-16
What Is Lead Generation: Where to Start In 2024?,https://gologin.com/blog/what-is-lead-generation/,affiliate-marketing,what is lead generation where to,informational,What Is Lead Generation?|Types of Lead Generation|How To Generate Leads Who’ll Buy|Lead generation Strategies for different scenarios|Summary on What Is Lead Generation|Frequently Asked Questions About What Is Lead Generation|Step 1. Make Sure You Know Your Buyer Personas And Positioning|Step 2. Create A Lead Generation Strategy|Step 3. Prepare A Lead Scoring System|Step 4. Launch A Lead Gen Campaign|Step 5. Measure Campaign Performance And Experiment|Direct Messaging|Authority Building|SEO Content|Paid Media|Influencer Collaboration|What is B2B lead generation?|What is lead generation in digital marketing?,1712,/blog/linkedin-multiple-accounts|/blog/multiple-quora-accounts,2024-05-15
16 Best Browsers with built in VPN for 2026: Ranked by Speed & Privacy,https://gologin.com/blog/best-vpn-browser/,privacy,16 best browsers with built in,commercial,TL;DR: Best VPN Browsers in 2026 — Quick Summary|How We Tested These VPN Browsers|How Does A VPN Work?|Benefits of Using VPN Browsers|Guide: How To Choose A VPN Browser?|VPN Browser Installation and Use|Advanced VPN Browser Features|Top 16 VPN Browsers in 2026|1. Gologin: The Professional Alternative to VPN Browsers|2. 1Browser|3. Opera Browser|4. NordVPN|5. Epic Privacy Browser|6. Surfshark|7. UR Browser|8. Brave Browser|9. Aloha|10. CyberGhost|11. Tenta|12. Disconnect Pro|13. VyprVPN Browser|14. TunnelBear GhostBear|15. AzireVPN Browser|16. Ivacy Secure Browser|VPN Browser Troubleshooting|VPN Browser Security Tips|Frequently Asked Questions|Browser-Based VPN Extensions vs. Native VPN — What's the Difference?|What Is a No-Log Browser VPN — and Why It Matters|Unlimited Free VPN Bandwidth — Which Browsers Actually Offer It?|Bypassing Geo-Restrictions — Use Cases and Limitations|Gologin: The Best Alternative to VPN Browsers|1. What Is A VPN Browser?|2. Can I Use A Free VPN Service?|3. What Is The Difference Between A VPN And A Proxy?|4. What is a VPN browser and how does it work?|5. How is a VPN browser different from a regular browser with a VPN extension?|6. Can I use Gologin instead of a VPN browser for privacy and IP protection?|7. Is using a VPN browser safe for accessing blocked or region-restricted content?|8. Is there a web browser with a truly free built-in VPN?|9. Does a browser VPN hide my entire computer's traffic?|10. What is the fastest browser with a built-in VPN?|References:,5828,/blog/best-free-antidetect-browser|/blog/brave-browser-alternative|/blog/multiple-google-play-developer-accounts|/blog/multiple-social-media-accounts|/blog/what-is-a-webrtc-leak|/blog/what-is-antidetect-browser|/blog/what-is-canvas-fingerprinting,2024-05-10
Navigating Amazon Dropshipping: Step-by-Step Guide 2024,https://gologin.com/blog/amazon-dropshipping/,ecommerce,navigating amazon dropshipping step by step,how-to,What Is Amazon Dropshipping?|Understanding Amazon’s Dropshipping Policies|Pros and Cons of Amazon Dropshipping|How to Start Dropshipping on Amazon|Amazon Dropshipping vs. Other Methods|Streamlining Your Amazon Dropshipping Process|Summary on Amazon Dropshipping Guide|Pros of Amazon Dropshipping|Cons of Amazon Dropshipping|Setting Up an Amazon Seller Account|Researching Profitable Niches|Finding Reliable Suppliers|Optimizing Product Listings|Launch your product|1. Wholesale|2. Private Label|3. Retail Arbitrage|4. Fulfilled by Amazon (Amazon FBA)|1. Automating Order Fulfillment|2. Optimizing Product Selection and Pricing|3. Running Multiple Seller Accounts,2489,/blog/best-dropshipping-tools|/blog/buy-amazon-seller-accounts|/blog/multiple-amazon-accounts|/blog/what-is-dropshipping,2024-05-07
Shopify Dropshipping: The Beginner’s Guide 2024,https://gologin.com/blog/shopify-dropshipping/,ecommerce,shopify dropshipping the beginner s,informational,What Is Shopify Dropshipping?|How To Start a Shopify Dropshipping Business?|How To Set Up a Shopify Dropshipping Store|How To Market The Shopify Dropshipping Business?|Protect Your Shopify Dropshipping Business|A Successful Shopify Dropshipping Store For Your Inspiration|Final Words On Shopify Dropshipping|Frequently Asked Questions: Shopify Dropshipping FAQ|1. Find A Niche and Products|2. Find Supplier|1. Create A Shopify Store Account|2. Select A Name For The Shopify Dropshipping Store|3. Decide A Pricing Plan|4. Build The Brand Identity Of The Store|5. Add Products|6. Launch Dropshipping Store|7. Manage Shopify Dropshipping Store|1. Social Media|2. Blog|3. Google Ads|4. Influencer Marketing|What Is Dropshipping?|Is Shopify Good for Dropshipping?|What Do I Need To Start A Dropshipping Store On Shopify?|What Is The Minimum Cost To Start A Dropshipping Store On Shopify?,2728,/blog/best-dropshipping-tools|/blog/how-to-run-multiple-etsy-shops|/blog/multiple-pinterest-accounts|/blog/multiple-social-media-accounts|/blog/what-is-dropshipping,2024-05-06
31 Best Affiliate Marketing Tools List In 2024,https://gologin.com/blog/best-affiliate-marketing-tools/,affiliate-marketing,31 best affiliate marketing tools list,commercial,How To Choose The Best Affiliate Marketing Tools|List Of The Best Affiliate Marketing Tools|Best Affiliate Marketing Tools For Hosting|Best Affiliate Marketing Tools For Content Creation|Best Affiliate Marketing Tools For SEO Optimization|Best Affiliate Marketing Tools For Building Landing Pages|Best Affiliate Marketing Tools For Ad Management|Best Affiliate Marketing Tools For Ad Spying|Best Affiliate Marketing Tools For Social Media|Best Affiliate Marketing Tools For Email Marketing|Best Affiliate Marketing Tools: Miscellaneous|Wrap Up On Best Affiliate Marketing Tools|1. Gologin : Best Affiliate Marketing Tool For Running Multiple Accounts|2. GoDaddy|3. Bluehost|4. Grammarly|5. Hemingway Editor|6. Frase|7. SurferSEO|8. Semrush|9. Ahrefs|10. Rank Math|11. Link Whisper|12. Elementor|13. Instapage|14. Google Analytics|15. Voluum|16. ThirstyAffiliates|17. AdEspresso|18. AdPlexity|19. PowerAdSpy|20. Anstrex|21. Buffer|22. Hootsuite|23. CoSchedule|24. MailerLite|25. GetResponse|26. OptinMonster|27. Canva|28. AAWP|29. ManyChat|30. Flippa|31. Imagify,2387,/blog/how-to-make-money-online|/blog/multiple-accounts-on-facebook|/blog/multiple-social-media-accounts,2024-04-30
Top 13 Best Captcha Solving Service List For 2024,https://gologin.com/blog/best-captcha-solving-service/,general,top 13 best captcha solving service,commercial,"How To Choose Best CAPTCHA Solving Service Tool?|Best CAPTCHA Solving Service List In 2024|Gologin : The Best Way To Avoid CAPTCHA Altogether|Summary Of The Best CAPTCHA Solving Service Tools|Frequently Asked Questions About Best CAPTCHA Solving Services|1. Identify The CAPTCHA You Need To Solve|2. Assess Accuracy|3. Check Speed|4. Assess Security Measures|5. Consider Cost|6. Check Integration Options|7. Read Reviews And Testimonials|8. Use The Trial Period or Demo|9. Check If It Has Good Customer Support|10. Keep Compliance And Other Legal Considerations In Mind|1. 2Captcha : Editor's Choice|2. Capsolver|3. Free CAPTCHA Bypass (FCB)|4. Anti Captcha|5. CapMonster Cloud|6. TrueCaptcha|7. AZcaptcha|8. NopeCHA|9. DeathByCaptcha (DBC)|10. GSA Captcha Breaker|11. BypassCaptcha.com|12. Bright Data CAPTCHA Solver|13. Rumola|Avoiding, Not Solving|What Causes Invalid CAPTCHA?|How Long Do CAPTCHAs Last?|How Much Do CAPTCHA Solvers Cost?",2512,/blog/15-best-scraping-browsers-tools|/blog/anti-fingerprinting-browser|/blog/what-is-canvas-fingerprinting,2024-04-29
33 Ways How To Make Money Online Anywhere,https://gologin.com/blog/how-to-make-money-online/,general,33 ways how to make money,how-to,33 (Popular and Little Less Popular) Ways How To Make Money Online|Bonus: How To Make Money Online From Anywhere With This No-Limits Tool|Tips On How To Make Money Online Smoothly|Conclusion On How To Make Money Online|Frequently Asked Questions About How To Make Money Online|1. Online Surveys and Market Research|2. Sell Your Old Clothes and Other Household Items|3. Data Entry and Administrative Support|4. Freelance Writing|5. E-Book Writing and Publishing|6. SEO and Digital Marketing Services|7. Translation and Language Services|8. Virtual Tutoring|9. Sell Online Courses|10. Affiliate Marketing|11. Social Media Management|12. Voice-Over Work|13. Remote Customer Service|14. Freelance Photography|15. Music Production and Sales|16. Online Fitness Coaching|17. Virtual Event Planning|18. Become an Influencer|19. Podcasting|20. YouTube Content Creation|21. Become a Twitch Streamer|22. Freelance Graphic Designer|23. E-Commerce Reselling|24. Dropshipping Business|25. App Development|26. Remote Web Development|27. Beta Testing Software and Products|28. Online Art and Craft Selling on Etsy|29. Print on Demand (POD)|30. Crypto Airdrops|31. Game Development|32. Playing Online Games|33. Airbnb Hosting|Is it still possible to earn money online in 2024?|How does Gologin help in making money online?,2419,/blog/best-data-entry-jobs|/blog/best-dropshipping-tools|/blog/multiple-airbnb-accounts|/blog/multiple-fiverr-accounts|/blog/multiple-google-play-developer-accounts|/blog/multiple-paypal-accounts|/blog/multiple-upwork-accounts|/blog/upwork-account-suspended|/blog/what-is-crypto-airdrop|/blog/what-is-dropshipping,2024-04-29
What Is Dropshipping Business? The 2024 Guide,https://gologin.com/blog/what-is-dropshipping/,ecommerce,what is dropshipping business the,informational,What Is Dropshipping?|How Does Dropshipping Work?|Key Players in the Dropshipping Model|Step-by-Step Breakdown: What Is Dropshipping Process|Is Dropshipping Right for You?|Tips for Success in Dropshipping|Consider Using Multiple Accounts With Gologin|Retailers (Dropshippers)|Suppliers (Manufacturers/Wholesalers)|Selection of Dropshipping Products and Suppliers|Setting Up an Online Dropshipping Store|Customer Orders and Payment Processing|Communication with Suppliers for Order Fulfillment|Advantages of Dropshipping|Disadvantages of Dropshipping|Niche Selection|Supplier Vetting|Optimized Website|Customer Experience Focus|Effective Marketing Strategies,2235,/blog/anti-fingerprinting-browser|/blog/best-dropshipping-tools|/blog/multiple-ebay-accounts|/blog/multiple-pinterest-accounts,2024-04-09
Top 10 Best Betting Sites To Earn Big In 2026,https://gologin.com/blog/best-betting-sites/,betting,top 10 best betting sites to,commercial,Overview of the Best Betting Sites in 2026|How to Choose One Bookmaker From Best Betting Sites?|Maximizing Your Betting Potential On Best Betting Sites|Recap On Best Betting Sites Offered in 2026|1. Bet365|2. Betano|3. Caesars Sportsbook|4. 1xBet|5. FanDuel Sportsbook|6. DraftKings|7. BetRivers|8. BetWinner|9. Parimatch|10. BetMGM|Research and Analysis|Set Clear Objectives|Diversify Your Bets|Value Betting|Bankroll Management|Stay Informed and Adapt|Use Multiple Accounts,2020,/blog/guide-to-geolocation-spoofing,2024-04-08
17 Best Remote Access Software & Tools For 2024,https://gologin.com/blog/best-remote-access-software/,general,17 best remote access software tools,commercial,How To Choose The Best Remote Access Software|Best Remote Access Software List|Wrap Up On Best Remote Access Software|Frequently Asked Questions About Best Remote Access Software|1. Gologin|2. TeamViewer|3. AnyDesk|4. RustDesk|5. BeyondTrust Remote Support|6. AnyViewer|7. Splashtop|8. Zoho Assist|9. GoToMyPC|10. Chrome Remote Desktop|11. ConnectWise ScreenConnect|12. ISL Online|13. AeroAdmin|14. RealVNC Viewer|15. TightVNC|16. SolarWinds DameWare Remote Support|17. NoMachine|What Are Remote Desktop Services (RDS)?|What Are The Benefits Of Using Best Remote Access Software?|Are There Specific Regulatory Compliance Considerations For Best Remote Access Software?|What Security Considerations Are Important When Accessing A Desktop Remotely?,2308,/blog/guide-to-geolocation-spoofing,2024-04-05
"13 Best Cookie Editors for 2026: Tested & Ranked, Manifest V3",https://gologin.com/blog/best-cookie-editor/,general,13 best cookie editors for tested,commercial,Deep Tech Update (Manifest V3 Focus)|Gologin Integration Feature|Pro Tip on Personal Data Privacy|FAQ|13. Fiddler (with Extension): Enterprise Network Analysis|References:,3117,/blog/anti-fingerprinting-browser|/blog/cookie-import-export|/blog/webgl-canvas-fingerprinting|/blog/what-is-canvas-fingerprinting|/blog/what-is-fingerprint-browser-top-choices,2024-04-02
What Is Crypto Airdrop? 2024 Guide + Tool To Multiply Efforts,https://gologin.com/blog/what-is-crypto-airdrop/,crypto,what is crypto airdrop tool to,informational,What Is Crypto Airdrop?|What Types Of Crypto Airdrops Are There?|Where To Find Crypto Airdrops?|Crypto Airdrop Risks|How To Avoid Restrictions And Increase The Odds Of Succeeding With Airdrops|Wrapping Up On What Is Crypto Airdrop|Frequently Asked Questions On What Is Crypto Airdrop|1. Standard Airdrop|2. Bounty Airdrop|3. Holder Airdrop|4. Exclusive Airdrop|5. Raffle Airdrop|Scams|Taxes|Restrictions|Are Crypto Airdrops Profitable?|How Do I Access Crypto Airdrops?|What Is Crypto Airdrop Best Withdrawal Method?|What Happens After A Crypto Airdrop?,1610,/blog/anti-fingerprinting-browser|/blog/how-to-get-crypto-airdrops,2024-04-02
Wade Browser | MuLogin | Loginways | Identory Browser Battle,https://gologin.com/blog/wade-browser-mulogin-loginways-identory/,general,wade browser mulogin loginways identory browser,informational,1. Wade Browser|2. MuLogin|3. Loginways|4. Identory Browser|Gologin As A Trusted & Sustainable Browser|Gologin Benefits For Businesses|Recap: Wade Browser / MuLogin / Loginways / Identory Browser|Wade Browser: Features|Wade Browser: Pricing|MuLogin Browser: Features|MuLogin Browser: Pricing|Identory Browser: Features|Identory Browser: Pricing|Gologin Updates & Reputation,2210,/blog/anti-fingerprinting-browser|/blog/best-free-antidetect-browser|/blog/best-virtual-browser|/blog/mulogin-vs-gologin-honest-review|/blog/undetectable-browser-vs-gologin|/blog/wade-browser-review|/blog/what-is-fingerprint-browser-top-choices,2024-03-27
Best Data Entry Jobs: Beginner’s Guide 2024,https://gologin.com/blog/best-data-entry-jobs/,general,best data entry jobs beginner s,informational,Does Online Data Entry Really Pay?|How Much Do Data Entry Operators Make?|How Best Data Entry Jobs Work|How To Avoid Scams|What Skills Do Best Data Entry Jobs Need?|8 Best Data Entry Jobs Platforms To Work From Home|What If A Data Entry Job Website Is Blocked From Access In Your Region?|Using Multiple Account Browser For Best Data Entry Jobs|Final Thoughts On Best Data Entry Jobs|1. Fiverr|2. Upwork|3. Freelancer|4. Axion Data Services|5. Flexjobs|6. Adzuna|7. Clickworker|8. Remotasks|9. DataPlus,2504,/blog/multiple-fiverr-accounts|/blog/multiple-upwork-accounts|/blog/share-a-single-google-workspace-subscription|/blog/upwork-account-suspended,2024-03-26
YunLark Browser | Maskfog Browser | VMMask Browser Battle,https://gologin.com/blog/yunlark-browser-maskfog-browser-vmmask-browser/,general,yunlark browser maskfog browser vmmask browser,informational,Yunlark Browser|Maskfog Browser|VMMask Browser|Gologin As A Trusted & Sustainable Browser|Gologin Benefits For Businesses|Recap: YunLark Browser vs Maskfog Browser vs VMMask Browser|YunLark Browser: Features|YunLark Browser: Pricing|Maskfog Browser: Features|Maskfog Browser: Pricing|VMMask Browser: Features|VMMask Browser: Pricing|Gologin Updates & Reputation,1765,/blog/anti-fingerprinting-browser|/blog/vmmask-anti-detect-browser|/blog/what-is-antidetect-browser,2024-03-22
21 Best Dropshipping Tools & Software to Scale Your Business in 2026,https://gologin.com/blog/best-dropshipping-tools/,ecommerce,21 best dropshipping tools software to,commercial,What Dropshipping Tools & Software Do You Need?|Creating and running multiple seller accounts|1. Gologin|Best Dropshipping Tools: One Stop Shops|2. Convictional|3. Sell The Trend|4. CJ Dropshipping|5. Yakkyofy|Best dropshipping solutions: Competitor Analysis / Product Research|6. BigSpy|Best Dropshipping Software: Trustworthy Suppliers|7. Syncee|Best Dropshipping Tools: Customer Service|8. Lyro AI Agent|Best Dropshipping Software: Marketing|9. Claid.ai|10. Ecomhunt|11. Terapeak|12. Pexgle|13. PriceLabs|14. Profit Pilot CRM|15. TrendSpotter|16. Veeqo|17. Help Scout|18. EcomBalance|19. Stock Sync|20. ShippingSavvy|Easync|Verdicts & Recap On Listed Tools|References:,2632,/blog/buy-ebay-seller-accounts|/blog/multiple-amazon-accounts|/blog/shopify-dropshipping,2024-03-21
Browser Battle: AEZAKMI Browser | AntBrowser | Accovod Browser,https://gologin.com/blog/aezakmi-browser-antbrowser-accovod-browser/,general,browser battle aezakmi browser antbrowser accovod,informational,AEZAKMI Browser|ANTBrowser|Accovod Browser|Gologin As A Trusted & Easy To Use Antidetect Browser|Some Pros Of Gologin For Business|Recap: Aezakmi Browser vs AntBrowser vs Accovod Browser|AEZAKMI Browser: Features|AEZAKMI Browser: Pricing|AntBrowser: Features|AntBrowser: Pricing|Accovod Browser: Features|Accovod Browser: Pricing|Gologin Updates & Reputation,1785,/blog/accovod-vs-gologin|/blog/buy-facebook-accounts|/blog/what-is-fingerprint-browser-top-choices,2024-03-20
Best FREE Antidetect Browsers In 2026: Expert Top 6 Choice,https://gologin.com/blog/best-free-antidetect-browser/,antidetect-browsers,best free antidetect browsers in expert,commercial,"Are VPNs or Proxies Not Enough?|Why Do People Use Antidetects?|Quick Comparison: Top 6 Free Antidetect Browsers|1. Gologin|2. 1Browser|3. Dolphin Anty|4. Incogniton|5. Ghost Browser|6. MoreLogin|How To Use An Antidetect Browser?|Final Thoughts: Choosing Best Free Antidetect Browsers|FAQ|What is an antidetect browser, and how does it work?|Is using an antidetect browser legal?|Do I still need a proxy or VPN with an antidetect browser?|Are there any free antidetect browsers?|Can websites detect antidetect browsers? Are they “safe”?|What is an antidetect browser and why isn’t a VPN or proxy enough?|Which free antidetect browsers are available in 2026?|How does Gologin compare to Dolphin Anty and Incogniton?|How to choose the best free antidetect browser?|Is there a 100% free antidetect browser?|What is the best free antidetect browser for beginners?",2276,/blog/adspower-browser-vs-gologin|/blog/anti-fingerprint-browser-list-2023|/blog/anti-fingerprinting-browser|/blog/best-antidetect-browsers|/blog/best-virtual-browser|/blog/detect-mobile-browser-android|/blog/device-fingerprinting|/blog/device-fingerprinting-in-web-scraping|/blog/dolphin-anty-vs-gologin|/blog/ghost-browser-alternative|/blog/incogniton-vs-gologin|/blog/linkedin-multiple-accounts|/blog/morelogin-browser-alternative|/blog/multiple-reddit-accounts|/blog/multiple-social-media-accounts|/blog/virtual-machine-vs-anti-detect-browser|/blog/what-is-a-user-agent|/blog/what-is-antidetect-browser|/blog/what-is-browser-fingerprinting|/blog/what-is-canvas-fingerprinting|/blog/what-is-fingerprint-browser-top-choices,2024-03-15
Mullvad Browser Review 2024: Anonymous Enough For Business?,https://gologin.com/blog/mullvad-browser-review/,privacy,mullvad browser anonymous enough for business,commercial,"Mullvad Browser: Open Source, Tor Powered, Old School|Mullvad Browser Features|Mullvad Browser Fingerprint & IP Checkers|Gologin As A Truly Anonymous Browser|Some Pros Of Gologin For Business|Gologin Browser Fingerprint & IP Checkers|Mullvad Browser Review Recap|Gologin Support & Reviews",1734,/blog/anti-fingerprinting-browser|/blog/guide-to-geolocation-spoofing|/blog/manage-multiple-google-accounts|/blog/what-is-a-dns-leak|/blog/what-is-an-ip-leak|/blog/what-is-fingerprint-browser-top-choices,2024-03-13
13 Best Social Media Management Tools For Agencies In 2026,https://gologin.com/blog/best-social-media-management-tools-for-agencies/,multi-accounting,13 best social media management tools,commercial,Best Social Media Management Tools For Agencies: Criteria Of Choice|Best Social Media Marketing Tools: AI Features|Best Social Media Marketing Tools: Small Business|Best Social Media Management Tools For Agencies: Enterprise-Level|Best Social Media Management Tools For Agencies: Good for All|Best Social Media Marketing Tools: Managing Multiple Social Accounts Safely|Verdicts & Recap On Listed Tools|Hootsuite|Metricool|ContentStudio|Publer|SocialBee|Later|PromoRepublic|Sprout Social|Planable|Sendible|Zoho Social|SocialChamp|Gologin,2703,/blog/guide-to-geolocation-spoofing|/blog/multiple-social-media-accounts,2024-03-12
GhostBrowser vs LAuth Browser vs Lalicat Browser vs MarketerBrowser,https://gologin.com/blog/browsers-battle-comparison/,competitor-comparison,ghostbrowser vs lauth browser vs lalicat,comparison,"Browsers Battle: GhostBrowser, LAuth Browser, Lalicat Browser and MarketerBrowser|What Are Antidetect Browsers?|1. Gologin Browser|2. GhostBrowser|3. MarketerBrowser|4. LAuth Browser|5. Lalicat Browser|Antidetect Browser Battle Recap",1420,/blog/anti-fingerprint-browser-list-2023|/blog/anti-fingerprinting-browser|/blog/best-virtual-browser|/blog/ghost-browser-alternative|/blog/how-to-easily-share-your-chatgpt-account|/blog/lalicat-browser-vs-gologin-honest-review|/blog/lauth-vs-gologin-honest-review|/blog/multilogin-chrome-browser|/blog/multiple-accounts-on-facebook|/blog/what-is-fingerprint-browser-top-choices,2024-02-15
Looking for Brave Browser Alternative? Consider This One,https://gologin.com/blog/brave-browser-alternative/,competitor-comparison,looking for brave browser alternative consider,comparison,Brave Browser Features|Gologin as Brave Browser Alternative|Recap|Brave's Usage Nuances|What is a Digital Fingerprint?|Does Brave work with digital fingerprints?|Pro Tip on Personal Data Privacy,1526,/blog/anti-fingerprinting-browser|/blog/antidetect-browsers-use-cases|/blog/best-browser-for-privacy|/blog/webgl-canvas-fingerprinting|/blog/what-is-fingerprint-browser-top-choices,2024-01-21
A Safe & Legal FraudFox Browser Alternative For Business,https://gologin.com/blog/fraudfox-browser-alternative/,competitor-comparison,a safe legal fraudfox browser alternative,comparison,"The Dark Background Of FraudFox Browser|How FraudFox Works|Can Antidetect Browsers Be Used For Business? The Legal Side|Gologin : A Safe, Legally Compliant Antidetect For Business|Gologin: Running Costs|FraudFox vs Gologin: Recap|Guide: How To Tell If A Tool Is Safe To Use|Gologin: Reviews, Reputation & Support|Features & Comfort Of Use",1762,/blog/anonymous-web-browser|/blog/anti-fingerprinting-browser|/blog/best-virtual-browser|/blog/linkedin-multiple-accounts|/blog/multiple-social-media-accounts|/blog/webgl-canvas-fingerprinting|/blog/what-is-antidetect-browser,2024-01-18
The Ultimate Anti Fingerprint Browser List Of 2026,https://gologin.com/blog/anti-fingerprint-browser-list-2023/,browser-fingerprinting,the anti fingerprint browser list of,informational,What Is An Anti Fingerprint Browser?|The Ultimate List Of Anti Fingerprint Browsers In 2026 Market|1. Gologin Browser|2. 1Browser|3. MarketerBrowser|4. LAuth Browser|5. Lalicat Browser|6. Maskfog Browser|7. AEZAKMI Browser|8. ANTBrowser|9. Accovod Browser|10. Yunlark Browser|11. swSpyBrowser|12. Che Browser|13. Switch Antidetect|14. Logii Browser|15. Ultimate Orb|16. MuLogin|17. GhostBrowser|18. Surfinite|19. Loginways|20. HydraHeaders|21. MASQ Antidetect|22. XPASS|23. Wade Browser|24. VMMask Browser|25. Fingerprint Switcher by Bablosoft (BAS)|26. BitBrowser|27. AntikBrowser|28. MultiBrowser|29. Vision Browser|30. Identory|31. CypherBrowser|32. Mullvad Browser|33. AQUM Browser|What Should I Look At Choosing the Best Anti Fingerprint Browser?,5207,/blog/accovod-vs-gologin|/blog/aezakmi-browser-antbrowser-accovod-browser|/blog/anti-fingerprinting-browser|/blog/aqum-browser-vs-gologin-honest-review|/blog/best-affiliate-marketing-tools|/blog/best-antidetect-browsers|/blog/best-dropshipping-tools|/blog/best-free-antidetect-browser|/blog/best-social-media-management-tools-for-agencies|/blog/best-virtual-browser|/blog/best-vpn-service|/blog/bitbrowser-review|/blog/browser-automation-with-selenium|/blog/browsers-battle-comparison|/blog/buy-facebook-accounts|/blog/che-browser-vs-gologin|/blog/detect-mobile-browser-android|/blog/device-fingerprinting-in-web-scraping|/blog/dolphin-anty-vs-gologin|/blog/fingerprintswitcher-a-worthwhile-alternative-to-anti-detect-browsers|/blog/ghost-browser-alternative|/blog/hydraheaders-browser-tool-review|/blog/lalicat-browser-vs-gologin-honest-review|/blog/lauth-vs-gologin-honest-review|/blog/linken-sphere-browser-alternative-review|/blog/logii-browser-vs-gologin-honest-review|/blog/manage-multiple-google-accounts|/blog/masq-antidetect-vs-gologin-honest-review|/blog/mullvad-browser-review|/blog/mulogin-vs-gologin-honest-review|/blog/multibrowser-review|/blog/multilogin-chrome-browser|/blog/multiple-accounts-on-facebook|/blog/multiple-ebay-accounts|/blog/multiple-social-media-accounts|/blog/surfinite-vs-gologin-honest-review|/blog/tor-browser-alternative|/blog/virtual-machine-vs-anti-detect-browser|/blog/vmmask-anti-detect-browser|/blog/wade-browser-mulogin-loginways-identory|/blog/web-scraping-tools-open-source-dev-kit|/blog/what-is-antidetect-browser|/blog/what-is-fingerprint-browser-top-choices|/blog/xpass-browser-alternative|/blog/yunlark-browser-maskfog-browser-vmmask-browser,2024-01-05
How We Made GoLogin A Better Software In 2023: Update Recap,https://gologin.com/blog/gologin-updates-recap-2023/,general,how we made gologin a better,informational,"1. 49 New App Releases|2. All-New App Interface|3. Dark Theme|4. Quick Side Settings|5. Manage Teamwork In A Few Clicks With Workspaces|6. Mass Profile Operations: Create, Rename, Drag&Drop|7. Profile Name On Taskbar Icon|8. Cloud Profiles In Web App Now Work Up To 10X Faster|9. 100+ New Great Reviews on Capterra and G2 Crowd|10. Apple Pay & Google Pay|11. Our Own Catalogs of Trusted Proxy & Affiliate Networks|12. Buy Gologin Proxies Not Leaving The App|13. Improved Work With Bookmarks & Extensions|14. Default Profile Settings|15. Some Smaller, But Still Important Updates:|Looking Forward To 2024",957,,2024-01-03
An Innovative Option to Bet More With Multiple Bet365 Login,https://gologin.com/blog/multiple-bet365-login/,betting,an innovative option to bet more,informational,How To Run Multiple Bet365 Login Accounts?|How To Run Multiple Bet365 Login With A Multi-Accounting Browser|Frequently Asked Questions About Multiple Bet365 Login|What Are The Limitations Of Bet365 Login?|How Bet365 Traces Your Secondary Accounts?|Create New Accounts|Protect Your Multiple Bet365 Login With VPNs|Buy Separate Devices And Use Proxies For Each Bet365 Account|Use A Multi-Accounting Browser|How Does Gologin Work?|Wrapping Up On Multiple Bet365 Login|In Which Countries Is Bet365 Legal?|Can I Use Bet365 In USA?|How Do I Verify My Bet365 Account?|Can I Withdraw Money From Bet365 Without Verifying My Account?|Does Continuous Bet Winning Get You Banned From Bet365?|Can I Reopen A Closed Bet365 Account?|Can I Use Someone Else's Card On My Bet365 Account?,1950,/blog/technical-comparison-of-the-top-10-residential-proxy-providers|/blog/top-10-mobile-proxy-providers-technical-testing-and-comparison,2023-12-27
Browser Fingerprint Spoofing: How to Prevent Tracking,https://gologin.com/blog/browser-fingerprint-spoofing-how-to-prevent-tracking/,browser-fingerprinting,browser fingerprint spoofing how to prevent,how-to,What is a Browser Fingerprint?|Why Do Websites Collect Browser Fingerprints?|Who Needs Browser Fingerprint Spoofing and Why?|Why Randomizing Browser Fingerprints Can Get You Banned?|How to Avoid Detection Through Browser Fingerprint Masking?|How Gologin Antidetect Flawlessly Masks Your Browser Identity|Frequently Asked Questions|Which Identifiers Make Up Your Browser Fingerprint|E-commerce Sellers and Multi-Store Operators:|Marketing Agencies & Freelancers|Web Scraping and AI Data Collection|Web Testing & Location Based Targeting|Privacy Conscious Users|What is browser fingerprint spoofing?|What is device fingerprint spoofing?|Is changing my IP address enough?|Is browser fingerprint spoofing legal?|What is the safest way to spoof a browser fingerprint?|Can websites detect fingerprint spoofing?,2188,/blog/what-is-timezone-spoofing-avoid-account-bans-safely,2023-12-05
What is a Browser Fingerprint? Guide & Top Protection Tools 2026,https://gologin.com/blog/what-is-fingerprint-browser-top-choices/,browser-fingerprinting,what is a browser fingerprint top,informational,"What is Browser Fingerprinting?|How Does Browser Fingerprinting Work?|Why Do Websites Use Browser Fingerprinting?|Is Browser Fingerprinting Legal?|What is a Fingerprint Browser (Antidetect Browser)?|Regular vs. Privacy vs. Antidetect Browsers: A Comparison|Gologin: The Professional Solution for Fingerprint Management|Full Comparison: Chrome vs. Brave vs. Gologin|How to Protect Yourself from Browser Fingerprinting|Why Use Fingerprint Checkers?|Conclusion|FAQ|Data points websites collect|Passive vs. active fingerprinting|Key fingerprinting techniques|Fraud detection and security|Delivering personalized content|Identifying suspicious and multi-account users|Connecting users across sessions|Under GDPR (European Union)|Under CCPA (California, USA)|Legitimate use cases|How fingerprint browsers work|Regular browsers (Chrome, Edge, Safari)|Privacy-focused browsers (Brave, Firefox, Tor)|Antidetect browsers (Gologin and similar)|Use cases|Browser-level protections|Extensions|VPNs — helpful but limited|Antidetect browsers — the complete solution|Can browser fingerprinting track me in incognito mode?|Is browser fingerprinting the same as device fingerprinting?|How accurate is browser fingerprinting?|Can I check my own browser fingerprint?|Does a VPN prevent browser fingerprinting?|What is the difference between a standard browser and a fingerprint browser?|What is the difference between browser fingerprint, device fingerprint, and digital footprint?|What information is collected in a browser fingerprint?|Can I hide or disable my browser fingerprint?",3162,/blog/best-browser-for-privacy|/blog/guide-to-geolocation-spoofing|/blog/what-is-a-digital-footprint|/blog/what-is-a-webrtc-leak|/blog/what-is-canvas-fingerprinting|/blog/what-is-timezone-spoofing-avoid-account-bans-safely,2023-11-14
What Is an Antidetect Browser? How It Works & Best Uses in 2026,https://gologin.com/blog/what-is-antidetect-browser/,antidetect-browsers,what is an antidetect browser how,informational,How Does Antidetect Browser Work?|Spoofing vs. Blocking: How Modern Fingerprint Mimicry Works|Why Do People Use Antidetects?|Are Antidetects Legal?|Are VPNs or Proxies Not Enough?|Pros & Cons Of Using Antidetect Browsers|Best Antidetect Browser Brands In 2026|How to Choose an Antidetect Browser?|How To Use An Antidetect Browser?|Final Thoughts|FAQ|Antidetect Browser vs. VPN vs. Incognito Mode|Pros:|Cons:|What is an antidetect browser and how does it work?|Is using an antidetect browser legal?|Do I still need a proxy or VPN with an antidetect browser?|Can websites detect or block antidetect browsers? Are they “safe”?|Is this the same as Incognito/Private mode?|What is an antidetect browser and how does it differ from a standard browser?|How do antidetect browsers work to prevent tracking?,2130,/blog/anti-fingerprint-browser-list-2023|/blog/anti-fingerprinting-browser|/blog/best-antidetect-browsers|/blog/best-free-antidetect-browser|/blog/best-virtual-browser|/blog/detect-mobile-browser-android|/blog/device-fingerprinting|/blog/device-fingerprinting-in-web-scraping|/blog/linkedin-multiple-accounts|/blog/multilogin-chrome-browser|/blog/multiple-reddit-accounts|/blog/octo-browser-gologin|/blog/virtual-machine-vs-anti-detect-browser|/blog/what-is-browser-fingerprinting|/blog/what-is-fingerprint-browser-top-choices,2023-11-02
What Is Device Fingerprinting? Complete Technical Guide 2026,https://gologin.com/blog/device-fingerprinting/,browser-fingerprinting,what is device fingerprinting technical,informational,"What Is Device Fingerprinting?|The Three-Hash Architecture: How Enterprise Anti-Fraud Systems Layer Device Analysis|Enterprise Bot Detection & AI Agents in 2026: Behavioral Biometrics + Hardware Fusion|Active Fingerprint Extraction: Annotated JavaScript Implementation|Why Standard Concealment Methods Fail — And What Gologin Does Differently|Summary: The Device Fingerprinting Signal Hierarchy|FAQ|Passive Fingerprinting: Network-Stack Entropy|Active Fingerprinting: Browser API Execution Layer|Layer 2 — The Browser Environment Hash (Semi-Persistent, Medium Spoofability)|Layer 3 — The Hardware Identity Hash (Persistent, Extremely High Spoofability Cost)|The Behavioral Biometrics Engine|The Picasso Method: Hardware Render Verification Challenges|Why Every Common Defense Creates Its Own Fingerprint|The Gologin Orbita Engine: Chromium-Level Entropy Architecture|What is the difference between browser fingerprinting and device fingerprinting?|Can device fingerprinting detect if I am using a VPN?|Read other posts about fingerprinting:",5332,/blog/anti-fingerprint-browser-list-2023|/blog/device-fingerprinting-in-web-scraping|/blog/webgl-canvas-fingerprinting|/blog/what-is-a-digital-footprint|/blog/what-is-browser-fingerprinting|/blog/what-is-canvas-fingerprinting,2023-10-30
Best Tor Browser Alternative for Risk-Free Web Surfing,https://gologin.com/blog/tor-browser-alternative/,competitor-comparison,best tor browser alternative for risk,comparison,Tor - the navigator of the Dark Web|Can I Evade Browser Fingerprinting After All?|Gologin: a risk-free Tor browser alternative|Gologin security features|Key business use cases for Gologin|Capping it off,1343,/blog/anti-fingerprinting-browser|/blog/antidetect-browsers-use-cases|/blog/best-dropshipping-tools|/blog/best-secure-browsers|/blog/multiple-accounts-on-facebook|/blog/what-is-fingerprint-browser-top-choices,2023-10-09
"Workspaces, Dark Theme and Orbita 115: what's new in GoLogin",https://gologin.com/blog/product-and-company-updates/workspaces-dark-theme-orbita-115/,product-updates,workspaces dark theme and orbita 115,informational,1. Manage teamwork with only a few clicks - meet the all-new Workspaces!|2. Keep your eyes relaxed with Dark theme|3. Improve your browsing safety with the new Orbita 115 browser core|⚡Limited Time Offer: get 1 month of Gologin subscription for free!,415,,2023-09-13
Why a mobile Antidetect Browser for Android may be the future | Update 2023,https://gologin.com/blog/detect-mobile-browser-android/,antidetect-browsers,why a mobile antidetect browser for,informational,Mobile vs. Desktop Usage|What’s the point?|Mobile Anti-Detect Browsing Is Coming|Gologin Mobile App|What is the AntiDetect Browser for Android?|How does the AntiDetect Browser for Android work?|Is the AntiDetect Browser for Android legal?|What are the limitations of the AntiDetect Browser for Android?|FAQ,1947,/blog/anti-fingerprint-browser-list-2023|/blog/anti-fingerprinting-browser|/blog/best-antidetect-browser-for-android|/blog/best-antidetect-browsers|/blog/best-free-antidetect-browser|/blog/device-fingerprinting-in-web-scraping|/blog/manage-multiple-google-accounts|/blog/multiple-tiktok-accounts|/blog/proxy-vs-vpn-vs-antidetect|/blog/virtual-machine-vs-anti-detect-browser|/blog/what-is-antidetect-browser|/blog/what-is-fingerprint-browser-top-choices,2023-09-01
"Orbita 114, New Side Settings and more: what's new in GoLogin",https://gologin.com/blog/gologin-august-2023-updates/,product-updates,orbita 114 new side settings and,informational,1. Improve your browsing safety with the new Orbita 114 browser core|2. Save your time managing Bookmarks and Extensions in Side Settings|3. Transfer profiles from Dolphin Anty with only a couple clicks|4. Pay for subscription faster with Google Pay and Apple Pay|5. More advanced fingerprint setup with new CPU Threads options|6. Stay focused with Automatic Language option for all new profiles|⚡Limited Time Offer: get 1 month of Gologin subscription for free!,577,,2023-08-16
"New Side Settings, Automatic Geo and more: what's new in GoLogin",https://gologin.com/blog/updates-june-2023/,general,new side settings automatic geo and,informational,"1. Adjust profiles quicker with new Side Settings ⚡️|2. Focus on work: Timezone, Geo and Language will adjust automatically ⚡️|3. Better target and search results with City choice in Geolocation ⚡️|4. Set up Default Profile Bookmarks ⚡️|5. Manage Bookmarks in multiple profiles at a time ⚡️|6. Manage Folders easier with a new clean UI ⚡️|7. Orbita version column now available in the Profiles table ⚡️|8. NPM update ⚡️",412,,2023-07-05
Web Scraping Instagram with Python: Pro Scraper's Guide + Code,https://gologin.com/blog/web-scraping-instagram-with-python/,web-scraping,web scraping instagram with python pro,informational,Benefits of Web Scraping Instagram|Installing and Setting up Gologin|Setting up the Python Environment|Using Python with Gologin for web scraping Instagram:|How to Download Data from Instagram using Python and Gologin:|Analyzing and storing the scraped data|Best practices for web scraping Instagram:|Frequently Asked Questions|Is it possible to web scrape Instagram?|How can I scrape Instagram data for free?|How do I scrape Instagram in 2023?|How do you scrape Instagram without being blocked?|How Gologin Browser Is Used For Scraping|Necessary configurations to optimize web scraping Instagram|Advantages of Python for web scraping Instagram:|Advantages of Gologin for web scraping Instagram|Configuring Gologin for Instagram scraping:|References:,3009,/blog/multiple-social-media-accounts|/blog/scraping-data-from-linkedin|/blog/web-scraping-facebook|/blog/web-scraping-reddit|/blog/web-scraping-twitter-with-python|/blog/web-scraping-youtube|/blog/what-is-timezone-spoofing-avoid-account-bans-safely|/blog/zillow-web-scraping,2023-05-24
Device Fingerprinting Explainer: Why It Matters for Web Scraping,https://gologin.com/blog/device-fingerprinting-in-web-scraping/,browser-fingerprinting,device fingerprinting explainer why it matters,informational,How to mask your fingerprint|How a device fingerprint is collected?|Device Fingerprinting and privacy concerns|Connection layer|Browser layer fingerprint|Final remarks on Device Fingerprinting|References:,1610,/blog/anti-fingerprint-browser-list-2023|/blog/anti-fingerprinting-browser|/blog/best-anti-detect-browsers-for-web-scraping|/blog/best-antidetect-browsers|/blog/best-free-antidetect-browser|/blog/detect-mobile-browser-android|/blog/device-fingerprinting|/blog/virtual-machine-vs-anti-detect-browser|/blog/webgl-canvas-fingerprinting|/blog/what-is-antidetect-browser|/blog/what-is-canvas-fingerprinting|/blog/what-is-fingerprint-browser-top-choices,2023-05-23
The Future of Web Scraping Projects: Data-Driven Decision Making,https://gologin.com/blog/web-scraping-projects-future/,web-scraping,the future of web scraping projects,informational,The Growing Importance of Data-Driven Decision-Making|Emerging Trends in Web Scraping Projects|Legal and Ethical Considerations|The Future of Web Scraping: Opportunities and Challenges|Conclusion|Frequently Asked Questions|What are good web scraping projects?|How do I create a web scraping project?|How to do a web scraping project in Python?|How do I run a Python project source code?|Integration of AI/ML|Real-Time Web Scraping and Data Streaming|The Rise of No-Code and Low-Code Web Scraping Solutions|References:,2170,/blog/best-anti-detect-browsers-for-web-scraping|/blog/how-to-easily-share-your-chatgpt-account|/blog/linkedin-multiple-accounts|/blog/web-scraping-101|/blog/web-scraping-common-challenges|/blog/web-scraping-tools-services|/blog/web-scraping-with-python|/blog/what-is-fingerprint-browser-top-choices,2023-05-21
WebGL & Canvas Fingerprinting: Sneak Peek on Noise Algorithms,https://gologin.com/blog/webgl-canvas-fingerprinting/,browser-fingerprinting,webgl canvas fingerprinting sneak peek on,informational,Read other posts about fingerprinting:|References:,641,/blog/anti-fingerprint-browser-list-2023|/blog/anti-fingerprinting-browser|/blog/device-fingerprinting|/blog/device-fingerprinting-in-web-scraping|/blog/ultimate-guide-to-webgl-fingerprint|/blog/what-is-a-digital-footprint|/blog/what-is-browser-fingerprinting|/blog/what-is-canvas-fingerprinting,2023-05-19
Zillow Web Scraping with Python: Pro Scraper's Guide + Code,https://gologin.com/blog/zillow-web-scraping/,web-scraping,zillow web scraping with python pro,informational,What Is Web Scraping?|What Is Gologin?|How Gologin Helps Developers?|Using Selenium for Web Scraping|How to set up and use Gologin for web scraping?|Zillow Web Scraping with Python|Extracting Property Details Given A Unique ZPID|Tips And Best Practices For Zillow Web Scraping|Conclusion|FAQ|Does Zillow allow web scraping?|How do I use a web scraper on Zillow?|How do I scrape a website on Zillow using Python?|Can you download Zillow data into Excel?|Set Up Selenium On Your Computer|Importing Driver,2864,/blog/15-best-scraping-browsers-tools|/blog/best-anti-detect-browsers-for-web-scraping|/blog/multiple-zillow-agent-login|/blog/scraping-data-from-linkedin|/blog/web-scraping-facebook|/blog/web-scraping-reddit|/blog/web-scraping-tools-services|/blog/web-scraping-twitter-with-python|/blog/web-scraping-youtube|/blog/zillow-account-suspended,2023-05-16
Advanced Web Scraping Techniques & Tools : Tips for Success,https://gologin.com/blog/web-scraping-tools-techniques/,web-scraping,advanced web scraping techniques tools tips,informational,Advanced Web Scraping Techniques|Scraping JavaScript – Complex Websites|Scraping Websites With Infinite Scrolling|Tips for Successful Web Scraping techniques|FAQ|What are web scraping techniques?|Which tools are used for web scraping?|Can you get banned for web scraping?|What is an example of web scraping?|What are the different methods used for web scraping in Python?|Ethical Web Scraping Practices|The Gologin API|Tips for Finding and Using APIs Provided by Websites or Third-Party Services|Conclusion,3357,/blog/15-best-scraping-browsers-tools|/blog/web-scraping-101|/blog/web-scraping-common-challenges|/blog/web-scraping-with-python,2023-05-14
What Is Web Scraping in 2023: Real World Examples,https://gologin.com/blog/what-is-web-scraping-examples-2023/,web-scraping,what is web scraping in 2023,informational,What Is Web Scraping for Price Monitoring and Comparison|Market Research and Competitor Analysis|Sentiment Analysis and Social Media Monitoring|Job Aggregation and Talent Sourcing|News Aggregation and Content Curation|Other Notable Use Cases and Examples|Conclusion on What Is Web Scraping in 2023|Lead Generation|Academic Research|Real Estate|Stock Market Analysis|Machine Learning and Artificial Intelligence,1959,/blog/best-anti-detect-browsers-for-web-scraping|/blog/scraping-data-from-linkedin|/blog/web-scraping-101|/blog/web-scraping-common-challenges|/blog/web-scraping-tools-services|/blog/web-scraping-with-python,2023-05-12
5 Things We Made Better For You in GoLogin Last Month,https://gologin.com/blog/updates-in-gologin-apr-2023/,general,5 things we made better for,informational,What Is Web Scraping for Price Monitoring and Comparison|Market Research and Competitor Analysis|Sentiment Analysis and Social Media Monitoring|Job Aggregation and Talent Sourcing|News Aggregation and Content Curation|Other Notable Use Cases and Examples|Conclusion on What Is Web Scraping in 2023|Lead Generation|Academic Research|Real Estate|Stock Market Analysis|Machine Learning and Artificial Intelligence,2523,/blog/scraping-data-from-linkedin|/blog/web-scraping-101|/blog/web-scraping-common-challenges|/blog/web-scraping-tools-services|/blog/web-scraping-with-python,2023-05-03
Web Scraping In Real World: Common Challenges and Use Cases,https://gologin.com/blog/web-scraping-common-challenges/,web-scraping,web scraping in real world common,informational,Common Challenges in Web Scraping|Web Scraping Use Cases|Conclusion|1. Dynamic Content|2. Captchas and anti-bot measures|3. Rate limiting and IP blocking,2549,/blog/best-anti-detect-browsers-for-web-scraping|/blog/web-scraping-101|/blog/web-scraping-facebook|/blog/web-scraping-instagram-with-python|/blog/web-scraping-tools-services|/blog/web-scraping-twitter-with-python|/blog/web-scraping-with-python|/blog/what-is-fingerprint-browser-top-choices,2023-05-02
Web Scraping Facebook with Python: Pro Scraper's Guide + Code,https://gologin.com/blog/web-scraping-facebook/,web-scraping,web scraping facebook with python pro,informational,How to make use of web scraping Facebook?|Legal and ethical considerations of web scraping Facebook data|Using Gologin for Web Scraping Facebook|Setting up the Python Environment|Python libraries for web scraping Facebook|Creating a Facebook scraper using Python|Handling Facebook's login and authentication using Gologin|Tips for optimizing web scraping Facebook performance and avoiding detection|FAQ|Installing and Setting up Gologin|Opening Facebook in Chrome Browser|Entering login credentials|Entering password and clicking login button|Navigating to the Friends tab|Retrieving the user's friend list|Storing and analyzing scraped Facebook data|Is it possible to web scrape Facebook?|Is scraping Facebook Marketplace legal?|Can I scrape Facebook with Python?|How do I scrape Facebook with Scrapy?|How do you make a Facebook scraper?,2742,/blog/15-best-scraping-browsers-tools|/blog/buy-facebook-accounts|/blog/multiple-social-media-accounts|/blog/scraping-data-from-linkedin|/blog/web-scraping-reddit|/blog/web-scraping-twitter-with-python|/blog/web-scraping-youtube,2023-05-01
Best Web Scraping Tools and Services: A Comprehensive Review 2023,https://gologin.com/blog/web-scraping-tools-services/,web-scraping,best web scraping tools and services,commercial,Factors to Consider When Choosing Web Scraping Tools or Services|Review of Top Web Scraping Tools|Other Web Scraping Tools|Review of Top Web Scraping Services|Other Web Scraping Services|Tips for Choosing the Right Web Scraping Tools or Services|Conclusion|FAQ|Which tools are used for web scraping?|What is the most popular web scraping tool?|What is web scraping best used for?|Can you get banned for web scraping?|What are web scraping services?|Ease of Use|Scalability|Data Quality and Accuracy|Speed and Performance|Cost and Pricing Models|Support and Documentation|Beautiful Soup|Scrapy|Selenium|Puppeteer|Apify|ScrapingBee|Playwright|Gologin|Import.io|Octoparse|ParseHub|WebHarvy|Scraper API|Diffbot|Zyte|References to sources:,3699,/blog/15-best-scraping-browsers-tools|/blog/best-anti-detect-browsers-for-web-scraping|/blog/web-scraping-101|/blog/web-scraping-with-python|/blog/what-is-fingerprint-browser-top-choices,2023-04-27
Web Scraping Youtube with Python: Pro Scraper's Guide + Code,https://gologin.com/blog/web-scraping-youtube/,web-scraping,web scraping youtube with python pro,informational,What Is Web Scraping?|Tips And Best Practices For Web Scraping Youtube|Conclusion|Can You Actually Do Web Scraping For Money?|What Is Gologin?|How Gologin Helps Developers?|Using Selenium for Web Scraping Youtube on Windows|How to set up and use Gologin for web scraping Youtube?|Web Scraping Youtube Steps (without Gologin)|Web Scraping Youtube Using Gologin|Youtube Scraping Policy x Gologin,3081,/blog/15-best-scraping-browsers-tools|/blog/how-to-run-multiple-youtube-accounts|/blog/scraping-data-from-linkedin|/blog/web-scraping-reddit|/blog/web-scraping-tools-techniques|/blog/web-scraping-twitter-with-python,2023-04-06
Web Scraping Reddit with Python: A Complete Guide With Code,https://gologin.com/blog/web-scraping-reddit/,web-scraping,web scraping reddit with python a,informational,What Is Web Scraping?|Why Web Scraping Reddit Is Worth Attention|What Is Gologin?|How Gologin Helps Developers|Using Selenium for Web Scraping Reddit on Windows|Set Up Selenium On Your Computer|How to set up and use Gologin for web scraping Reddit?|Web Scraping Reddit - Step By Step (without Gologin)|Saving the scraped data|Web Scraping Reddit Using Gologin|Tips And Best Practices For Web Scraping Reddit|Conclusion|FAQ|Does Reddit allow web scraping?|How do I scrape a subreddit?|How do I scrape data from Reddit using Python?,2657,/blog/15-best-scraping-browsers-tools|/blog/best-secure-browsers|/blog/buy-reddit-accounts|/blog/multiple-reddit-accounts|/blog/scraping-data-from-linkedin|/blog/web-scraping-with-python,2023-03-23
Updates in GoLogin and Orbita Browser: March 2023,https://gologin.com/blog/updates-march-2023/,product-updates,updates in gologin and orbita browser,informational,"⚡️March Updates of Gologin and Orbita:|Other smaller, but no less important updates:",289,,2023-03-22
"Web Scraping 101: Tools, Techniques, and Best Practices",https://gologin.com/blog/web-scraping-101/,web-scraping,web scraping 101 tools techniques and,commercial,Overview Of Popular Web Scraping Tools|Overview of Popular Web Scraping Techniques|Comparison of Different Web Scraping Tools and Technologies|Best Practices for Web Scraping|Common Mistakes to Avoid in Web Scraping|Use Cases and Examples of Web Scraping|What is Web Scraping?|1) Beautiful Soup|2) Scrapy|3) Selenium|4) Octoparse|Techniques for Maintaining Data Quality in Web Scraping|Be Respectful with the Robots.txt File|Off-Peak Hour Scraping|Taking Responsibility for the Data|Data Warehousing|Rotating IPs and Proxy Services|How to Manage Your Web Scraping Project?|Conclusion,3201,/blog/scraping-data-from-linkedin|/blog/web-scraping-reddit|/blog/web-scraping-service-cloudflare-bypass|/blog/web-scraping-tools-services|/blog/web-scraping-with-python|/blog/what-is-canvas-fingerprinting,2023-03-20
Web Scraping Proxy: How I've Built Mobile Station At Home,https://gologin.com/blog/building-own-web-scraping-proxy/,proxies,web scraping proxy how i 039,informational,"Why I Needed a Mobile Web Scraping Proxy?|Building a Mobile Proxy, The Nerdish Way|Web Scraping Proxy: The Easy Way|Pros and Cons versus Commercial Alternatives|What Is a Mobile Proxy?|How a Mobile IP Works|Why Web Scraping Proxy Matters|Hardware|Software|Final Results|Costs|IPs Number|Scalability|Future experiments",1397,/blog/multiple-amazon-accounts|/blog/top-10-mobile-proxy-providers-technical-testing-and-comparison|/blog/web-scraping-service-cloudflare-bypass,2023-03-16
Data Scraping Benchmark: The Costs Are Rising Fast,https://gologin.com/blog/rising-costs-of-data-scraping/,web-scraping,data scraping benchmark the costs are,informational,Data Scraping Tech: Micro-Sized Virtual Machines|Medium-Sized Virtual Machines|Storage Pricing|Proxy Services|Takeaways On Data Scraping|A Few Scattered Notations,986,,2023-03-09
How I Bypassed Cloudflare With These Best Web Scraping Tools,https://gologin.com/blog/best-web-scraping-tools-bypassing-cloudflare/,web-scraping,how i bypassed cloudflare with these,how-to,What is Cloudflare|Undetected Chromedriver|Playwright|Conclusions: Are There Best Web Scraping Tools?,710,/blog/automated-web-scraping-bot-matrix|/blog/web-scraping-cloudflare-bypass|/blog/web-scraping-service-cloudflare-bypass,2023-03-08
New Web Scraping Tools To Check Out: Antidetect Browsers,https://gologin.com/blog/web-scraping-tools-antidetect/,web-scraping,new web scraping tools to check,informational,Antidetect browsers as web scraping tools?|Key takeaways|Gologin|Gologin vs Playwright Chromium|Incogniton|Octo Browser|VMLogin|Kameleo,868,/blog/15-best-scraping-browsers-tools|/blog/anti-fingerprinting-browser|/blog/best-anti-detect-browsers-for-web-scraping|/blog/best-free-antidetect-browser|/blog/best-virtual-browser|/blog/incogniton-vs-gologin|/blog/kameleo-browser-alternative-review|/blog/octo-browser-gologin|/blog/using-selenium-with-gologin|/blog/web-scraping-tools-services|/blog/what-is-antidetect-browser,2023-03-06
Web Scraping Companies Scaling: High Level Work Principles,https://gologin.com/blog/scaling-web-scraping-companies/,web-scraping,web scraping companies scaling high level,informational,From Zero to Two Billion Prices Scraped Per Month|Think Big From The Start|KISS|Standardize|LEGO Processes|Keep an Eye on Everything|Final Takeaways On Scaling Web Scraping Companies,1382,,2023-03-03
What's Web Scraping Proxy And How To Choose Right One?,https://gologin.com/blog/web-scraping-proxy/,proxies,what 039 s web scraping proxy,how-to,What is IP Address and How It Works|What Is Rayobyte|Web Scraping Proxy Diversity Is Key|Diversity Example|Web Scraping Proxy IPs Have a Reputation,797,,2023-03-03
Scrapy Playwright Crash Test: Is Tool Evolution Finally Killing It?,https://gologin.com/blog/scraping-data-from-website-becoming-harder/,web-scraping,scrapy playwright crash test is tool,informational,Rising Costs and Difficulties: Scrapy Playwright Is Losing It?|What Is &#8220;Active Fingerprinting&#8221;?|Implications for Scraping Data From Websites|Assessment: Who Is a Real User?|Let's Start With The Tests|Final thoughts on Scrapy Playwright and Browser Fingerprinting|Baseline|First Run - Plain Playwright with Chromium|Second Run - Scrapy Playwright with Chrome|Third run - Scrapy Playwright with Playwright Stealth,1427,/blog/anti-fingerprinting-browser|/blog/what-is-canvas-fingerprinting,2023-03-02
Selenium vs Playwright: Automated Web Scraping Battle,https://gologin.com/blog/selenium-vs-playwright/,web-scraping,selenium vs playwright automated web scraping,comparison,A Bit Of Context|What is Selenium|What is Playwright|Selenium vs Playwright: Features|Selenium vs Playwright: Speed|Selenium vs Playwright: Performance|My Two Cents On Automated Web Scraping,1197,,2023-03-02
Web Scraping Services: I Scraped An App with Fiddler Everywhere,https://gologin.com/blog/web-scraping-services-fiddler/,web-scraping,web scraping services i scraped an,informational,Why Scrape Data From an App?|How Fiddler Everywhere Works|Start Scraping From an App: A Real Case,764,/blog/web-scraping-tools-services,2023-03-02
Web Scraping With Python: Create Your First Python Scraper,https://gologin.com/blog/web-scraping-with-python-your-first-scraper/,web-scraping,web scraping with python create your,informational,What is Scrapy|Installation|Target Analysis|Creating the Scrapy project|items.py|settings.py|Creating The Spider|Requesting The Items,1767,/blog/15-best-scraping-browsers-tools|/blog/best-anti-detect-browsers-for-web-scraping|/blog/web-scraping-with-python,2023-03-02
Automated Web Scraping Use Case: The Antidetect Anti-Bot Matrix,https://gologin.com/blog/automated-web-scraping-bot-matrix/,web-scraping,automated web scraping use case the,informational,Automated Web Scraping Landscape|The Chosen Tools|The Tested Antibots|Selenium|Undetected Chromedriver|Playwright|Pyppeteer|Cloudflare|PerimeterX|Datadome|Kasada|F5|Automated Web Scraping: Test Results,1013,/blog/web-scraping-service-cloudflare-bypass,2023-02-27
Updates in GoLogin and Orbita Browser: what's new?,https://gologin.com/blog/gologin-orbita-updates/,product-updates,updates in gologin and orbita browser,informational,⚡️ Gologin 3.2.10 Jupiter (2023/02/21)|⚡️ Orbita Browser 109,289,,2023-02-22
"Using Antidetect Browser: Taking Advantages, Avoiding Risks",https://gologin.com/blog/antidetect-browser-advantages-risks/,antidetect-browsers,using antidetect browser taking advantages avoiding,informational,Anonymity Benefits|Practical Tips: Using Antidetect Browser With No Risks|Unethical and dangerous activities|Don’t Miss Out,1245,/blog/anonymous-web-browser|/blog/anti-fingerprint-browser-list-2023|/blog/antidetect-browsers-use-cases|/blog/best-antidetect-browsers|/blog/what-is-canvas-fingerprinting,2023-02-16
Use Cases For Antidetect Browser In Modern Business,https://gologin.com/blog/antidetect-browsers-use-cases/,antidetect-browsers,use cases for antidetect browser in,informational,1. Social Media Agencies|2. Affiliate Marketing|3. E-Commerce Store Management|4. Dropshipping|5. Advertising Management|6. Web Scraping|7. Web Testing|8. Crypto Enthusiasts|A Conclusion: There Is More To Come|Multiaccounting For Business|How It Works|Technical Background: Flying Under The Radar|Diversifying Range|Promoting The Store Faster Than Others|Next Level Price Comparison|Account Farming|Ethical Considerations Of Farming|Ethical Considerations Of Scraping|Saving Resources|Emulating Parameters Quicker|Multiaccounting For Crypto,3049,/blog/anonymous-web-browser|/blog/best-dropshipping-tools|/blog/what-is-fingerprint-browser-top-choices,2023-02-09
New Proxy Manager: one-click proxy import + other updates,https://gologin.com/blog/new-proxy-manager-one-click-proxy-import-and-more/,proxies,new proxy manager one click proxy,informational,Add proxies with one click|Mass select and delete proxies|Change mobile proxy IP,244,,2023-02-06
Cookie Import and Export: What It Is + Top 5 Best Tools,https://gologin.com/blog/cookie-import-export/,general,cookie import and export what it,commercial,Conclusion,2488,/blog/best-cookie-editor,2022-08-03
GoLogin 2.1.8 Venus — Bulk Proxy Import & Masking Client Rects,https://gologin.com/blog/meet-gologin-2-1-8/,proxies,gologin 2 1 8 venus bulk,informational,Bulk Proxy Import|Orbita 97 Chromium|Masking Client Rects|What's next?,315,,2022-02-04
Meet GoLogin 2.1.7 — Human Typing Emulation and something else...,https://gologin.com/blog/meet-gologin-2-1-7/,general,meet gologin 2 1 7 human,informational,Launch & Stop Profiles In Bulk|Human Typing Emulation|What's next?,348,,2022-02-03
Account Warming Up: A Need or A Whim?,https://gologin.com/blog/account-warming-up/,general,account warming up a need or,informational,Does Account Warming Up Really Make a Difference?|Do Less With GoLess,1212,/blog/anti-fingerprinting-browser|/blog/best-dropshipping-tools|/blog/buy-ebay-seller-accounts|/blog/datacenter-proxies-vs-residential-proxies|/blog/manage-multiple-google-accounts|/blog/multiple-accounts-on-facebook|/blog/why-information-security-is-important,2022-01-13
TOP 10 GoLogin features from 2021,https://gologin.com/blog/top-10-gologin-features-from-2021/,general,top 10 gologin features from 2021,commercial,Quick settings|Proxy Insertion|Profile Transfer|Pin Profiles|Android fingerprint support|Saving and restoring sessions|Multiple Start Pages|Profiles Import|Proxy Manager|TOP 10 Gologin features from 2022,827,/blog/anti-fingerprinting-browser,2021-12-31
Is VPN Good Or Bad? Check Your Digital Fingerprint Anonymity,https://gologin.com/blog/is-vpn-good-or-bad/,browser-fingerprinting,is vpn good or bad check,informational,"All the pros aside, is it a good anonymization tool, after all?|Why Are VPNs Bad?|How Can I Hide My Digital Fingerprint?",1635,/blog/anti-fingerprinting-browser|/blog/proxy-vs-vpn-vs-antidetect|/blog/what-does-a-vpn-hide|/blog/what-is-canvas-fingerprinting,2021-11-16
"What Is MAC Address Hiding, and Should I Do It?",https://gologin.com/blog/what-is-mac-address-hiding/,browser-fingerprinting,what is mac address hiding and,informational,"What is the MAC address?|Can Anybody Obtain My Mac Address?|Hey! But What About That TikTok Controversy?|So, Do I Have To Worry About My MAC Address?",1053,/blog/manage-multiple-google-accounts,2021-10-22
Virtual Machine vs. Anti-Detect Browser,https://gologin.com/blog/virtual-machine-vs-anti-detect-browser/,competitor-comparison,virtual machine vs anti detect browser,comparison,What Is a Virtual Machine?|RDP vs. VNC vs. Anti-Detect Browser|FraudFox vs. Anti-Detect Browser|Can I Use Gologin on a Virtual Machine?,1248,/blog/anti-fingerprint-browser-list-2023|/blog/anti-fingerprinting-browser|/blog/best-antidetect-browsers|/blog/best-free-antidetect-browser|/blog/detect-mobile-browser-android|/blog/device-fingerprinting-in-web-scraping|/blog/fraudfox-browser-alternative|/blog/truly-anonymous-browsing|/blog/what-is-antidetect-browser|/blog/what-is-fingerprint-browser-top-choices,2021-09-28
Browser automation with Selenium: a quick guide on code,https://gologin.com/blog/browser-automation-with-selenium/,web-scraping,browser automation with selenium a quick,informational,,413,/blog/cookie-import-export,2021-09-16
"What Does VPN Hide, And Is Your Data Completely Safe?",https://gologin.com/blog/what-does-a-vpn-hide/,privacy,what does vpn hide and is,informational,Your IP and Geolocation|Your Personal Data|Itself|Does a VPN Get Along With Gologin?,1799,/blog/proxy-vs-vpn-vs-antidetect,2021-08-26
How To Choose And Rent a Proxy: To Each His Own,https://gologin.com/blog/rent-a-proxy-to-each-his-own/,proxies,how to choose and rent a,how-to,"Looking to rent a proxy for Facebook? Amazon? Instagram? Shopify?..|Facebook – No Reason In The World For You To Roam|Amazon – Spin It Right ‘Round, Baby!|Gaming & Gambling – Make Your Bet On The Best Proxy|Shopify & eBay – Just Like Amazon|Instagram – Say “Cheese” To Multi-Accounting",1803,/blog/best-anti-detect-browsers-for-web-scraping|/blog/best-dropshipping-tools|/blog/datacenter-proxies-vs-residential-proxies|/blog/http-vs-socks|/blog/proxy-vs-vpn-vs-antidetect|/blog/technical-comparison-of-the-top-10-residential-proxy-providers,2021-08-13
Facebook Ad Account Disabled: Here's What To Do | GoLogin.com,https://gologin.com/blog/facebook-ad-account-is-disabled/,multi-accounting,facebook ad account disabled here 039,troubleshooting,Disapproved Ads vs. Disabled Ads Account|Why Can't You Access Your Advertising Account?|What Happens When Your Facebook Ads Account is Disabled?|Why is Facebook Ad Account Disabled?|Facebook Ad Account Disabled: What To Do|How Long Will It Take to Recover a Disabled Ads Account?|What If Facebook Rejects The Appeals and Reviews?|How To Protect Your Facebook Ads Account|Summary|(a) Your Personal Account is Blocked|(b) The Ads Account is Disabled|1. Ads That Go Against Facebook Terms of Service|2. Ads that Violate Facebook's Advertising Policies|3. Ads that Attract Negative User Feedback|4. Large Volumes of Disapproved Ads|5. Spending Exorbitantly|6. Logging in from Different IP Addresses|7. Not Limiting Access to your Ads Account|8. Using the Same Payment Method for Multiple Ad Accounts|9. Landing Pages with Unclear Intentions|10. Inconsistent Payment Issues|1. Appeal By Requesting a Review|2. Use the Live Chat Support Feature|3. Consult a Facebook Account Executive|1. Grasp Facebook Ads Policies|2. Serve Quality Ads|3. Avoid Payment Issues|4. Be Careful with Access|5. Launch Ads from One IP address,2985,/blog/facebook-ad-account-disabled|/blog/how-to-avoid-ip-blocking|/blog/multiple-quora-accounts,2021-06-10
Top 6+1 Web Browsers for PC,https://gologin.com/blog/top-web-browsers-for-pc/,general,top 6 1 web browsers for,commercial,"1browser - the best browser for managing multiple accounts|Opera – the Best Companion for a Geek|Mozilla Firefox – Privacy & Security First|Edge – the Promising Internet Explorer’s Offspring|Safari – User-Friendly, But Only To Apple’s Consumers|Google Chrome – The Most Universal Browser|Orbita – Chrome: Take the Best, Throw the Rest",956,/blog/best-secure-browsers|/blog/buy-facebook-accounts|/blog/meet-the-new-antidetect-browser-orbita|/blog/truly-anonymous-browsing,2021-06-10
Datacenter Proxies vs. Residential Proxies: The Differences Explained,https://gologin.com/blog/datacenter-proxies-vs-residential-proxies/,proxies,datacenter proxies vs residential proxies the,comparison,What are Proxies?|Datacenter Proxies|Residential Proxies|Are Residential Proxies Better than Datacenter Proxies and Why?|Which Proxies Should You Choose?|What Are Datacenter Proxies and When You Should Use Them?|Free vs. Paid Datacenter Proxies|How Datacenter Proxies Work|Applications of Datacenter Proxies|How to Create Datacenter Proxies|Advantages of Datacenter Proxies|Disadvantages of Datacenter Proxies|What Are Residential Proxies and When You Should Use Them?|Free vs. Paid Residential Proxies|How Residential Proxies Work|Applications of Residential Proxies|How to Create Residential Proxies|Advantages of Residential Proxies,2247,/blog/http-vs-socks|/blog/multiple-social-media-accounts|/blog/top-7-tips-how-to-bypass-ip-ban,2021-05-09
Proxy vs. VPN vs. Antidetect-Browser,https://gologin.com/blog/proxy-vs-vpn-vs-antidetect/,proxies,proxy vs vpn vs antidetect browser,comparison,Proxy|VPN|Anti-Detect Browser|Conclusion|Pros|Cons,2004,/blog/best-dropshipping-tools|/blog/buy-reddit-accounts|/blog/truly-anonymous-browsing|/blog/what-is-canvas-fingerprinting,2021-05-05
What is the Difference Between HTTP Proxy vs. SOCKS Proxy?,https://gologin.com/blog/http-vs-socks/,proxies,what is the difference between http,comparison,What are Proxies?|How Do Proxies Work?|Proxies vs. VPNs|Types of Proxies|About HTTP/HTTPS Proxy|Applications of HTTP/HTTPS Proxies|About SOCKS Proxy|HTTP Proxy vs. SOCKS Proxy|Wrapping Up|1. Functionality|2. Speed and Performance|3. Online Security and Privacy|4. Compatibility,2197,/blog/truly-anonymous-browsing|/blog/what-is-an-ip-leak|/blog/why-information-security-is-important,2021-04-08
Launching a mobile browser in Gologin,https://gologin.com/blog/launching-a-mobile-browser-in-gologin/,general,launching a mobile browser in gologin,informational,,180,,2021-03-31
Integration of proxy services with Gologin,https://gologin.com/blog/gologin-integration/,proxies,integration of proxy services with gologin,informational,Integration of Oxylabs into Gologin|Gologin Proxy-Solutions Integration|Pricing Plans:|Smartproxy|Pricing plans:|proxy-sale.com|LTEBOOST.COM|How to Set-up Proxies with Gologin - The Social Proxy|How to Use Proxy in Gologin|SOAX How to connect to proxies via the Gologin browser?|How to integrate SSL Private Proxy into Gologin|Integration of Proxys.io into Gologin|How to integrate PrivateProxy.me into Gologin|Integration of Proxy-n-VPN into Gologin|Integration of 911 S5 Proxy into Gologin|Integration of NetNut into Gologin|Integration of GeoSurf into Gologin,3485,/blog/top-10-mobile-proxy-providers-technical-testing-and-comparison,2021-03-29
Top-7 Tips How to Bypass IP Ban. Why avoid IP tracking?,https://gologin.com/blog/top-7-tips-how-to-bypass-ip-ban/,general,top 7 tips how to bypass,how-to,"Why avoid IP tracking?|What is IP?|How to bypass IP ban?|Conclusion|1. Proxy, SOCKS|2. VPN (Virtual Private Network)|3. TOR|4. SSH tunneling|5. JAP|6. P2P anonymizers|7. Anti-detect browsers",2612,,2021-03-09
5 Reasons Why Information Security Matters To Your Business,https://gologin.com/blog/why-information-security-is-important/,privacy,5 reasons why information security matters,informational,Why information security?|What Does Information Security Guard?|Main Types of Confidential Information|Types of Information|Briefly About Information Security|Don't Cheap Out Protecting Your Business Assets|TOP 5 Information Security Threats|Conclusion|Malware|Phishing|Ransomware|Internal threats|Cloud Vulnerability,2151,/blog/truly-anonymous-browsing,2021-01-28
Truly Anonymous Browsing: Top Ways to Hide Your Identity Online,https://gologin.com/blog/truly-anonymous-browsing/,privacy,truly anonymous browsing top ways to,informational,How to hide your identity?|Incognito mode|What incognito mode allows you to hide|What information will incognito mode not hide?|How to launch a window in incognito mode|Tor Browser|Temp mail|Anonymous payment systems|How to pay anonymously?|VPN|Proxy|Antidetect browser Gologin,2276,/blog/is-vpn-good-or-bad|/blog/logii-browser-vs-gologin-honest-review|/blog/what-does-a-vpn-hide,2021-01-18
Using Selenium Python with GoLogin,https://gologin.com/blog/using-selenium-with-gologin/,web-scraping,using selenium python with gologin,informational,Selenium and Puppeteer Automation,495,,2020-12-29
Frequently Asked Questions - Most popular user’s questions.,https://gologin.com/blog/frequently-asked-questions/,general,frequently asked questions most popular user,informational,,2781,/blog/cookie-import-export|/blog/what-is-antidetect-browser|/blog/what-is-timezone-spoofing-avoid-account-bans-safely,2020-02-07
How to Avoid IP Blocking?,https://gologin.com/blog/how-to-avoid-ip-blocking/,general,how to avoid ip blocking,how-to,,505,/blog/anti-fingerprinting-browser|/blog/guide-to-geolocation-spoofing|/blog/top-7-tips-how-to-bypass-ip-ban,2020-01-18
Meet the New Antidetect Browser Orbita!,https://gologin.com/blog/meet-the-new-antidetect-browser-orbita/,product-updates,meet the new antidetect browser orbita,informational,,345,,2019-12-30
